01_System_Resources/AMD_ROCm/7.2.1/selected-debs/comgr_3.0.0.70201-81~24.04_amd64.deb: OK
01_System_Resources/AMD_ROCm/7.2.1/selected-debs/hip-dev_7.2.53211.70201-81~24.04_amd64.deb: OK
01_System_Resources/AMD_ROCm/7.2.1/selected-debs/hip-runtime-amd_7.2.53211.70201-81~24.04_amd64.deb: OK
01_System_Resources/AMD_ROCm/7.2.1/selected-debs/hipblas-common-dev_1.4.0.70201-81~24.04_amd64.deb: OK
01_System_Resources/AMD_ROCm/7.2.1/selected-debs/hipblas-dev_3.2.0.70201-81~24.04_amd64.deb: OK
01_System_Resources/AMD_ROCm/7.2.1/selected-debs/hipblas_3.2.0.70201-81~24.04_amd64.deb: OK
01_System_Resources/AMD_ROCm/7.2.1/selected-debs/hipblaslt_1.2.2.70201-81~24.04_amd64.deb: OK
01_System_Resources/AMD_ROCm/7.2.1/selected-debs/hipcc_1.1.1.70201-81~24.04_amd64.deb: OK
01_System_Resources/AMD_ROCm/7.2.1/selected-debs/hsa-rocr-dev_1.18.0.70201-81~24.04_amd64.deb: OK
01_System_Resources/AMD_ROCm/7.2.1/selected-debs/hsa-rocr_1.18.0.70201-81~24.04_amd64.deb: OK
01_System_Resources/AMD_ROCm/7.2.1/selected-debs/rocblas-dev_5.2.0.70201-81~24.04_amd64.deb: OK
01_System_Resources/AMD_ROCm/7.2.1/selected-debs/rocblas_5.2.0.70201-81~24.04_amd64.deb: OK
01_System_Resources/AMD_ROCm/7.2.1/selected-debs/rocm-core_7.2.1.70201-81~24.04_amd64.deb: OK
01_System_Resources/AMD_ROCm/7.2.1/selected-debs/rocm-llvm_22.0.0.26084.70201-81~24.04_amd64.deb: OK
01_System_Resources/AMD_ROCm/7.2.1/selected-debs/rocminfo_1.0.0.70201-81~24.04_amd64.deb: OK
01_System_Resources/AMD_ROCm/7.2.1/selected-debs/rocprofiler-register_0.6.0.70201-81~24.04_amd64.deb: OK
01_System_Resources/AMD_ROCm/7.2.1/selected-debs/rocsolver_3.32.0.70201-81~24.04_amd64.deb: OK
01_System_Resources/AMD_ROCm/7.2.1/selected-debs/roctracer_4.1.70201.70201-81~24.04_amd64.deb: OK
01_System_Resources/AMD_RyzenAI/1.7.1/ryzen_ai-1.7.1.tgz: OK
01_System_Resources/AMD_RyzenAI/NPU_Firmware/1502_00/npu.sbin.1.5.2.380.zst: OK
01_System_Resources/AMD_RyzenAI/NPU_Firmware/1502_00/npu.sbin.zst: OK
01_System_Resources/AMD_RyzenAI/NPU_Firmware/17f0_10/npu.sbin.1.0.0.63.zst: OK
01_System_Resources/AMD_RyzenAI/NPU_Firmware/17f0_10/npu.sbin.zst: OK
01_System_Resources/AMD_RyzenAI/NPU_Firmware/17f0_11/npu.sbin.1.0.0.166.zst: OK
01_System_Resources/AMD_RyzenAI/NPU_Firmware/17f0_11/npu.sbin.zst: OK
01_System_Resources/AMD_RyzenAI/XRT_XDNA/xrt_202610.2.21.75_24.04-amd64-base-dev.deb: OK
01_System_Resources/AMD_RyzenAI/XRT_XDNA/xrt_202610.2.21.75_24.04-amd64-base.deb: OK
01_System_Resources/AMD_RyzenAI/XRT_XDNA/xrt_202610.2.21.75_24.04-amd64-npu.deb: OK
01_System_Resources/AMD_RyzenAI/XRT_XDNA/xrt_plugin.2.21.260102.53.release_24.04-amd64-amdxdna.deb: OK
01_System_Resources/AMD_Xilinx/2026.1/FPGAs_AdaptiveSoCs_Unified_SDI_2026.1_0616_1700.tar: OK
01_System_Resources/AMD_Xilinx/Board_Platform_Sources/Digilent-vivado-boards-36f34ab687b7.tar.gz: OK
01_System_Resources/AMD_Xilinx/Board_Platform_Sources/Xilinx-Vitis_Embedded_Platform_Source-f7bdd9f5c8ef.tar.gz: OK
01_System_Resources/AMD_Xilinx/Board_Platform_Sources/Xilinx-XilinxBoardStore-40fad97cf36f.tar.gz: OK
01_System_Resources/OS/ubuntu-24.04.1-desktop-amd64.iso: OK
02_Deployment/AI370-2/Git/AI370-2-main-1328371.bundle: OK
02_Deployment/AI370-2/Git/AI370-2-main-23acc2f.bundle: OK
02_Deployment/AI370-2/Git/AI370-2-main-8f6bf85.bundle: OK
02_Deployment/AI370-2/Git/AI370-2-main-b1e75d3.bundle: OK
02_Deployment/AI370-2/Git/AI370-2-main-f3fce03.bundle: OK
02_Deployment/AI370-2/Git/AI370-2-main-f9a0e05.bundle: OK
03_AI_Models/Archive/Gemma/gemma-4-31b-jang-crack-Q4_K_M.gguf: OK
03_AI_Models/Archive/SER9/SER9-Qwen-Models.tar: OK
03_AI_Models/Archive/SER9/SER9-Qwen-Models.tar.sha256: OK
03_AI_Models/Current/Qwen3.8/Qwen3.8-27B-UD-Q4_K_M.gguf: OK
03_AI_Models/Current/Qwen3.8/Qwen3.8-27B-UD-Q4_K_XL.gguf: OK
03_AI_Models/Current/Qwen3.8/Qwen3.8-27B-Uncensored-Q4_K_M.gguf: OK
03_AI_Models/MODEL_MANIFEST.md: OK
03_AI_Models/Retired/Qwen3.6/Qwen3.6-35B-A3B-Q8_0.gguf: OK
03_AI_Models/Retired/Qwen3.6/Qwen3.6-35B-A3B-Uncensored-HauhauCS-Aggressive-IQ2_M.gguf: OK
03_AI_Models/Retired/Qwen3.6/mmproj-Qwen3.6-35B-A3B-Uncensored-HauhauCS-Aggressive-f16.gguf: OK
README.md: OK
README_FIRST.md: OK
02_Deployment/AI370-2/Guides/docs/CP0_RESULT.md: OK
02_Deployment/AI370-2/Guides/docs/CP0_TAR_WARNINGS.txt: OK
02_Deployment/AI370-2/Guides/docs/EXECUTION_TIMELINE.md: OK
02_Deployment/AI370-2/Guides/docs/LOCAL_RECOVERY.md: OK
02_Deployment/AI370-2/Guides/docs/M0_BASELINE.md: OK
02_Deployment/AI370-2/Guides/docs/M2_CODE_INSTALL.txt: OK
02_Deployment/AI370-2/Guides/docs/M10/evidence/2026.1/vpp-version.log: OK
02_Deployment/AI370-2/Guides/docs/M10/evidence/2026.1/platform-parse.log: OK
02_Deployment/AI370-2/Guides/docs/M10/evidence/2026.1/verification-summary.txt: OK
02_Deployment/AI370-2/Guides/docs/M10/RESULT.md: OK
02_Deployment/AI370-2/Guides/docs/M11/RESULT.md: OK
02_Deployment/AI370-2/Guides/docs/M11/evidence/2026-10-02-jtag-detection/readonly-probe.tcl: OK
02_Deployment/AI370-2/Guides/docs/M11/evidence/2026-10-02-jtag-detection/usb-descriptor.txt: OK
02_Deployment/AI370-2/Guides/docs/M11/evidence/2026-10-02-jtag-detection/vivado-hw-probe.jou: OK
02_Deployment/AI370-2/Guides/docs/M11/evidence/2026-10-02-jtag-detection/vivado-hw-probe.log: OK
02_Deployment/AI370-2/Guides/docs/M11/evidence/2026-10-02-jtag-detection/SHA256SUMS: OK
02_Deployment/AI370-2/Guides/docs/M11/evidence/2026-10-02-jtag-detection/hw-server.log: OK
02_Deployment/AI370-2/Guides/docs/M11/evidence/ddr-memory-discovery-2026-10-02/LOCAL_FILE_INVENTORY.md: OK
02_Deployment/AI370-2/Guides/docs/M11/evidence/ddr3-hardware-test-2026-10-02/bitstream-generation.jou: OK
02_Deployment/AI370-2/Guides/docs/M11/evidence/ddr3-hardware-test-2026-10-02/bitstream-generation.log: OK
02_Deployment/AI370-2/Guides/docs/M11/evidence/ddr3-hardware-test-2026-10-02/build-final.jou: OK
02_Deployment/AI370-2/Guides/docs/M11/evidence/ddr3-hardware-test-2026-10-02/build-final.log: OK
02_Deployment/AI370-2/Guides/docs/M11/evidence/ddr3-hardware-test-2026-10-02/build-final_1027234.backup.jou: OK
02_Deployment/AI370-2/Guides/docs/M11/evidence/ddr3-hardware-test-2026-10-02/build-final_1027234.backup.log: OK
02_Deployment/AI370-2/Guides/docs/M11/evidence/ddr3-hardware-test-2026-10-02/build.jou: OK
02_Deployment/AI370-2/Guides/docs/M11/evidence/ddr3-hardware-test-2026-10-02/build.log: OK
02_Deployment/AI370-2/Guides/docs/M11/evidence/ddr3-hardware-test-2026-10-02/ddr-ila-data.csv: OK
02_Deployment/AI370-2/Guides/docs/M11/evidence/ddr3-hardware-test-2026-10-02/ddr-ila-data.ila: OK
02_Deployment/AI370-2/Guides/docs/M11/evidence/ddr3-hardware-test-2026-10-02/drc_bitstream.rpt: OK
02_Deployment/AI370-2/Guides/docs/M11/evidence/ddr3-hardware-test-2026-10-02/drc_route.rpt: OK
02_Deployment/AI370-2/Guides/docs/M11/evidence/ddr3-hardware-test-2026-10-02/drc_synth.rpt: OK
02_Deployment/AI370-2/Guides/docs/M11/evidence/ddr3-hardware-test-2026-10-02/hw-server-program.log: OK
02_Deployment/AI370-2/Guides/docs/M11/evidence/ddr3-hardware-test-2026-10-02/generated-constraints/example_top.xdc: OK
02_Deployment/AI370-2/Guides/docs/M11/evidence/ddr3-hardware-test-2026-10-02/generated-constraints/mig_7series_0.xdc: OK
02_Deployment/AI370-2/Guides/docs/M11/evidence/ddr3-hardware-test-2026-10-02/ip-status.rpt: OK
02_Deployment/AI370-2/Guides/docs/M11/evidence/ddr3-hardware-test-2026-10-02/post_route.dcp: OK
02_Deployment/AI370-2/Guides/docs/M11/evidence/ddr3-hardware-test-2026-10-02/post_synth.dcp: OK
02_Deployment/AI370-2/Guides/docs/M11/evidence/ddr3-hardware-test-2026-10-02/prepare-project.jou: OK
02_Deployment/AI370-2/Guides/docs/M11/evidence/ddr3-hardware-test-2026-10-02/prepare-project.log: OK
02_Deployment/AI370-2/Guides/docs/M11/evidence/ddr3-hardware-test-2026-10-02/prepare-project_970766.backup.log: OK
02_Deployment/AI370-2/Guides/docs/M11/evidence/ddr3-hardware-test-2026-10-02/program-and-ddr-test.jou: OK
02_Deployment/AI370-2/Guides/docs/M11/evidence/ddr3-hardware-test-2026-10-02/program-and-ddr-test.log: OK
02_Deployment/AI370-2/Guides/docs/M11/evidence/ddr3-hardware-test-2026-10-02/program-and-ddr-test_1084109.backup.jou: OK
02_Deployment/AI370-2/Guides/docs/M11/evidence/ddr3-hardware-test-2026-10-02/program-and-ddr-test_1084109.backup.log: OK
02_Deployment/AI370-2/Guides/docs/M11/evidence/ddr3-hardware-test-2026-10-02/project-board-fix.jou: OK
02_Deployment/AI370-2/Guides/docs/M11/evidence/ddr3-hardware-test-2026-10-02/project-board-fix.log: OK
02_Deployment/AI370-2/Guides/docs/M11/evidence/ddr3-hardware-test-2026-10-02/project-generation.jou: OK
02_Deployment/AI370-2/Guides/docs/M11/evidence/ddr3-hardware-test-2026-10-02/project-generation.log: OK
02_Deployment/AI370-2/Guides/docs/M11/evidence/ddr3-hardware-test-2026-10-02/project-generation_952086.backup.jou: OK
02_Deployment/AI370-2/Guides/docs/M11/evidence/ddr3-hardware-test-2026-10-02/project-generation_952086.backup.log: OK
02_Deployment/AI370-2/Guides/docs/M11/evidence/ddr3-hardware-test-2026-10-02/project-generation_952887.backup.jou: OK
02_Deployment/AI370-2/Guides/docs/M11/evidence/ddr3-hardware-test-2026-10-02/project-generation_952887.backup.log: OK
02_Deployment/AI370-2/Guides/docs/M11/evidence/ddr3-hardware-test-2026-10-02/protected-stack-after.txt: OK
02_Deployment/AI370-2/Guides/docs/M11/evidence/ddr3-hardware-test-2026-10-02/test-observations.md: OK
02_Deployment/AI370-2/Guides/docs/M11/evidence/ddr3-hardware-test-2026-10-02/timing_route.rpt: OK
02_Deployment/AI370-2/Guides/docs/M11/evidence/ddr3-hardware-test-2026-10-02/utilization_route.rpt: OK
02_Deployment/AI370-2/Guides/docs/M11/evidence/ddr3-hardware-test-2026-10-02/utilization_synth.rpt: OK
02_Deployment/AI370-2/Guides/docs/M11/evidence/ddr3-hardware-test-2026-10-02/SHA256SUMS: OK
02_Deployment/AI370-2/Guides/docs/M11/evidence/ddr3-hardware-test-2026-10-02/SP701_DDR3_Memory_Test.ltx: OK
02_Deployment/AI370-2/Guides/docs/M11/evidence/ddr3-hardware-test-2026-10-02/prepare-project_970766.backup.jou: OK
02_Deployment/AI370-2/Guides/docs/M11/evidence/post-program-regression-2026-10-02/SHA256SUMS: OK
02_Deployment/AI370-2/Guides/docs/M11/evidence/post-program-regression-2026-10-02/cnn-result.json: OK
02_Deployment/AI370-2/Guides/docs/M11/evidence/post-program-regression-2026-10-02/hip.log: OK
02_Deployment/AI370-2/Guides/docs/M11/evidence/post-program-regression-2026-10-02/kernel-audit.log: OK
02_Deployment/AI370-2/Guides/docs/M11/evidence/post-program-regression-2026-10-02/npu-cnn.log: OK
02_Deployment/AI370-2/Guides/docs/M11/evidence/post-program-regression-2026-10-02/ort-profile.json: OK
02_Deployment/AI370-2/Guides/docs/M11/evidence/post-program-regression-2026-10-02/run-metadata.txt: OK
02_Deployment/AI370-2/Guides/docs/M11/evidence/post-program-regression-2026-10-02/vulkan.log: OK
02_Deployment/AI370-2/Guides/docs/M11/evidence/post-program-regression-2026-10-02/xrt-examine.log: OK
02_Deployment/AI370-2/Guides/docs/M11/evidence/post-program-regression-2026-10-02/.gitattributes: OK
02_Deployment/AI370-2/Guides/docs/M11/evidence/post-program-regression-2026-10-02/README.md: OK
02_Deployment/AI370-2/Guides/docs/M11/DDR_MEMORY_TEST_PLAN.md: OK
02_Deployment/AI370-2/Guides/docs/M11/SP701_DDR3_Memory_Test_Report.md: OK
02_Deployment/AI370-2/Guides/docs/M12/evidence/host-fpga-jtag-axi-20261002/local-kb-results.md: OK
02_Deployment/AI370-2/Guides/docs/M12/evidence/host-fpga-jtag-axi-20261002/build/drc-routed.rpt: OK
02_Deployment/AI370-2/Guides/docs/M12/evidence/host-fpga-jtag-axi-20261002/build/route-status.rpt: OK
02_Deployment/AI370-2/Guides/docs/M12/evidence/host-fpga-jtag-axi-20261002/build/sp701_host_fpga_top.v: OK
02_Deployment/AI370-2/Guides/docs/M12/evidence/host-fpga-jtag-axi-20261002/build/sp701_sysclk.xdc: OK
02_Deployment/AI370-2/Guides/docs/M12/evidence/host-fpga-jtag-axi-20261002/build/utilization-placed.rpt: OK
02_Deployment/AI370-2/Guides/docs/M12/evidence/host-fpga-jtag-axi-20261002/build/vivado-runme.log: OK
02_Deployment/AI370-2/Guides/docs/M12/evidence/host-fpga-jtag-axi-20261002/build/bitstream.sha256: OK
02_Deployment/AI370-2/Guides/docs/M12/evidence/host-fpga-jtag-axi-20261002/build/timing-summary-routed.rpt: OK
02_Deployment/AI370-2/Guides/docs/M12/evidence/host-fpga-jtag-axi-20261002/program-and-smoke.log: OK
02_Deployment/AI370-2/Guides/docs/M12/evidence/host-fpga-jtag-axi-20261002/.gitattributes: OK
02_Deployment/AI370-2/Guides/docs/M12/evidence/host-fpga-jtag-axi-20261002/SHA256SUMS: OK
02_Deployment/AI370-2/Guides/docs/M12/pre_hardware/sp701_impl_bitstream.log: OK
02_Deployment/AI370-2/Guides/docs/M12/pre_hardware/sp701_impl_bitstream.tcl: OK
02_Deployment/AI370-2/Guides/docs/M12/pre_hardware/run_sp701_impl_bitstream.sh: OK
02_Deployment/AI370-2/Guides/docs/M12/pre_hardware/sp701_impl_bitstream.jou: OK
02_Deployment/AI370-2/Guides/docs/M12/RESULT.md: OK
02_Deployment/AI370-2/Guides/docs/M12/SP701_HOST_FPGA_INTEGRATION_REPORT.md: OK
02_Deployment/AI370-2/Guides/docs/M13/evidence/2026-10-02/M12_LOCAL_KB_QUERY_RESULTS.md: OK
02_Deployment/AI370-2/Guides/docs/M13/evidence/2026-10-02/M12_WORKFLOW_SHA256SUMS: OK
02_Deployment/AI370-2/Guides/docs/M13/evidence/2026-10-02/M13_M12_LOCAL_ENGINEERING_WORKFLOW.md: OK
02_Deployment/AI370-2/Guides/docs/M13/evidence/2026-10-02/ROSS_M13_VALIDATION.md: OK
02_Deployment/AI370-2/Guides/docs/M13/evidence/2026-10-02/m13-hls-local-kb-results.md: OK
02_Deployment/AI370-2/Guides/docs/M13/evidence/2026-10-02/hls-skill-smoke/attempt1-cli-preflight.log: OK
02_Deployment/AI370-2/Guides/docs/M13/evidence/2026-10-02/hls-skill-smoke/csynth.rpt: OK
02_Deployment/AI370-2/Guides/docs/M13/evidence/2026-10-02/hls-skill-smoke/hls_compile.log: OK
02_Deployment/AI370-2/Guides/docs/M13/evidence/2026-10-02/hls-skill-smoke/hls_config.cfg: OK
02_Deployment/AI370-2/Guides/docs/M13/evidence/2026-10-02/hls-skill-smoke/invert32.cpp: OK
02_Deployment/AI370-2/Guides/docs/M13/evidence/2026-10-02/hls-skill-smoke/run-metadata.json: OK
02_Deployment/AI370-2/Guides/docs/M13/evidence/2026-10-02/hls-skill-smoke/synth-report-skill.json: OK
02_Deployment/AI370-2/Guides/docs/M13/evidence/2026-10-02/hls-skill-smoke/testbench.cpp: OK
02_Deployment/AI370-2/Guides/docs/M13/evidence/2026-10-02/hls-skill-smoke/vitis-run-csim.log: OK
02_Deployment/AI370-2/Guides/docs/M13/evidence/2026-10-02/hls-skill-smoke/vpp-hls.log: OK
02_Deployment/AI370-2/Guides/docs/M13/evidence/2026-10-02/hls-skill-smoke/README.md: OK
02_Deployment/AI370-2/Guides/docs/M13/evidence/2026-10-02/hls-skill-smoke/SHA256SUMS: OK
02_Deployment/AI370-2/Guides/docs/M13/evidence/2026-10-02/.gitattributes: OK
02_Deployment/AI370-2/Guides/docs/M13/evidence/2026-10-02/M12_JTAG_AXI_PROGRAM_AND_SMOKE.log: OK
02_Deployment/AI370-2/Guides/docs/M13/evidence/2026-10-05/hls-cosim-implementation/bd_0_wrapper_drc_routed.rpt: OK
02_Deployment/AI370-2/Guides/docs/M13/evidence/2026-10-05/hls-cosim-implementation/cosim.log: OK
02_Deployment/AI370-2/Guides/docs/M13/evidence/2026-10-05/hls-cosim-implementation/csynth.rpt: OK
02_Deployment/AI370-2/Guides/docs/M13/evidence/2026-10-05/hls-cosim-implementation/hls_config.cfg: OK
02_Deployment/AI370-2/Guides/docs/M13/evidence/2026-10-05/hls-cosim-implementation/implementation.log: OK
02_Deployment/AI370-2/Guides/docs/M13/evidence/2026-10-05/hls-cosim-implementation/invert32.cpp: OK
02_Deployment/AI370-2/Guides/docs/M13/evidence/2026-10-05/hls-cosim-implementation/invert32_status_routed.rpt: OK
02_Deployment/AI370-2/Guides/docs/M13/evidence/2026-10-05/hls-cosim-implementation/invert32_timing_routed.rpt: OK
02_Deployment/AI370-2/Guides/docs/M13/evidence/2026-10-05/hls-cosim-implementation/invert32_utilization_routed.rpt: OK
02_Deployment/AI370-2/Guides/docs/M13/evidence/2026-10-05/hls-cosim-implementation/testbench.cpp: OK
02_Deployment/AI370-2/Guides/docs/M13/evidence/2026-10-05/hls-cosim-implementation/README.md: OK
02_Deployment/AI370-2/Guides/docs/M13/evidence/2026-10-05/hls-cosim-implementation/SHA256SUMS: OK
02_Deployment/AI370-2/Guides/docs/M13/evidence/2026-10-06/codex-sandbox-diagnostic.md: OK
02_Deployment/AI370-2/Guides/docs/M13/evidence/2026-10-06/sandbox-probes.txt: OK
02_Deployment/AI370-2/Guides/docs/M13/evidence/2026-10-06/local-qwen-codex-fpga-loop/sandbox-license-diagnosis.md: OK
02_Deployment/AI370-2/Guides/docs/M13/evidence/2026-10-06/local-qwen-codex-fpga-loop/logs/validation-summary.txt: OK
02_Deployment/AI370-2/Guides/docs/M13/evidence/2026-10-06/local-qwen-codex-fpga-loop/logs/vivado-license-failure.log: OK
02_Deployment/AI370-2/Guides/docs/M13/evidence/2026-10-06/local-qwen-codex-fpga-loop/logs/xelab.log: OK
02_Deployment/AI370-2/Guides/docs/M13/evidence/2026-10-06/local-qwen-codex-fpga-loop/logs/xsim-direct-testplusarg.log: OK
02_Deployment/AI370-2/Guides/docs/M13/evidence/2026-10-06/local-qwen-codex-fpga-loop/logs/xsim-legacy-mode.log: OK
02_Deployment/AI370-2/Guides/docs/M13/evidence/2026-10-06/local-qwen-codex-fpga-loop/logs/xsim-patched-network-sandbox.log: OK
02_Deployment/AI370-2/Guides/docs/M13/evidence/2026-10-06/local-qwen-codex-fpga-loop/logs/xsim-rerunall-failure.log: OK
02_Deployment/AI370-2/Guides/docs/M13/evidence/2026-10-06/local-qwen-codex-fpga-loop/logs/xsim-testplusarg-failure.log: OK
02_Deployment/AI370-2/Guides/docs/M13/evidence/2026-10-06/local-qwen-codex-fpga-loop/logs/xvlog.log: OK
02_Deployment/AI370-2/Guides/docs/M13/evidence/2026-10-06/local-qwen-codex-fpga-loop/logs/baseline-run-validation.log: OK
02_Deployment/AI370-2/Guides/docs/M13/evidence/2026-10-06/local-qwen-codex-fpga-loop/logs/sandbox-and-host-status.txt: OK
02_Deployment/AI370-2/Guides/docs/M13/evidence/2026-10-06/local-qwen-codex-fpga-loop/model/patch-hunk.md: OK
02_Deployment/AI370-2/Guides/docs/M13/evidence/2026-10-06/local-qwen-codex-fpga-loop/model/patch-truncated.md: OK
02_Deployment/AI370-2/Guides/docs/M13/evidence/2026-10-06/local-qwen-codex-fpga-loop/model/plan.md: OK
02_Deployment/AI370-2/Guides/docs/M13/evidence/2026-10-06/local-qwen-codex-fpga-loop/model/pythonpath-feedback.md: OK
02_Deployment/AI370-2/Guides/docs/M13/evidence/2026-10-06/local-qwen-codex-fpga-loop/model/matlabpath-feedback.md: OK
02_Deployment/AI370-2/Guides/docs/M13/evidence/2026-10-06/local-qwen-codex-fpga-loop/model/sim-license-feedback.md: OK
02_Deployment/AI370-2/Guides/docs/M13/evidence/2026-10-06/local-qwen-codex-fpga-loop/reports/timing-summary.txt: OK
02_Deployment/AI370-2/Guides/docs/M13/evidence/2026-10-06/local-qwen-codex-fpga-loop/reports/utilization-summary.txt: OK
02_Deployment/AI370-2/Guides/docs/M13/evidence/2026-10-06/local-qwen-codex-fpga-loop/source/original_local_model_axi_lite.v: OK
02_Deployment/AI370-2/Guides/docs/M13/evidence/2026-10-06/local-qwen-codex-fpga-loop/source/run-validation.sh: OK
02_Deployment/AI370-2/Guides/docs/M13/evidence/2026-10-06/local-qwen-codex-fpga-loop/source/synth.tcl: OK
02_Deployment/AI370-2/Guides/docs/M13/evidence/2026-10-06/local-qwen-codex-fpga-loop/source/synth_clock.xdc: OK
02_Deployment/AI370-2/Guides/docs/M13/evidence/2026-10-06/local-qwen-codex-fpga-loop/source/task_spec.md: OK
02_Deployment/AI370-2/Guides/docs/M13/evidence/2026-10-06/local-qwen-codex-fpga-loop/source/tb_local_model_axi_lite.sv: OK
02_Deployment/AI370-2/Guides/docs/M13/evidence/2026-10-06/local-qwen-codex-fpga-loop/source/README.md: OK
02_Deployment/AI370-2/Guides/docs/M13/evidence/2026-10-06/local-qwen-codex-fpga-loop/source/modified_local_model_axi_lite.v: OK
02_Deployment/AI370-2/Guides/docs/M13/evidence/2026-10-06/local-qwen-codex-fpga-loop/README.md: OK
02_Deployment/AI370-2/Guides/docs/M13/evidence/2026-10-06/local-qwen-codex-fpga-loop/SHA256SUMS: OK
02_Deployment/AI370-2/Guides/docs/M13/evidence/2026-10-06/local-agent-tool-loop/codex-output.txt: OK
02_Deployment/AI370-2/Guides/docs/M13/evidence/2026-10-06/local-agent-tool-loop/attempts/00-invalid-health-check/RESULT.txt: OK
02_Deployment/AI370-2/Guides/docs/M13/evidence/2026-10-06/local-agent-tool-loop/attempts/01-short-timeout/codex-stderr.log: OK
02_Deployment/AI370-2/Guides/docs/M13/evidence/2026-10-06/local-agent-tool-loop/attempts/01-short-timeout/config.toml: OK
02_Deployment/AI370-2/Guides/docs/M13/evidence/2026-10-06/local-agent-tool-loop/attempts/01-short-timeout/provider-health.json: OK
02_Deployment/AI370-2/Guides/docs/M13/evidence/2026-10-06/local-agent-tool-loop/attempts/01-short-timeout/run-metadata.txt: OK
02_Deployment/AI370-2/Guides/docs/M13/evidence/2026-10-06/local-agent-tool-loop/attempts/01-short-timeout/service-result.txt: OK
02_Deployment/AI370-2/Guides/docs/M13/evidence/2026-10-06/local-agent-tool-loop/attempts/01-short-timeout/codex-output.txt: OK
02_Deployment/AI370-2/Guides/docs/M13/evidence/2026-10-06/local-agent-tool-loop/attempts/01-short-timeout/llama-server-launch.log: OK
02_Deployment/AI370-2/Guides/docs/M13/evidence/2026-10-06/local-agent-tool-loop/codex-stderr.log: OK
02_Deployment/AI370-2/Guides/docs/M13/evidence/2026-10-06/local-agent-tool-loop/command.txt: OK
02_Deployment/AI370-2/Guides/docs/M13/evidence/2026-10-06/local-agent-tool-loop/config.toml: OK
02_Deployment/AI370-2/Guides/docs/M13/evidence/2026-10-06/local-agent-tool-loop/llama-server-session.log: OK
02_Deployment/AI370-2/Guides/docs/M13/evidence/2026-10-06/local-agent-tool-loop/provider-health.json: OK
02_Deployment/AI370-2/Guides/docs/M13/evidence/2026-10-06/local-agent-tool-loop/run-metadata.txt: OK
02_Deployment/AI370-2/Guides/docs/M13/evidence/2026-10-06/local-agent-tool-loop/service-result.txt: OK
02_Deployment/AI370-2/Guides/docs/M13/evidence/2026-10-06/local-agent-tool-loop/tool-marker.txt: OK
02_Deployment/AI370-2/Guides/docs/M13/evidence/2026-10-06/local-agent-tool-loop/README.md: OK
02_Deployment/AI370-2/Guides/docs/M13/evidence/2026-10-06/local-agent-tool-loop/SHA256SUMS: OK
02_Deployment/AI370-2/Guides/docs/M13/evidence/2026-10-06/local-agent-tool-loop/llama-server-launch.log: OK
02_Deployment/AI370-2/Guides/docs/M13/evidence/2026-10-06/SHA256SUMS: OK
02_Deployment/AI370-2/Guides/docs/M13/evidence/2026-10-06/apparmor-profile-apt-simulation.txt: OK
02_Deployment/AI370-2/Guides/docs/M13/evidence/local-model-fpga-engineering-2026-10-05/STATUS.md: OK
02_Deployment/AI370-2/Guides/docs/M13/evidence/local-model-fpga-engineering-2026-10-05/baseline-command.txt: OK
02_Deployment/AI370-2/Guides/docs/M13/evidence/local-model-fpga-engineering-2026-10-05/final-source.diff: OK
02_Deployment/AI370-2/Guides/docs/M13/evidence/local-model-fpga-engineering-2026-10-05/alternate-model-q4kxl/functional-validation/simulation.rc: OK
02_Deployment/AI370-2/Guides/docs/M13/evidence/local-model-fpga-engineering-2026-10-05/alternate-model-q4kxl/functional-validation/source.sha256: OK
02_Deployment/AI370-2/Guides/docs/M13/evidence/local-model-fpga-engineering-2026-10-05/alternate-model-q4kxl/functional-validation/xsim-transcript.log: OK
02_Deployment/AI370-2/Guides/docs/M13/evidence/local-model-fpga-engineering-2026-10-05/alternate-model-q4kxl/functional-validation/compile.rc: OK
02_Deployment/AI370-2/Guides/docs/M13/evidence/local-model-fpga-engineering-2026-10-05/alternate-model-q4kxl/functional-validation/elaborate.rc: OK
02_Deployment/AI370-2/Guides/docs/M13/evidence/local-model-fpga-engineering-2026-10-05/alternate-model-q4kxl/git-apply-check.rc: OK
02_Deployment/AI370-2/Guides/docs/M13/evidence/local-model-fpga-engineering-2026-10-05/alternate-model-q4kxl/local-model-exitcode.txt: OK
02_Deployment/AI370-2/Guides/docs/M13/evidence/local-model-fpga-engineering-2026-10-05/alternate-model-q4kxl/local-model-response.txt: OK
02_Deployment/AI370-2/Guides/docs/M13/evidence/local-model-fpga-engineering-2026-10-05/alternate-model-q4kxl/local-model-response.txt.raw.gz: OK
02_Deployment/AI370-2/Guides/docs/M13/evidence/local-model-fpga-engineering-2026-10-05/alternate-model-q4kxl/local-model-run.log: OK
02_Deployment/AI370-2/Guides/docs/M13/evidence/local-model-fpga-engineering-2026-10-05/alternate-model-q4kxl/model-generated.patch: OK
02_Deployment/AI370-2/Guides/docs/M13/evidence/local-model-fpga-engineering-2026-10-05/alternate-model-q4kxl/task-input.md: OK
02_Deployment/AI370-2/Guides/docs/M13/evidence/local-model-fpga-engineering-2026-10-05/alternate-model-q4kxl/synthesis/timing-summary.rpt: OK
02_Deployment/AI370-2/Guides/docs/M13/evidence/local-model-fpga-engineering-2026-10-05/alternate-model-q4kxl/synthesis/utilization.rpt: OK
02_Deployment/AI370-2/Guides/docs/M13/evidence/local-model-fpga-engineering-2026-10-05/alternate-model-q4kxl/synthesis/vivado.jou: OK
02_Deployment/AI370-2/Guides/docs/M13/evidence/local-model-fpga-engineering-2026-10-05/alternate-model-q4kxl/synthesis/vivado.log: OK
02_Deployment/AI370-2/Guides/docs/M13/evidence/local-model-fpga-engineering-2026-10-05/alternate-model-q4kxl/synthesis/console.log: OK
02_Deployment/AI370-2/Guides/docs/M13/evidence/local-model-fpga-engineering-2026-10-05/alternate-model-q4kxl/synthesis/exitcode.txt: OK
02_Deployment/AI370-2/Guides/docs/M13/evidence/local-model-fpga-engineering-2026-10-05/alternate-model-q4kxl/git-apply-check.out: OK
02_Deployment/AI370-2/Guides/docs/M13/evidence/local-model-fpga-engineering-2026-10-05/alternate-model-q4kxl/local-model-command.txt: OK
02_Deployment/AI370-2/Guides/docs/M13/evidence/local-model-fpga-engineering-2026-10-05/local-model-prompt.txt: OK
02_Deployment/AI370-2/Guides/docs/M13/evidence/local-model-fpga-engineering-2026-10-05/codex-local-provider-20261005/function-tool-request.json: OK
02_Deployment/AI370-2/Guides/docs/M13/evidence/local-model-fpga-engineering-2026-10-05/codex-local-provider-20261005/function-tool-response.json: OK
02_Deployment/AI370-2/Guides/docs/M13/evidence/local-model-fpga-engineering-2026-10-05/codex-local-provider-20261005/listener-after-readonly-tool-stop.txt: OK
02_Deployment/AI370-2/Guides/docs/M13/evidence/local-model-fpga-engineering-2026-10-05/codex-local-provider-20261005/listener-after-stop.txt: OK
02_Deployment/AI370-2/Guides/docs/M13/evidence/local-model-fpga-engineering-2026-10-05/codex-local-provider-20261005/llama-server-readonly-tool.log: OK
02_Deployment/AI370-2/Guides/docs/M13/evidence/local-model-fpga-engineering-2026-10-05/codex-local-provider-20261005/llama-server.log: OK
02_Deployment/AI370-2/Guides/docs/M13/evidence/local-model-fpga-engineering-2026-10-05/codex-local-provider-20261005/model-file.txt: OK
02_Deployment/AI370-2/Guides/docs/M13/evidence/local-model-fpga-engineering-2026-10-05/codex-local-provider-20261005/readonly-tool-input.txt: OK
02_Deployment/AI370-2/Guides/docs/M13/evidence/local-model-fpga-engineering-2026-10-05/codex-local-provider-20261005/readonly-tool-result.jsonl: OK
02_Deployment/AI370-2/Guides/docs/M13/evidence/local-model-fpga-engineering-2026-10-05/codex-local-provider-20261005/readonly-tool-service-after-stop.txt: OK
02_Deployment/AI370-2/Guides/docs/M13/evidence/local-model-fpga-engineering-2026-10-05/codex-local-provider-20261005/readonly-tool-service-stats.txt: OK
02_Deployment/AI370-2/Guides/docs/M13/evidence/local-model-fpga-engineering-2026-10-05/codex-local-provider-20261005/readonly-tool-stderr.log: OK
02_Deployment/AI370-2/Guides/docs/M13/evidence/local-model-fpga-engineering-2026-10-05/codex-local-provider-20261005/response-context-4k-failure.jsonl: OK
02_Deployment/AI370-2/Guides/docs/M13/evidence/local-model-fpga-engineering-2026-10-05/codex-local-provider-20261005/response-context-4k-failure.stderr: OK
02_Deployment/AI370-2/Guides/docs/M13/evidence/local-model-fpga-engineering-2026-10-05/codex-local-provider-20261005/response-context-8k-retry.jsonl: OK
02_Deployment/AI370-2/Guides/docs/M13/evidence/local-model-fpga-engineering-2026-10-05/codex-local-provider-20261005/response-context-8k-retry.stderr: OK
02_Deployment/AI370-2/Guides/docs/M13/evidence/local-model-fpga-engineering-2026-10-05/codex-local-provider-20261005/response-context-8k.jsonl: OK
02_Deployment/AI370-2/Guides/docs/M13/evidence/local-model-fpga-engineering-2026-10-05/codex-local-provider-20261005/response-context-8k.stderr: OK
02_Deployment/AI370-2/Guides/docs/M13/evidence/local-model-fpga-engineering-2026-10-05/codex-local-provider-20261005/service-after-stop.txt: OK
02_Deployment/AI370-2/Guides/docs/M13/evidence/local-model-fpga-engineering-2026-10-05/codex-local-provider-20261005/service-stats.txt: OK
02_Deployment/AI370-2/Guides/docs/M13/evidence/local-model-fpga-engineering-2026-10-05/codex-local-provider-20261005/systemd-sandbox-probe.log: OK
02_Deployment/AI370-2/Guides/docs/M13/evidence/local-model-fpga-engineering-2026-10-05/codex-local-provider-20261005/README.md: OK
02_Deployment/AI370-2/Guides/docs/M13/evidence/local-model-fpga-engineering-2026-10-05/codex-local-provider-20261005/config.toml: OK
02_Deployment/AI370-2/Guides/docs/M13/evidence/local-model-fpga-engineering-2026-10-05/local-model-exitcode.txt: OK
02_Deployment/AI370-2/Guides/docs/M13/evidence/local-model-fpga-engineering-2026-10-05/local-model-response.txt: OK
02_Deployment/AI370-2/Guides/docs/M13/evidence/local-model-fpga-engineering-2026-10-05/local-model-response.txt.raw.gz: OK
02_Deployment/AI370-2/Guides/docs/M13/evidence/local-model-fpga-engineering-2026-10-05/local-model-run.log: OK
02_Deployment/AI370-2/Guides/docs/M13/evidence/local-model-fpga-engineering-2026-10-05/memory-before-model.txt: OK
02_Deployment/AI370-2/Guides/docs/M13/evidence/local-model-fpga-engineering-2026-10-05/model-generated.patch: OK
02_Deployment/AI370-2/Guides/docs/M13/evidence/local-model-fpga-engineering-2026-10-05/resource-backend-snapshot.txt: OK
02_Deployment/AI370-2/Guides/docs/M13/evidence/local-model-fpga-engineering-2026-10-05/task_spec.md: OK
02_Deployment/AI370-2/Guides/docs/M13/evidence/local-model-fpga-engineering-2026-10-05/model-comparison-qwen35-9b/correction-1/execution-policy.txt: OK
02_Deployment/AI370-2/Guides/docs/M13/evidence/local-model-fpga-engineering-2026-10-05/model-comparison-qwen35-9b/correction-1/exitcode.txt: OK
02_Deployment/AI370-2/Guides/docs/M13/evidence/local-model-fpga-engineering-2026-10-05/model-comparison-qwen35-9b/correction-1/local-model-run.log: OK
02_Deployment/AI370-2/Guides/docs/M13/evidence/local-model-fpga-engineering-2026-10-05/model-comparison-qwen35-9b/correction-1/local_model_axi_lite.v: OK
02_Deployment/AI370-2/Guides/docs/M13/evidence/local-model-fpga-engineering-2026-10-05/model-comparison-qwen35-9b/correction-1/model-generated.patch: OK
02_Deployment/AI370-2/Guides/docs/M13/evidence/local-model-fpga-engineering-2026-10-05/model-comparison-qwen35-9b/correction-1/patch-check.out: OK
02_Deployment/AI370-2/Guides/docs/M13/evidence/local-model-fpga-engineering-2026-10-05/model-comparison-qwen35-9b/correction-1/patch-check.out.raw.gz: OK
02_Deployment/AI370-2/Guides/docs/M13/evidence/local-model-fpga-engineering-2026-10-05/model-comparison-qwen35-9b/correction-1/patch-check.rc: OK
02_Deployment/AI370-2/Guides/docs/M13/evidence/local-model-fpga-engineering-2026-10-05/model-comparison-qwen35-9b/correction-1/result.txt: OK
02_Deployment/AI370-2/Guides/docs/M13/evidence/local-model-fpga-engineering-2026-10-05/model-comparison-qwen35-9b/correction-1/correction-input.md: OK
02_Deployment/AI370-2/Guides/docs/M13/evidence/local-model-fpga-engineering-2026-10-05/model-comparison-qwen35-9b/correction-1/model-generated.patch.raw.gz: OK
02_Deployment/AI370-2/Guides/docs/M13/evidence/local-model-fpga-engineering-2026-10-05/model-comparison-qwen35-9b/correction-2/execution-policy.txt: OK
02_Deployment/AI370-2/Guides/docs/M13/evidence/local-model-fpga-engineering-2026-10-05/model-comparison-qwen35-9b/correction-2/exitcode.txt: OK
02_Deployment/AI370-2/Guides/docs/M13/evidence/local-model-fpga-engineering-2026-10-05/model-comparison-qwen35-9b/correction-2/local-model-run.log: OK
02_Deployment/AI370-2/Guides/docs/M13/evidence/local-model-fpga-engineering-2026-10-05/model-comparison-qwen35-9b/correction-2/local_model_axi_lite.v: OK
02_Deployment/AI370-2/Guides/docs/M13/evidence/local-model-fpga-engineering-2026-10-05/model-comparison-qwen35-9b/correction-2/model-generated.patch: OK
02_Deployment/AI370-2/Guides/docs/M13/evidence/local-model-fpga-engineering-2026-10-05/model-comparison-qwen35-9b/correction-2/patch-check.out: OK
02_Deployment/AI370-2/Guides/docs/M13/evidence/local-model-fpga-engineering-2026-10-05/model-comparison-qwen35-9b/correction-2/patch-check.rc: OK
02_Deployment/AI370-2/Guides/docs/M13/evidence/local-model-fpga-engineering-2026-10-05/model-comparison-qwen35-9b/correction-2/result.txt: OK
02_Deployment/AI370-2/Guides/docs/M13/evidence/local-model-fpga-engineering-2026-10-05/model-comparison-qwen35-9b/correction-2/correction-input.md: OK
02_Deployment/AI370-2/Guides/docs/M13/evidence/local-model-fpga-engineering-2026-10-05/model-comparison-qwen35-9b/correction-2/model-generated.patch.raw.gz: OK
02_Deployment/AI370-2/Guides/docs/M13/evidence/local-model-fpga-engineering-2026-10-05/model-comparison-qwen35-9b/exitcode.txt: OK
02_Deployment/AI370-2/Guides/docs/M13/evidence/local-model-fpga-engineering-2026-10-05/model-comparison-qwen35-9b/local-model-run.log: OK
02_Deployment/AI370-2/Guides/docs/M13/evidence/local-model-fpga-engineering-2026-10-05/model-comparison-qwen35-9b/local_model_axi_lite.v: OK
02_Deployment/AI370-2/Guides/docs/M13/evidence/local-model-fpga-engineering-2026-10-05/model-comparison-qwen35-9b/model-generated.patch: OK
02_Deployment/AI370-2/Guides/docs/M13/evidence/local-model-fpga-engineering-2026-10-05/model-comparison-qwen35-9b/patch-check.out: OK
02_Deployment/AI370-2/Guides/docs/M13/evidence/local-model-fpga-engineering-2026-10-05/model-comparison-qwen35-9b/patch-check.out.raw.gz: OK
02_Deployment/AI370-2/Guides/docs/M13/evidence/local-model-fpga-engineering-2026-10-05/model-comparison-qwen35-9b/patch-check.rc: OK
02_Deployment/AI370-2/Guides/docs/M13/evidence/local-model-fpga-engineering-2026-10-05/model-comparison-qwen35-9b/result.txt: OK
02_Deployment/AI370-2/Guides/docs/M13/evidence/local-model-fpga-engineering-2026-10-05/model-comparison-qwen35-9b/task-input.md: OK
02_Deployment/AI370-2/Guides/docs/M13/evidence/local-model-fpga-engineering-2026-10-05/model-comparison-qwen35-9b/execution-policy.txt: OK
02_Deployment/AI370-2/Guides/docs/M13/evidence/local-model-fpga-engineering-2026-10-05/model-comparison-qwen35-9b/model-generated.patch.raw.gz: OK
02_Deployment/AI370-2/Guides/docs/M13/evidence/local-model-fpga-engineering-2026-10-05/model-comparison-qwen38-uncensored-q4km/correction-1/execution-policy.txt: OK
02_Deployment/AI370-2/Guides/docs/M13/evidence/local-model-fpga-engineering-2026-10-05/model-comparison-qwen38-uncensored-q4km/correction-1/exitcode.txt: OK
02_Deployment/AI370-2/Guides/docs/M13/evidence/local-model-fpga-engineering-2026-10-05/model-comparison-qwen38-uncensored-q4km/correction-1/local-model-run.log: OK
02_Deployment/AI370-2/Guides/docs/M13/evidence/local-model-fpga-engineering-2026-10-05/model-comparison-qwen38-uncensored-q4km/correction-1/local_model_axi_lite.v: OK
02_Deployment/AI370-2/Guides/docs/M13/evidence/local-model-fpga-engineering-2026-10-05/model-comparison-qwen38-uncensored-q4km/correction-1/model-generated.patch: OK
02_Deployment/AI370-2/Guides/docs/M13/evidence/local-model-fpga-engineering-2026-10-05/model-comparison-qwen38-uncensored-q4km/correction-1/model-generated.patch.raw.gz: OK
02_Deployment/AI370-2/Guides/docs/M13/evidence/local-model-fpga-engineering-2026-10-05/model-comparison-qwen38-uncensored-q4km/correction-1/patch-check.out: OK
02_Deployment/AI370-2/Guides/docs/M13/evidence/local-model-fpga-engineering-2026-10-05/model-comparison-qwen38-uncensored-q4km/correction-1/patch-check.out.raw.gz: OK
02_Deployment/AI370-2/Guides/docs/M13/evidence/local-model-fpga-engineering-2026-10-05/model-comparison-qwen38-uncensored-q4km/correction-1/patch-check.rc: OK
02_Deployment/AI370-2/Guides/docs/M13/evidence/local-model-fpga-engineering-2026-10-05/model-comparison-qwen38-uncensored-q4km/correction-1/result.txt: OK
02_Deployment/AI370-2/Guides/docs/M13/evidence/local-model-fpga-engineering-2026-10-05/model-comparison-qwen38-uncensored-q4km/correction-1/correction-input.md: OK
02_Deployment/AI370-2/Guides/docs/M13/evidence/local-model-fpga-engineering-2026-10-05/model-comparison-qwen38-uncensored-q4km/correction-1/correction-input.md.raw.gz: OK
02_Deployment/AI370-2/Guides/docs/M13/evidence/local-model-fpga-engineering-2026-10-05/model-comparison-qwen38-uncensored-q4km/exitcode.txt: OK
02_Deployment/AI370-2/Guides/docs/M13/evidence/local-model-fpga-engineering-2026-10-05/model-comparison-qwen38-uncensored-q4km/local-model-run.log: OK
02_Deployment/AI370-2/Guides/docs/M13/evidence/local-model-fpga-engineering-2026-10-05/model-comparison-qwen38-uncensored-q4km/model-generated.patch: OK
02_Deployment/AI370-2/Guides/docs/M13/evidence/local-model-fpga-engineering-2026-10-05/model-comparison-qwen38-uncensored-q4km/patch-check.out: OK
02_Deployment/AI370-2/Guides/docs/M13/evidence/local-model-fpga-engineering-2026-10-05/model-comparison-qwen38-uncensored-q4km/patch-check.out.raw.gz: OK
02_Deployment/AI370-2/Guides/docs/M13/evidence/local-model-fpga-engineering-2026-10-05/model-comparison-qwen38-uncensored-q4km/patch-check.rc: OK
02_Deployment/AI370-2/Guides/docs/M13/evidence/local-model-fpga-engineering-2026-10-05/model-comparison-qwen38-uncensored-q4km/response.txt: OK
02_Deployment/AI370-2/Guides/docs/M13/evidence/local-model-fpga-engineering-2026-10-05/model-comparison-qwen38-uncensored-q4km/result.txt: OK
02_Deployment/AI370-2/Guides/docs/M13/evidence/local-model-fpga-engineering-2026-10-05/model-comparison-qwen38-uncensored-q4km/task-input.md: OK
02_Deployment/AI370-2/Guides/docs/M13/evidence/local-model-fpga-engineering-2026-10-05/model-comparison-qwen38-uncensored-q4km/sandbox/local_model_axi_lite.v: OK
02_Deployment/AI370-2/Guides/docs/M13/evidence/local-model-fpga-engineering-2026-10-05/model-comparison-qwen38-uncensored-q4km/execution-policy.txt: OK
02_Deployment/AI370-2/Guides/docs/M13/evidence/local-model-fpga-engineering-2026-10-05/model-comparison-qwen38-uncensored-q4km/model-generated.patch.raw.gz: OK
02_Deployment/AI370-2/Guides/docs/M13/evidence/local-model-fpga-engineering-2026-10-05/modified/local_model_axi_lite.v: OK
02_Deployment/AI370-2/Guides/docs/M13/evidence/local-model-fpga-engineering-2026-10-05/original/local_model_axi_lite.v: OK
02_Deployment/AI370-2/Guides/docs/M13/evidence/local-model-fpga-engineering-2026-10-05/retry-1/git-apply-check.rc: OK
02_Deployment/AI370-2/Guides/docs/M13/evidence/local-model-fpga-engineering-2026-10-05/retry-1/local-model-correction-prompt.txt: OK
02_Deployment/AI370-2/Guides/docs/M13/evidence/local-model-fpga-engineering-2026-10-05/retry-1/local-model-exitcode.txt: OK
02_Deployment/AI370-2/Guides/docs/M13/evidence/local-model-fpga-engineering-2026-10-05/retry-1/local-model-response.txt: OK
02_Deployment/AI370-2/Guides/docs/M13/evidence/local-model-fpga-engineering-2026-10-05/retry-1/local-model-response.txt.raw.gz: OK
02_Deployment/AI370-2/Guides/docs/M13/evidence/local-model-fpga-engineering-2026-10-05/retry-1/local-model-run.log: OK
02_Deployment/AI370-2/Guides/docs/M13/evidence/local-model-fpga-engineering-2026-10-05/retry-1/model-generated.patch: OK
02_Deployment/AI370-2/Guides/docs/M13/evidence/local-model-fpga-engineering-2026-10-05/retry-1/tool-feedback.txt: OK
02_Deployment/AI370-2/Guides/docs/M13/evidence/local-model-fpga-engineering-2026-10-05/retry-1/git-apply-check.out: OK
02_Deployment/AI370-2/Guides/docs/M13/evidence/local-model-fpga-engineering-2026-10-05/retry-1/local-model-command.txt: OK
02_Deployment/AI370-2/Guides/docs/M13/evidence/local-model-fpga-engineering-2026-10-05/retry-2/local-model-exitcode.txt: OK
02_Deployment/AI370-2/Guides/docs/M13/evidence/local-model-fpga-engineering-2026-10-05/retry-2/local-model-response.txt: OK
02_Deployment/AI370-2/Guides/docs/M13/evidence/local-model-fpga-engineering-2026-10-05/retry-2/local-model-response.txt.raw.gz: OK
02_Deployment/AI370-2/Guides/docs/M13/evidence/local-model-fpga-engineering-2026-10-05/retry-2/local-model-run.log: OK
02_Deployment/AI370-2/Guides/docs/M13/evidence/local-model-fpga-engineering-2026-10-05/retry-2/tool-feedback.txt: OK
02_Deployment/AI370-2/Guides/docs/M13/evidence/local-model-fpga-engineering-2026-10-05/retry-2/local-model-command.txt: OK
02_Deployment/AI370-2/Guides/docs/M13/evidence/local-model-fpga-engineering-2026-10-05/retry-2/local-model-correction-prompt.txt: OK
02_Deployment/AI370-2/Guides/docs/M13/evidence/local-model-fpga-engineering-2026-10-05/retry-3/git-apply-check.rc: OK
02_Deployment/AI370-2/Guides/docs/M13/evidence/local-model-fpga-engineering-2026-10-05/retry-3/local-model-run.log: OK
02_Deployment/AI370-2/Guides/docs/M13/evidence/local-model-fpga-engineering-2026-10-05/retry-3/interrupted-cpu-capped/local-model-response.txt.raw.gz: OK
02_Deployment/AI370-2/Guides/docs/M13/evidence/local-model-fpga-engineering-2026-10-05/retry-3/interrupted-cpu-capped/local-model-run.log: OK
02_Deployment/AI370-2/Guides/docs/M13/evidence/local-model-fpga-engineering-2026-10-05/retry-3/interrupted-cpu-capped/local-model-exitcode.txt: OK
02_Deployment/AI370-2/Guides/docs/M13/evidence/local-model-fpga-engineering-2026-10-05/retry-3/interrupted-cpu-capped/local-model-response.txt: OK
02_Deployment/AI370-2/Guides/docs/M13/evidence/local-model-fpga-engineering-2026-10-05/retry-3/local-model-exitcode.txt: OK
02_Deployment/AI370-2/Guides/docs/M13/evidence/local-model-fpga-engineering-2026-10-05/retry-3/local-model-response.txt: OK
02_Deployment/AI370-2/Guides/docs/M13/evidence/local-model-fpga-engineering-2026-10-05/retry-3/local-model-response.txt.raw.gz: OK
02_Deployment/AI370-2/Guides/docs/M13/evidence/local-model-fpga-engineering-2026-10-05/retry-3/model-generated.patch: OK
02_Deployment/AI370-2/Guides/docs/M13/evidence/local-model-fpga-engineering-2026-10-05/retry-3/tool-feedback.txt: OK
02_Deployment/AI370-2/Guides/docs/M13/evidence/local-model-fpga-engineering-2026-10-05/retry-3/git-apply-check.out: OK
02_Deployment/AI370-2/Guides/docs/M13/evidence/local-model-fpga-engineering-2026-10-05/retry-3/local-model-command.txt: OK
02_Deployment/AI370-2/Guides/docs/M13/evidence/local-model-fpga-engineering-2026-10-05/retry-3/local-model-correction-prompt.txt: OK
02_Deployment/AI370-2/Guides/docs/M13/evidence/local-model-fpga-engineering-2026-10-05/run-baseline/utilization.rpt: OK
02_Deployment/AI370-2/Guides/docs/M13/evidence/local-model-fpga-engineering-2026-10-05/run-baseline/vivado-console.log: OK
02_Deployment/AI370-2/Guides/docs/M13/evidence/local-model-fpga-engineering-2026-10-05/run-baseline/vivado.jou: OK
02_Deployment/AI370-2/Guides/docs/M13/evidence/local-model-fpga-engineering-2026-10-05/run-baseline/vivado.log: OK
02_Deployment/AI370-2/Guides/docs/M13/evidence/local-model-fpga-engineering-2026-10-05/run-baseline/xelab.log: OK
02_Deployment/AI370-2/Guides/docs/M13/evidence/local-model-fpga-engineering-2026-10-05/run-baseline/xsim.log: OK
02_Deployment/AI370-2/Guides/docs/M13/evidence/local-model-fpga-engineering-2026-10-05/run-baseline/xvlog.log: OK
02_Deployment/AI370-2/Guides/docs/M13/evidence/local-model-fpga-engineering-2026-10-05/run-baseline/timing-summary.rpt: OK
02_Deployment/AI370-2/Guides/docs/M13/evidence/local-model-fpga-engineering-2026-10-05/MODEL_RESIDENCY_COMPARISON.md: OK
02_Deployment/AI370-2/Guides/docs/M13/evidence/local-model-fpga-engineering-2026-10-05/STOPPED_CHECKPOINT_2026-10-05.md: OK
02_Deployment/AI370-2/Guides/docs/M13/evidence/local-model-fpga-engineering-2026-10-05/local-model-command.txt: OK
02_Deployment/AI370-2/Guides/docs/M13/RESULT.md: OK
02_Deployment/AI370-2/Guides/docs/M14/evidence/2026-10-02/apt-guard/safe-userspace-simulation.json: OK
02_Deployment/AI370-2/Guides/docs/M14/evidence/2026-10-02/apt-guard/safe-userspace-simulation.log: OK
02_Deployment/AI370-2/Guides/docs/M14/evidence/2026-10-02/apt-guard/README.md: OK
02_Deployment/AI370-2/Guides/docs/M14/evidence/2026-10-02/apt-guard/parser-tests.log: OK
02_Deployment/AI370-2/Guides/docs/M14/evidence/2026-10-02/evidence-audit-2026-10-02/apt-guard-tests.log: OK
02_Deployment/AI370-2/Guides/docs/M14/evidence/2026-10-02/evidence-audit-2026-10-02/checks.tsv: OK
02_Deployment/AI370-2/Guides/docs/M14/evidence/2026-10-02/evidence-audit-2026-10-02/console.log: OK
02_Deployment/AI370-2/Guides/docs/M14/evidence/2026-10-02/evidence-audit-2026-10-02/m11-regression-checksums.log: OK
02_Deployment/AI370-2/Guides/docs/M14/evidence/2026-10-02/evidence-audit-2026-10-02/m12-checksums.log: OK
02_Deployment/AI370-2/Guides/docs/M14/evidence/2026-10-02/evidence-audit-2026-10-02/m13-hls-checksums.log: OK
02_Deployment/AI370-2/Guides/docs/M14/evidence/2026-10-02/evidence-audit-2026-10-02/m13-workflow-checksums.log: OK
02_Deployment/AI370-2/Guides/docs/M14/evidence/2026-10-02/evidence-audit-2026-10-02/protected-stack.tsv: OK
02_Deployment/AI370-2/Guides/docs/M14/evidence/2026-10-02/evidence-audit-2026-10-02/run-metadata.txt: OK
02_Deployment/AI370-2/Guides/docs/M14/evidence/2026-10-02/evidence-audit-2026-10-02/summary.json: OK
02_Deployment/AI370-2/Guides/docs/M14/evidence/2026-10-02/evidence-audit-2026-10-02/README.md: OK
02_Deployment/AI370-2/Guides/docs/M14/evidence/2026-10-02/evidence-audit-2026-10-02/SHA256SUMS: OK
02_Deployment/AI370-2/Guides/docs/M14/evidence/2026-10-02/evidence-audit-20261002T152915+0800/apt-guard-tests.log: OK
02_Deployment/AI370-2/Guides/docs/M14/evidence/2026-10-02/evidence-audit-20261002T152915+0800/checks.tsv: OK
02_Deployment/AI370-2/Guides/docs/M14/evidence/2026-10-02/evidence-audit-20261002T152915+0800/m11-regression-checksums.log: OK
02_Deployment/AI370-2/Guides/docs/M14/evidence/2026-10-02/evidence-audit-20261002T152915+0800/m12-checksums.log: OK
02_Deployment/AI370-2/Guides/docs/M14/evidence/2026-10-02/evidence-audit-20261002T152915+0800/m12-clean-rebuild-checksums.log: OK
02_Deployment/AI370-2/Guides/docs/M14/evidence/2026-10-02/evidence-audit-20261002T152915+0800/m13-hls-checksums.log: OK
02_Deployment/AI370-2/Guides/docs/M14/evidence/2026-10-02/evidence-audit-20261002T152915+0800/m13-workflow-checksums.log: OK
02_Deployment/AI370-2/Guides/docs/M14/evidence/2026-10-02/evidence-audit-20261002T152915+0800/protected-stack.tsv: OK
02_Deployment/AI370-2/Guides/docs/M14/evidence/2026-10-02/evidence-audit-20261002T152915+0800/run-metadata.txt: OK
02_Deployment/AI370-2/Guides/docs/M14/evidence/2026-10-02/evidence-audit-20261002T152915+0800/summary.json: OK
02_Deployment/AI370-2/Guides/docs/M14/evidence/2026-10-02/evidence-audit-20261002T152915+0800/README.md: OK
02_Deployment/AI370-2/Guides/docs/M14/evidence/2026-10-02/evidence-audit-20261002T152915+0800/SHA256SUMS: OK
02_Deployment/AI370-2/Guides/docs/M14/evidence/2026-10-02/guarded-run-103455/llama-cpu-devices.log: OK
02_Deployment/AI370-2/Guides/docs/M14/evidence/2026-10-02/guarded-run-103455/llama-hip-devices.log: OK
02_Deployment/AI370-2/Guides/docs/M14/evidence/2026-10-02/guarded-run-103455/llama-vulkan-devices.log: OK
02_Deployment/AI370-2/Guides/docs/M14/evidence/2026-10-02/guarded-run-103455/npu-result.json: OK
02_Deployment/AI370-2/Guides/docs/M14/evidence/2026-10-02/guarded-run-103455/platforminfo-version.log: OK
02_Deployment/AI370-2/Guides/docs/M14/evidence/2026-10-02/guarded-run-103455/protected-stack.txt: OK
02_Deployment/AI370-2/Guides/docs/M14/evidence/2026-10-02/guarded-run-103455/ross-doc-search-mcp.json: OK
02_Deployment/AI370-2/Guides/docs/M14/evidence/2026-10-02/guarded-run-103455/ross-version.log: OK
02_Deployment/AI370-2/Guides/docs/M14/evidence/2026-10-02/guarded-run-103455/summary.json: OK
02_Deployment/AI370-2/Guides/docs/M14/evidence/2026-10-02/guarded-run-103455/vivado-version.log: OK
02_Deployment/AI370-2/Guides/docs/M14/evidence/2026-10-02/guarded-run-103455/vpp-version.log: OK
02_Deployment/AI370-2/Guides/docs/M14/evidence/2026-10-02/guarded-run-103455/vulkan.log: OK
02_Deployment/AI370-2/Guides/docs/M14/evidence/2026-10-02/guarded-run-103455/xrt-examine.log: OK
02_Deployment/AI370-2/Guides/docs/M14/evidence/2026-10-02/guarded-run-103455/hip.log: OK
02_Deployment/AI370-2/Guides/docs/M14/evidence/2026-10-02/guarded-run-103455/kernel-faults.log: OK
02_Deployment/AI370-2/Guides/docs/M14/evidence/2026-10-02/m12-clean-rebuild/bitstream-sha256.txt: OK
02_Deployment/AI370-2/Guides/docs/M14/evidence/2026-10-02/m12-clean-rebuild/drc-routed.rpt: OK
02_Deployment/AI370-2/Guides/docs/M14/evidence/2026-10-02/m12-clean-rebuild/jtag_axi_0_impl.xdc: OK
02_Deployment/AI370-2/Guides/docs/M14/evidence/2026-10-02/m12-clean-rebuild/run-metadata.txt: OK
02_Deployment/AI370-2/Guides/docs/M14/evidence/2026-10-02/m12-clean-rebuild/timing-summary-routed.rpt: OK
02_Deployment/AI370-2/Guides/docs/M14/evidence/2026-10-02/m12-clean-rebuild/utilization-placed.rpt: OK
02_Deployment/AI370-2/Guides/docs/M14/evidence/2026-10-02/m12-clean-rebuild/vivado-build.log: OK
02_Deployment/AI370-2/Guides/docs/M14/evidence/2026-10-02/m12-clean-rebuild/README.md: OK
02_Deployment/AI370-2/Guides/docs/M14/evidence/2026-10-02/m12-clean-rebuild/SHA256SUMS: OK
02_Deployment/AI370-2/Guides/docs/M14/evidence/2026-10-06/read-only-evidence-audit/apt-guard-tests.log: OK
02_Deployment/AI370-2/Guides/docs/M14/evidence/2026-10-06/read-only-evidence-audit/checks.tsv: OK
02_Deployment/AI370-2/Guides/docs/M14/evidence/2026-10-06/read-only-evidence-audit/m11-regression-checksums.log: OK
02_Deployment/AI370-2/Guides/docs/M14/evidence/2026-10-06/read-only-evidence-audit/m12-checksums.log: OK
02_Deployment/AI370-2/Guides/docs/M14/evidence/2026-10-06/read-only-evidence-audit/m12-clean-rebuild-checksums.log: OK
02_Deployment/AI370-2/Guides/docs/M14/evidence/2026-10-06/read-only-evidence-audit/m13-hls-checksums.log: OK
02_Deployment/AI370-2/Guides/docs/M14/evidence/2026-10-06/read-only-evidence-audit/m13-local-qwen-checksums.log: OK
02_Deployment/AI370-2/Guides/docs/M14/evidence/2026-10-06/read-only-evidence-audit/m13-workflow-checksums.log: OK
02_Deployment/AI370-2/Guides/docs/M14/evidence/2026-10-06/read-only-evidence-audit/protected-stack.tsv: OK
02_Deployment/AI370-2/Guides/docs/M14/evidence/2026-10-06/read-only-evidence-audit/run-metadata.txt: OK
02_Deployment/AI370-2/Guides/docs/M14/evidence/2026-10-06/read-only-evidence-audit/summary.json: OK
02_Deployment/AI370-2/Guides/docs/M14/evidence/2026-10-06/read-only-evidence-audit/final-20261006T164421/checks.tsv: OK
02_Deployment/AI370-2/Guides/docs/M14/evidence/2026-10-06/read-only-evidence-audit/final-20261006T164421/m12-checksums.log: OK
02_Deployment/AI370-2/Guides/docs/M14/evidence/2026-10-06/read-only-evidence-audit/final-20261006T164421/m12-clean-rebuild-checksums.log: OK
02_Deployment/AI370-2/Guides/docs/M14/evidence/2026-10-06/read-only-evidence-audit/final-20261006T164421/m13-hls-checksums.log: OK
02_Deployment/AI370-2/Guides/docs/M14/evidence/2026-10-06/read-only-evidence-audit/final-20261006T164421/m13-local-qwen-checksums.log: OK
02_Deployment/AI370-2/Guides/docs/M14/evidence/2026-10-06/read-only-evidence-audit/final-20261006T164421/m13-local-tool-checksums.log: OK
02_Deployment/AI370-2/Guides/docs/M14/evidence/2026-10-06/read-only-evidence-audit/final-20261006T164421/m13-workflow-checksums.log: OK
02_Deployment/AI370-2/Guides/docs/M14/evidence/2026-10-06/read-only-evidence-audit/final-20261006T164421/protected-stack.tsv: OK
02_Deployment/AI370-2/Guides/docs/M14/evidence/2026-10-06/read-only-evidence-audit/final-20261006T164421/run-metadata.txt: OK
02_Deployment/AI370-2/Guides/docs/M14/evidence/2026-10-06/read-only-evidence-audit/final-20261006T164421/summary.json: OK
02_Deployment/AI370-2/Guides/docs/M14/evidence/2026-10-06/read-only-evidence-audit/final-20261006T164421/apt-guard-tests.log: OK
02_Deployment/AI370-2/Guides/docs/M14/evidence/2026-10-06/read-only-evidence-audit/final-20261006T164421/m11-regression-checksums.log: OK
02_Deployment/AI370-2/Guides/docs/M14/evidence/2026-10-06/read-only-evidence-audit/final-20261006T165207/checks.tsv: OK
02_Deployment/AI370-2/Guides/docs/M14/evidence/2026-10-06/read-only-evidence-audit/final-20261006T165207/m12-checksums.log: OK
02_Deployment/AI370-2/Guides/docs/M14/evidence/2026-10-06/read-only-evidence-audit/final-20261006T165207/m12-clean-rebuild-checksums.log: OK
02_Deployment/AI370-2/Guides/docs/M14/evidence/2026-10-06/read-only-evidence-audit/final-20261006T165207/m13-hls-checksums.log: OK
02_Deployment/AI370-2/Guides/docs/M14/evidence/2026-10-06/read-only-evidence-audit/final-20261006T165207/m13-local-qwen-checksums.log: OK
02_Deployment/AI370-2/Guides/docs/M14/evidence/2026-10-06/read-only-evidence-audit/final-20261006T165207/m13-local-tool-checksums.log: OK
02_Deployment/AI370-2/Guides/docs/M14/evidence/2026-10-06/read-only-evidence-audit/final-20261006T165207/m13-workflow-checksums.log: OK
02_Deployment/AI370-2/Guides/docs/M14/evidence/2026-10-06/read-only-evidence-audit/final-20261006T165207/protected-stack.tsv: OK
02_Deployment/AI370-2/Guides/docs/M14/evidence/2026-10-06/read-only-evidence-audit/final-20261006T165207/run-metadata.txt: OK
02_Deployment/AI370-2/Guides/docs/M14/evidence/2026-10-06/read-only-evidence-audit/final-20261006T165207/summary.json: OK
02_Deployment/AI370-2/Guides/docs/M14/evidence/2026-10-06/read-only-evidence-audit/final-20261006T165207/apt-guard-tests.log: OK
02_Deployment/AI370-2/Guides/docs/M14/evidence/2026-10-06/read-only-evidence-audit/final-20261006T165207/m11-regression-checksums.log: OK
02_Deployment/AI370-2/Guides/docs/M14/evidence/2026-10-06/read-only-evidence-audit/README.md: OK
02_Deployment/AI370-2/Guides/docs/M14/evidence/2026-10-06/read-only-evidence-audit/SHA256SUMS: OK
02_Deployment/AI370-2/Guides/docs/M14/RESULT.md: OK
02_Deployment/AI370-2/Guides/docs/M15/evidence/2026-10-02/unified-final-validation/final-suite-kernel-faults.log: OK
02_Deployment/AI370-2/Guides/docs/M15/evidence/2026-10-02/unified-final-validation/metadata-parser-correction.log: OK
02_Deployment/AI370-2/Guides/docs/M15/evidence/2026-10-02/unified-final-validation/metadata-parser-results.tsv: OK
02_Deployment/AI370-2/Guides/docs/M15/evidence/2026-10-02/unified-final-validation/metadata-parser-runtime.txt: OK
02_Deployment/AI370-2/Guides/docs/M15/evidence/2026-10-02/unified-final-validation/platform-after.txt: OK
02_Deployment/AI370-2/Guides/docs/M15/evidence/2026-10-02/unified-final-validation/models/Qwen3.6-35B-A3B-Uncensored-HauhauCS-Aggressive-IQ2_M.gguf.metadata.json: OK
02_Deployment/AI370-2/Guides/docs/M15/evidence/2026-10-02/unified-final-validation/models/Qwen3.6-35B-A3B-Uncensored-HauhauCS-Aggressive-IQ2_M.gguf.metadata.stderr: OK
02_Deployment/AI370-2/Guides/docs/M15/evidence/2026-10-02/unified-final-validation/models/Qwen3.8-27B-UD-Q4_K_M.gguf.metadata.json: OK
02_Deployment/AI370-2/Guides/docs/M15/evidence/2026-10-02/unified-final-validation/models/Qwen3.8-27B-UD-Q4_K_M.gguf.metadata.stderr: OK
02_Deployment/AI370-2/Guides/docs/M15/evidence/2026-10-02/unified-final-validation/models/Qwen3.8-27B-UD-Q4_K_XL.gguf.metadata.json: OK
02_Deployment/AI370-2/Guides/docs/M15/evidence/2026-10-02/unified-final-validation/models/Qwen3.8-27B-UD-Q4_K_XL.gguf.metadata.stderr: OK
02_Deployment/AI370-2/Guides/docs/M15/evidence/2026-10-02/unified-final-validation/models/Qwen3.8-27B-Uncensored-Q4_K_M.gguf.metadata.json: OK
02_Deployment/AI370-2/Guides/docs/M15/evidence/2026-10-02/unified-final-validation/models/Qwen3.8-27B-Uncensored-Q4_K_M.gguf.metadata.stderr: OK
02_Deployment/AI370-2/Guides/docs/M15/evidence/2026-10-02/unified-final-validation/models/file-inventory.tsv: OK
02_Deployment/AI370-2/Guides/docs/M15/evidence/2026-10-02/unified-final-validation/models/gemma-4-31b-jang-crack-Q4_K_M.gguf.metadata.json: OK
02_Deployment/AI370-2/Guides/docs/M15/evidence/2026-10-02/unified-final-validation/models/gemma-4-31b-jang-crack-Q4_K_M.gguf.metadata.stderr: OK
02_Deployment/AI370-2/Guides/docs/M15/evidence/2026-10-02/unified-final-validation/models/m7-iq2-cpu.log: OK
02_Deployment/AI370-2/Guides/docs/M15/evidence/2026-10-02/unified-final-validation/models/m7-iq2-hip.log: OK
02_Deployment/AI370-2/Guides/docs/M15/evidence/2026-10-02/unified-final-validation/models/m7-iq2-vulkan.log: OK
02_Deployment/AI370-2/Guides/docs/M15/evidence/2026-10-02/unified-final-validation/models/metadata-parser-correction.log: OK
02_Deployment/AI370-2/Guides/docs/M15/evidence/2026-10-02/unified-final-validation/models/metadata-parser-results.tsv: OK
02_Deployment/AI370-2/Guides/docs/M15/evidence/2026-10-02/unified-final-validation/models/metadata-parser-runtime.txt: OK
02_Deployment/AI370-2/Guides/docs/M15/evidence/2026-10-02/unified-final-validation/models/mmproj-Qwen3.6-35B-A3B-Uncensored-HauhauCS-Aggressive-f16.gguf.metadata.json: OK
02_Deployment/AI370-2/Guides/docs/M15/evidence/2026-10-02/unified-final-validation/models/mmproj-Qwen3.6-35B-A3B-Uncensored-HauhauCS-Aggressive-f16.gguf.metadata.stderr: OK
02_Deployment/AI370-2/Guides/docs/M15/evidence/2026-10-02/unified-final-validation/models/model-summary.tsv: OK
02_Deployment/AI370-2/Guides/docs/M15/evidence/2026-10-02/unified-final-validation/models/sha256.txt: OK
02_Deployment/AI370-2/Guides/docs/M15/evidence/2026-10-02/unified-final-validation/models/Qwen3.6-35B-A3B-Q8_0.gguf.metadata.json: OK
02_Deployment/AI370-2/Guides/docs/M15/evidence/2026-10-02/unified-final-validation/models/Qwen3.6-35B-A3B-Q8_0.gguf.metadata.stderr: OK
02_Deployment/AI370-2/Guides/docs/M15/evidence/2026-10-02/unified-final-validation/platform-before.txt: OK
02_Deployment/AI370-2/Guides/docs/M15/evidence/2026-10-02/unified-final-validation/run-metadata.txt: OK
02_Deployment/AI370-2/Guides/docs/M15/evidence/2026-10-02/unified-final-validation/security-privilege-cleanup.log: OK
02_Deployment/AI370-2/Guides/docs/M15/evidence/2026-10-02/unified-final-validation/status-final.tsv: OK
02_Deployment/AI370-2/Guides/docs/M15/evidence/2026-10-02/unified-final-validation/status-initial.tsv: OK
02_Deployment/AI370-2/Guides/docs/M15/evidence/2026-10-02/unified-final-validation/storage-checkpoint-capacity.txt: OK
02_Deployment/AI370-2/Guides/docs/M15/evidence/2026-10-02/unified-final-validation/systemd-health.txt: OK
02_Deployment/AI370-2/Guides/docs/M15/evidence/2026-10-02/unified-final-validation/vitis-run-version.log: OK
02_Deployment/AI370-2/Guides/docs/M15/evidence/2026-10-02/unified-final-validation/workstation-verifier-kernel-faults.log: OK
02_Deployment/AI370-2/Guides/docs/M15/evidence/2026-10-02/unified-final-validation/workstation-verifier.log: OK
02_Deployment/AI370-2/Guides/docs/M15/evidence/2026-10-02/unified-final-validation/workstation/hip.log: OK
02_Deployment/AI370-2/Guides/docs/M15/evidence/2026-10-02/unified-final-validation/workstation/llama-cpu-devices.log: OK
02_Deployment/AI370-2/Guides/docs/M15/evidence/2026-10-02/unified-final-validation/workstation/llama-hip-devices.log: OK
02_Deployment/AI370-2/Guides/docs/M15/evidence/2026-10-02/unified-final-validation/workstation/llama-vulkan-devices.log: OK
02_Deployment/AI370-2/Guides/docs/M15/evidence/2026-10-02/unified-final-validation/workstation/npu-cnn.log: OK
02_Deployment/AI370-2/Guides/docs/M15/evidence/2026-10-02/unified-final-validation/workstation/npu-ort-profile.json: OK
02_Deployment/AI370-2/Guides/docs/M15/evidence/2026-10-02/unified-final-validation/workstation/npu-result.json: OK
02_Deployment/AI370-2/Guides/docs/M15/evidence/2026-10-02/unified-final-validation/workstation/platforminfo-version.log: OK
02_Deployment/AI370-2/Guides/docs/M15/evidence/2026-10-02/unified-final-validation/workstation/protected-stack.txt: OK
02_Deployment/AI370-2/Guides/docs/M15/evidence/2026-10-02/unified-final-validation/workstation/ross-doc-search-mcp.json: OK
02_Deployment/AI370-2/Guides/docs/M15/evidence/2026-10-02/unified-final-validation/workstation/ross-version.log: OK
02_Deployment/AI370-2/Guides/docs/M15/evidence/2026-10-02/unified-final-validation/workstation/summary.json: OK
02_Deployment/AI370-2/Guides/docs/M15/evidence/2026-10-02/unified-final-validation/workstation/system-inventory.txt: OK
02_Deployment/AI370-2/Guides/docs/M15/evidence/2026-10-02/unified-final-validation/workstation/vivado-version.log: OK
02_Deployment/AI370-2/Guides/docs/M15/evidence/2026-10-02/unified-final-validation/workstation/vpp-version.log: OK
02_Deployment/AI370-2/Guides/docs/M15/evidence/2026-10-02/unified-final-validation/workstation/vulkan.log: OK
02_Deployment/AI370-2/Guides/docs/M15/evidence/2026-10-02/unified-final-validation/workstation/xrt-examine.log: OK
02_Deployment/AI370-2/Guides/docs/M15/evidence/2026-10-02/unified-final-validation/workstation/checks.tsv: OK
02_Deployment/AI370-2/Guides/docs/M15/evidence/2026-10-02/unified-final-validation/workstation/kernel-faults.log: OK
02_Deployment/AI370-2/Guides/docs/M15/evidence/2026-10-02/unified-final-validation/README.md: OK
02_Deployment/AI370-2/Guides/docs/M15/evidence/2026-10-02/unified-final-validation/SHA256SUMS: OK
02_Deployment/AI370-2/Guides/docs/M15/evidence/2026-10-02/unified-final-validation/pre-vivado-checkpoint-restore.txt: OK
02_Deployment/AI370-2/Guides/docs/M15/evidence/2026-10-02/t7-deployment/bundle-clone.log: OK
02_Deployment/AI370-2/Guides/docs/M15/evidence/2026-10-02/t7-deployment/bundle-verify.log: OK
02_Deployment/AI370-2/Guides/docs/M15/evidence/2026-10-02/t7-deployment/current-bundle-verify.log: OK
02_Deployment/AI370-2/Guides/docs/M15/evidence/2026-10-02/t7-deployment/mount.txt: OK
02_Deployment/AI370-2/Guides/docs/M15/evidence/2026-10-02/t7-deployment/sha256sum-quick-check.txt: OK
02_Deployment/AI370-2/Guides/docs/M15/evidence/2026-10-02/t7-deployment/SHA256SUMS.txt: OK
02_Deployment/AI370-2/Guides/docs/M15/evidence/2026-10-02/t7-deployment/bundle-clone-result.txt: OK
02_Deployment/AI370-2/Guides/docs/M15/evidence/2026-10-06/t7-deployment/RESULT.md: OK
02_Deployment/AI370-2/Guides/docs/M15/evidence/2026-10-06/final-security-audit/sudo-list.log: OK
02_Deployment/AI370-2/Guides/docs/M15/evidence/2026-10-06/final-security-audit/sudoers-file-modes.txt: OK
02_Deployment/AI370-2/Guides/docs/M15/evidence/2026-10-06/final-security-audit/visudo-check.log: OK
02_Deployment/AI370-2/Guides/docs/M15/evidence/2026-10-06/final-security-audit/README.md: OK
02_Deployment/AI370-2/Guides/docs/M15/evidence/2026-10-06/final-security-audit/SHA256SUMS: OK
02_Deployment/AI370-2/Guides/docs/M15/evidence/2026-10-06/t7-final-verification/sha256sum-full-check.log: OK
02_Deployment/AI370-2/Guides/docs/M15/evidence/2026-10-06/t7-final-verification/RESULT.md: OK
02_Deployment/AI370-2/Guides/docs/M15/evidence/2026-10-06/t7-final-verification/SHA256SUMS: OK
02_Deployment/AI370-2/Guides/docs/M15/evidence/2026-10-06/t7-latest-sync/RESULT.md: OK
02_Deployment/AI370-2/Guides/docs/M15/evidence/2026-10-06/t7-latest-sync/SHA256SUMS: OK
02_Deployment/AI370-2/Guides/docs/M15/evidence/2026-10-06/t7-latest-sync/sha256sum-full-check.log: OK
02_Deployment/AI370-2/Guides/docs/M15/RESULT.md: OK
02_Deployment/AI370-2/Guides/docs/M2_EXTENSIONS.txt: OK
02_Deployment/AI370-2/Guides/docs/M4_VULKAN_PRECHECK.md: OK
02_Deployment/AI370-2/Guides/docs/M5_NPU_GATE.md: OK
02_Deployment/AI370-2/Guides/docs/M3/RESULT.md: OK
02_Deployment/AI370-2/Guides/docs/M3/device-libs-install.txt: OK
02_Deployment/AI370-2/Guides/docs/M3/device-libs-simulation.txt: OK
02_Deployment/AI370-2/Guides/docs/M3/hip-build.txt: OK
02_Deployment/AI370-2/Guides/docs/M3/hip-compute.txt: OK
02_Deployment/AI370-2/Guides/docs/M3/hipconfig.txt: OK
02_Deployment/AI370-2/Guides/docs/M3/kernel-verify.txt: OK
02_Deployment/AI370-2/Guides/docs/M3/maintainer-scripts.txt: OK
02_Deployment/AI370-2/Guides/docs/M3/matched-header-manifest.json: OK
02_Deployment/AI370-2/Guides/docs/M3/package-diff.json: OK
02_Deployment/AI370-2/Guides/docs/M3/rocm-allowlist.json: OK
02_Deployment/AI370-2/Guides/docs/M3/rocm-final-simulation.txt: OK
02_Deployment/AI370-2/Guides/docs/M3/rocm-install.txt: OK
02_Deployment/AI370-2/Guides/docs/M3/rocm-matched-simulation.txt: OK
02_Deployment/AI370-2/Guides/docs/M3/rocm-simulation.txt: OK
02_Deployment/AI370-2/Guides/docs/M3/rocminfo.txt: OK
02_Deployment/AI370-2/Guides/docs/M3/vulkan-regression.txt: OK
02_Deployment/AI370-2/Guides/docs/M3/GRAPHICS_APPROVAL_GATE.md: OK
02_Deployment/AI370-2/Guides/docs/M3/approved-local-paths.json: OK
02_Deployment/AI370-2/Guides/docs/MASTER_PLAN_REVIEW.md: OK
02_Deployment/AI370-2/Guides/docs/M5/REBUILD_GATE.md: OK
02_Deployment/AI370-2/Guides/docs/M5/RESULT.md: OK
02_Deployment/AI370-2/Guides/docs/M5/amdxdna-before.sha256: OK
02_Deployment/AI370-2/Guides/docs/M5/reboot/STATUS: OK
02_Deployment/AI370-2/Guides/docs/M5/reboot/cnn-result.json: OK
02_Deployment/AI370-2/Guides/docs/M5/reboot/cnn.txt: OK
02_Deployment/AI370-2/Guides/docs/M5/reboot/dkms.txt: OK
02_Deployment/AI370-2/Guides/docs/M5/reboot/hip.txt: OK
02_Deployment/AI370-2/Guides/docs/M5/reboot/kernel-failure.txt: OK
02_Deployment/AI370-2/Guides/docs/M5/reboot/kernel-policy.txt: OK
02_Deployment/AI370-2/Guides/docs/M5/reboot/kernel.txt: OK
02_Deployment/AI370-2/Guides/docs/M5/reboot/module.txt: OK
02_Deployment/AI370-2/Guides/docs/M5/reboot/ort-profile.json: OK
02_Deployment/AI370-2/Guides/docs/M5/reboot/recovery-current-hip.txt: OK
02_Deployment/AI370-2/Guides/docs/M5/reboot/recovery-current-state.txt: OK
02_Deployment/AI370-2/Guides/docs/M5/reboot/recovery-current-vulkan.txt: OK
02_Deployment/AI370-2/Guides/docs/M5/reboot/recovery-current-xrt.txt: OK
02_Deployment/AI370-2/Guides/docs/M5/reboot/rollback-hip.txt: OK
02_Deployment/AI370-2/Guides/docs/M5/reboot/rollback-vulkan.txt: OK
02_Deployment/AI370-2/Guides/docs/M5/reboot/rollback.txt: OK
02_Deployment/AI370-2/Guides/docs/M5/reboot/secure-boot.txt: OK
02_Deployment/AI370-2/Guides/docs/M5/reboot/verification.txt: OK
02_Deployment/AI370-2/Guides/docs/M5/reboot/vulkan.txt: OK
02_Deployment/AI370-2/Guides/docs/M5/reboot/xrt-examine.txt: OK
02_Deployment/AI370-2/Guides/docs/M5/reboot/RESULT.md: OK
02_Deployment/AI370-2/Guides/docs/M5/reboot/SOLUTION.md: OK
02_Deployment/AI370-2/Guides/docs/M5/retry/cnn-result.json: OK
02_Deployment/AI370-2/Guides/docs/M5/retry/previous-policy-false-negative/STATUS: OK
02_Deployment/AI370-2/Guides/docs/M5/retry/previous-policy-false-negative/cnn.txt: OK
02_Deployment/AI370-2/Guides/docs/M5/retry/previous-policy-false-negative/dkms.txt: OK
02_Deployment/AI370-2/Guides/docs/M5/retry/previous-policy-false-negative/hip.txt: OK
02_Deployment/AI370-2/Guides/docs/M5/retry/previous-policy-false-negative/kernel-failure.txt: OK
02_Deployment/AI370-2/Guides/docs/M5/retry/previous-policy-false-negative/kernel.txt: OK
02_Deployment/AI370-2/Guides/docs/M5/retry/previous-policy-false-negative/module.txt: OK
02_Deployment/AI370-2/Guides/docs/M5/retry/previous-policy-false-negative/ort-profile.json: OK
02_Deployment/AI370-2/Guides/docs/M5/retry/previous-policy-false-negative/recovery-current-hip.txt: OK
02_Deployment/AI370-2/Guides/docs/M5/retry/previous-policy-false-negative/recovery-current-state.txt: OK
02_Deployment/AI370-2/Guides/docs/M5/retry/previous-policy-false-negative/recovery-current-vulkan.txt: OK
02_Deployment/AI370-2/Guides/docs/M5/retry/previous-policy-false-negative/recovery-current-xrt.txt: OK
02_Deployment/AI370-2/Guides/docs/M5/retry/previous-policy-false-negative/rollback-hip.txt: OK
02_Deployment/AI370-2/Guides/docs/M5/retry/previous-policy-false-negative/rollback-vulkan.txt: OK
02_Deployment/AI370-2/Guides/docs/M5/retry/previous-policy-false-negative/rollback.txt: OK
02_Deployment/AI370-2/Guides/docs/M5/retry/previous-policy-false-negative/verification.txt: OK
02_Deployment/AI370-2/Guides/docs/M5/retry/previous-policy-false-negative/vulkan.txt: OK
02_Deployment/AI370-2/Guides/docs/M5/retry/previous-policy-false-negative/xrt-examine.txt: OK
02_Deployment/AI370-2/Guides/docs/M5/retry/previous-policy-false-negative/RESULT.md: OK
02_Deployment/AI370-2/Guides/docs/M5/retry/previous-policy-false-negative/cnn-result.json: OK
02_Deployment/AI370-2/Guides/docs/M5/retry/cnn.txt: OK
02_Deployment/AI370-2/Guides/docs/M5/retry/hip.txt: OK
02_Deployment/AI370-2/Guides/docs/M5/retry/loaded-version.txt: OK
02_Deployment/AI370-2/Guides/docs/M5/retry/module-path.txt: OK
02_Deployment/AI370-2/Guides/docs/M5/retry/ort-profile.json: OK
02_Deployment/AI370-2/Guides/docs/M5/retry/secure-boot.txt: OK
02_Deployment/AI370-2/Guides/docs/M5/retry/switch.txt: OK
02_Deployment/AI370-2/Guides/docs/M5/retry/vulkan.txt: OK
02_Deployment/AI370-2/Guides/docs/M5/retry/xrt.txt: OK
02_Deployment/AI370-2/Guides/docs/M5/retry/REBOOT_HANDOFF.md: OK
02_Deployment/AI370-2/Guides/docs/M5/retry/dpkg-audit.txt: OK
02_Deployment/AI370-2/Guides/docs/M5/amdxdna-before.txt: OK
02_Deployment/AI370-2/Guides/docs/M5/cnn-workload.txt: OK
02_Deployment/AI370-2/Guides/docs/M5/firmware-before.sha256: OK
02_Deployment/AI370-2/Guides/docs/M5/firmware-integrity-after.txt: OK
02_Deployment/AI370-2/Guides/docs/M5/hip-regression.txt: OK
02_Deployment/AI370-2/Guides/docs/M5/kernel-workload.txt: OK
02_Deployment/AI370-2/Guides/docs/M5/package-diff.json: OK
02_Deployment/AI370-2/Guides/docs/M5/permissions-before.txt: OK
02_Deployment/AI370-2/Guides/docs/M5/models/small-qdq-conv.onnx: OK
02_Deployment/AI370-2/Guides/docs/M5/models/small-matmul.onnx: OK
02_Deployment/AI370-2/Guides/docs/M5/python-freeze.txt: OK
02_Deployment/AI370-2/Guides/docs/M5/python-install.txt: OK
02_Deployment/AI370-2/Guides/docs/M5/python-resolve.txt: OK
02_Deployment/AI370-2/Guides/docs/M5/shim-payload.json: OK
02_Deployment/AI370-2/Guides/docs/M5/vulkan-regression.txt: OK
02_Deployment/AI370-2/Guides/docs/M5/research/VTD-tree.json: OK
02_Deployment/AI370-2/Guides/docs/M5/research/dkms-live-cnn-strict.txt: OK
02_Deployment/AI370-2/Guides/docs/M5/research/dkms-live-cnn.txt: OK
02_Deployment/AI370-2/Guides/docs/M5/research/dkms-resource.json: OK
02_Deployment/AI370-2/Guides/docs/M5/research/dkms-simulation.txt: OK
02_Deployment/AI370-2/Guides/docs/M5/research/dkms-status.txt: OK
02_Deployment/AI370-2/Guides/docs/M5/research/driver-dpkg-install.txt: OK
02_Deployment/AI370-2/Guides/docs/M5/research/driver-install-retry.txt: OK
02_Deployment/AI370-2/Guides/docs/M5/research/driver-install-simulation.txt: OK
02_Deployment/AI370-2/Guides/docs/M5/research/driver-install.txt: OK
02_Deployment/AI370-2/Guides/docs/M5/research/driver-package-diff.json: OK
02_Deployment/AI370-2/Guides/docs/M5/research/firmware-integrity.txt: OK
02_Deployment/AI370-2/Guides/docs/M5/research/gemm-no-archive.txt: OK
02_Deployment/AI370-2/Guides/docs/M5/research/gemm-vtd21.txt: OK
02_Deployment/AI370-2/Guides/docs/M5/research/hip-regression.txt: OK
02_Deployment/AI370-2/Guides/docs/M5/research/initramfs-npu.txt: OK
02_Deployment/AI370-2/Guides/docs/M5/research/initramfs-update.txt: OK
02_Deployment/AI370-2/Guides/docs/M5/research/latency-vtd21.txt: OK
02_Deployment/AI370-2/Guides/docs/M5/research/legacy-cnn.txt: OK
02_Deployment/AI370-2/Guides/docs/M5/research/legacy-x1.txt: OK
02_Deployment/AI370-2/Guides/docs/M5/research/live-ort-profile.json: OK
02_Deployment/AI370-2/Guides/docs/M5/research/loaded-driver.txt: OK
02_Deployment/AI370-2/Guides/docs/M5/research/module-integrity.txt: OK
02_Deployment/AI370-2/Guides/docs/M5/research/packages-post-switch.txt: OK
02_Deployment/AI370-2/Guides/docs/M5/research/post-switch-examine.txt: OK
02_Deployment/AI370-2/Guides/docs/M5/research/post-switch-hip.txt: OK
02_Deployment/AI370-2/Guides/docs/M5/research/post-switch-vulkan.txt: OK
02_Deployment/AI370-2/Guides/docs/M5/research/resource-verification.json: OK
02_Deployment/AI370-2/Guides/docs/M5/research/vaiml-small.txt: OK
02_Deployment/AI370-2/Guides/docs/M5/research/vtd21-tree.json: OK
02_Deployment/AI370-2/Guides/docs/M5/research/vulkan-regression.txt: OK
02_Deployment/AI370-2/Guides/docs/M5/research/xdna-driver-tree.json: OK
02_Deployment/AI370-2/Guides/docs/M5/research/xdna21-tree.json: OK
02_Deployment/AI370-2/Guides/docs/M5/research/live-cnn-result.json: OK
02_Deployment/AI370-2/Guides/docs/M5/research/CP5-verification.txt: OK
02_Deployment/AI370-2/Guides/docs/M5/research/dkms-build-precheck.txt: OK
02_Deployment/AI370-2/Guides/docs/M5/small-qdq-conv-workload.txt: OK
02_Deployment/AI370-2/Guides/docs/M5/workload-models.json: OK
02_Deployment/AI370-2/Guides/docs/M5/xrt-device-details.txt: OK
02_Deployment/AI370-2/Guides/docs/M5/xrt-examine.txt: OK
02_Deployment/AI370-2/Guides/docs/M5/xrt-final-simulation.txt: OK
02_Deployment/AI370-2/Guides/docs/M5/xrt-gemm.txt: OK
02_Deployment/AI370-2/Guides/docs/M5/xrt-install.txt: OK
02_Deployment/AI370-2/Guides/docs/M5/xrt-runtime-simulation.txt: OK
02_Deployment/AI370-2/Guides/docs/M5/xrt-simulation.txt: OK
02_Deployment/AI370-2/Guides/docs/M5/xrt-validate-help.txt: OK
02_Deployment/AI370-2/Guides/docs/M5/xrt_plugin.2.21.260102.53.release_24.04-amd64-amdxdna.deb.postinst: OK
02_Deployment/AI370-2/Guides/docs/M5/xrt_plugin.2.21.260102.53.release_24.04-amd64-amdxdna.deb.prerm: OK
02_Deployment/AI370-2/Guides/docs/M5/cnn-result.json: OK
02_Deployment/AI370-2/Guides/docs/M5/PRE_REBOOT_RESULT.md: OK
02_Deployment/AI370-2/Guides/docs/M5/driver-integrity-after.txt: OK
02_Deployment/AI370-2/Guides/docs/M5/small-matmul-workload.txt: OK
02_Deployment/AI370-2/Guides/docs/M6/PRECHECK.md: OK
02_Deployment/AI370-2/Guides/docs/M6/RESULT.md: OK
02_Deployment/AI370-2/Guides/docs/M7/QWEN36_Q8_SMOKE.md: OK
02_Deployment/AI370-2/Guides/docs/M7/QWEN38_CANDIDATE_MODELS.md: OK
02_Deployment/AI370-2/Guides/docs/M7/RESULT.md: OK
02_Deployment/AI370-2/Guides/docs/M7/evidence/model-evaluation-2026-10-02/final-kernel-faults.log: OK
02_Deployment/AI370-2/Guides/docs/M7/evidence/model-evaluation-2026-10-02/final-kernel.err: OK
02_Deployment/AI370-2/Guides/docs/M7/evidence/model-evaluation-2026-10-02/final-kernel.log: OK
02_Deployment/AI370-2/Guides/docs/M7/evidence/model-evaluation-2026-10-02/gemma4-31b-cpu-smoke.log: OK
02_Deployment/AI370-2/Guides/docs/M7/evidence/model-evaluation-2026-10-02/gemma4-31b-cpu-smoke.rc: OK
02_Deployment/AI370-2/Guides/docs/M7/evidence/model-evaluation-2026-10-02/gemma4-31b-rocm-kernel-faults.log: OK
02_Deployment/AI370-2/Guides/docs/M7/evidence/model-evaluation-2026-10-02/gemma4-31b-rocm-kernel.err: OK
02_Deployment/AI370-2/Guides/docs/M7/evidence/model-evaluation-2026-10-02/gemma4-31b-rocm-kernel.log: OK
02_Deployment/AI370-2/Guides/docs/M7/evidence/model-evaluation-2026-10-02/gemma4-31b-rocm-smoke.log: OK
02_Deployment/AI370-2/Guides/docs/M7/evidence/model-evaluation-2026-10-02/gemma4-31b-rocm-smoke.rc: OK
02_Deployment/AI370-2/Guides/docs/M7/evidence/model-evaluation-2026-10-02/gemma4-31b-vulkan-kernel-faults.log: OK
02_Deployment/AI370-2/Guides/docs/M7/evidence/model-evaluation-2026-10-02/gemma4-31b-vulkan-kernel.err: OK
02_Deployment/AI370-2/Guides/docs/M7/evidence/model-evaluation-2026-10-02/gemma4-31b-vulkan-kernel.log: OK
02_Deployment/AI370-2/Guides/docs/M7/evidence/model-evaluation-2026-10-02/gemma4-31b-vulkan-smoke.log: OK
02_Deployment/AI370-2/Guides/docs/M7/evidence/model-evaluation-2026-10-02/gemma4-31b-vulkan-smoke.rc: OK
02_Deployment/AI370-2/Guides/docs/M7/evidence/model-evaluation-2026-10-02/platform-after.txt: OK
02_Deployment/AI370-2/Guides/docs/M7/evidence/model-evaluation-2026-10-02/pre-gemma4-31b-rocm-resources.txt: OK
02_Deployment/AI370-2/Guides/docs/M7/evidence/model-evaluation-2026-10-02/pre-gemma4-31b-vulkan-resources.txt: OK
02_Deployment/AI370-2/Guides/docs/M7/evidence/model-evaluation-2026-10-02/pre-qwen3-14b-rocm-resources.txt: OK
02_Deployment/AI370-2/Guides/docs/M7/evidence/model-evaluation-2026-10-02/pre-qwen3-14b-vulkan-resources.txt: OK
02_Deployment/AI370-2/Guides/docs/M7/evidence/model-evaluation-2026-10-02/pre-qwen35-9b-rocm-resources.txt: OK
02_Deployment/AI370-2/Guides/docs/M7/evidence/model-evaluation-2026-10-02/pre-qwen35-9b-vulkan-resources.txt: OK
02_Deployment/AI370-2/Guides/docs/M7/evidence/model-evaluation-2026-10-02/pre-qwen38-q4km-resources.txt: OK
02_Deployment/AI370-2/Guides/docs/M7/evidence/model-evaluation-2026-10-02/pre-qwen38-q4km-rocm-resources.txt: OK
02_Deployment/AI370-2/Guides/docs/M7/evidence/model-evaluation-2026-10-02/pre-qwen38-q4km-vulkan-resources.txt: OK
02_Deployment/AI370-2/Guides/docs/M7/evidence/model-evaluation-2026-10-02/pre-qwen38-q4kxl-rocm-resources.txt: OK
02_Deployment/AI370-2/Guides/docs/M7/evidence/model-evaluation-2026-10-02/pre-qwen38-q4kxl-vulkan-resources.txt: OK
02_Deployment/AI370-2/Guides/docs/M7/evidence/model-evaluation-2026-10-02/pre-qwen38-uncensored-rocm-resources.txt: OK
02_Deployment/AI370-2/Guides/docs/M7/evidence/model-evaluation-2026-10-02/pre-qwen38-uncensored-vulkan-resources.txt: OK
02_Deployment/AI370-2/Guides/docs/M7/evidence/model-evaluation-2026-10-02/qwen3-14b-archive-checksum.log: OK
02_Deployment/AI370-2/Guides/docs/M7/evidence/model-evaluation-2026-10-02/qwen3-14b-cpu-smoke.log: OK
02_Deployment/AI370-2/Guides/docs/M7/evidence/model-evaluation-2026-10-02/qwen3-14b-cpu-smoke.rc: OK
02_Deployment/AI370-2/Guides/docs/M7/evidence/model-evaluation-2026-10-02/qwen3-14b-file.txt: OK
02_Deployment/AI370-2/Guides/docs/M7/evidence/model-evaluation-2026-10-02/qwen3-14b-model.sha256: OK
02_Deployment/AI370-2/Guides/docs/M7/evidence/model-evaluation-2026-10-02/qwen3-14b-rocm-kernel-faults.log: OK
02_Deployment/AI370-2/Guides/docs/M7/evidence/model-evaluation-2026-10-02/qwen3-14b-rocm-kernel.err: OK
02_Deployment/AI370-2/Guides/docs/M7/evidence/model-evaluation-2026-10-02/qwen3-14b-rocm-kernel.log: OK
02_Deployment/AI370-2/Guides/docs/M7/evidence/model-evaluation-2026-10-02/qwen3-14b-rocm-smoke.log: OK
02_Deployment/AI370-2/Guides/docs/M7/evidence/model-evaluation-2026-10-02/qwen3-14b-rocm-smoke.rc: OK
02_Deployment/AI370-2/Guides/docs/M7/evidence/model-evaluation-2026-10-02/qwen3-14b-vulkan-kernel-faults.log: OK
02_Deployment/AI370-2/Guides/docs/M7/evidence/model-evaluation-2026-10-02/qwen3-14b-vulkan-kernel.err: OK
02_Deployment/AI370-2/Guides/docs/M7/evidence/model-evaluation-2026-10-02/qwen3-14b-vulkan-kernel.log: OK
02_Deployment/AI370-2/Guides/docs/M7/evidence/model-evaluation-2026-10-02/qwen3-14b-vulkan-smoke.log: OK
02_Deployment/AI370-2/Guides/docs/M7/evidence/model-evaluation-2026-10-02/qwen3-14b-vulkan-smoke.rc: OK
02_Deployment/AI370-2/Guides/docs/M7/evidence/model-evaluation-2026-10-02/qwen35-9b-cpu-smoke.log: OK
02_Deployment/AI370-2/Guides/docs/M7/evidence/model-evaluation-2026-10-02/qwen35-9b-cpu-smoke.rc: OK
02_Deployment/AI370-2/Guides/docs/M7/evidence/model-evaluation-2026-10-02/qwen35-9b-file.txt: OK
02_Deployment/AI370-2/Guides/docs/M7/evidence/model-evaluation-2026-10-02/qwen35-9b-rocm-kernel-faults.log: OK
02_Deployment/AI370-2/Guides/docs/M7/evidence/model-evaluation-2026-10-02/qwen35-9b-rocm-kernel.err: OK
02_Deployment/AI370-2/Guides/docs/M7/evidence/model-evaluation-2026-10-02/qwen35-9b-rocm-kernel.log: OK
02_Deployment/AI370-2/Guides/docs/M7/evidence/model-evaluation-2026-10-02/qwen35-9b-rocm-smoke.log: OK
02_Deployment/AI370-2/Guides/docs/M7/evidence/model-evaluation-2026-10-02/qwen35-9b-rocm-smoke.rc: OK
02_Deployment/AI370-2/Guides/docs/M7/evidence/model-evaluation-2026-10-02/qwen35-9b-vulkan-kernel-faults.log: OK
02_Deployment/AI370-2/Guides/docs/M7/evidence/model-evaluation-2026-10-02/qwen35-9b-vulkan-kernel.err: OK
02_Deployment/AI370-2/Guides/docs/M7/evidence/model-evaluation-2026-10-02/qwen35-9b-vulkan-kernel.log: OK
02_Deployment/AI370-2/Guides/docs/M7/evidence/model-evaluation-2026-10-02/qwen35-9b-vulkan-smoke.log: OK
02_Deployment/AI370-2/Guides/docs/M7/evidence/model-evaluation-2026-10-02/qwen35-9b-vulkan-smoke.rc: OK
02_Deployment/AI370-2/Guides/docs/M7/evidence/model-evaluation-2026-10-02/qwen35-9b.sha256: OK
02_Deployment/AI370-2/Guides/docs/M7/evidence/model-evaluation-2026-10-02/qwen38-q4km-cpu-smoke.log: OK
02_Deployment/AI370-2/Guides/docs/M7/evidence/model-evaluation-2026-10-02/qwen38-q4km-cpu-smoke.rc: OK
02_Deployment/AI370-2/Guides/docs/M7/evidence/model-evaluation-2026-10-02/qwen38-q4km-rocm-kernel-faults.log: OK
02_Deployment/AI370-2/Guides/docs/M7/evidence/model-evaluation-2026-10-02/qwen38-q4km-rocm-kernel.err: OK
02_Deployment/AI370-2/Guides/docs/M7/evidence/model-evaluation-2026-10-02/qwen38-q4km-rocm-kernel.log: OK
02_Deployment/AI370-2/Guides/docs/M7/evidence/model-evaluation-2026-10-02/qwen38-q4km-rocm-smoke.log: OK
02_Deployment/AI370-2/Guides/docs/M7/evidence/model-evaluation-2026-10-02/qwen38-q4km-rocm-smoke.rc: OK
02_Deployment/AI370-2/Guides/docs/M7/evidence/model-evaluation-2026-10-02/qwen38-q4km-vulkan-kernel-faults.log: OK
02_Deployment/AI370-2/Guides/docs/M7/evidence/model-evaluation-2026-10-02/qwen38-q4km-vulkan-kernel.err: OK
02_Deployment/AI370-2/Guides/docs/M7/evidence/model-evaluation-2026-10-02/qwen38-q4km-vulkan-kernel.log: OK
02_Deployment/AI370-2/Guides/docs/M7/evidence/model-evaluation-2026-10-02/qwen38-q4km-vulkan-smoke.log: OK
02_Deployment/AI370-2/Guides/docs/M7/evidence/model-evaluation-2026-10-02/qwen38-q4km-vulkan-smoke.rc: OK
02_Deployment/AI370-2/Guides/docs/M7/evidence/model-evaluation-2026-10-02/qwen38-q4kxl-cpu-smoke.log: OK
02_Deployment/AI370-2/Guides/docs/M7/evidence/model-evaluation-2026-10-02/qwen38-q4kxl-cpu-smoke.rc: OK
02_Deployment/AI370-2/Guides/docs/M7/evidence/model-evaluation-2026-10-02/qwen38-q4kxl-rocm-kernel-faults.log: OK
02_Deployment/AI370-2/Guides/docs/M7/evidence/model-evaluation-2026-10-02/qwen38-q4kxl-rocm-kernel.err: OK
02_Deployment/AI370-2/Guides/docs/M7/evidence/model-evaluation-2026-10-02/qwen38-q4kxl-rocm-kernel.log: OK
02_Deployment/AI370-2/Guides/docs/M7/evidence/model-evaluation-2026-10-02/qwen38-q4kxl-rocm-smoke.log: OK
02_Deployment/AI370-2/Guides/docs/M7/evidence/model-evaluation-2026-10-02/qwen38-q4kxl-rocm-smoke.rc: OK
02_Deployment/AI370-2/Guides/docs/M7/evidence/model-evaluation-2026-10-02/qwen38-q4kxl-vulkan-kernel-faults.log: OK
02_Deployment/AI370-2/Guides/docs/M7/evidence/model-evaluation-2026-10-02/qwen38-q4kxl-vulkan-kernel.err: OK
02_Deployment/AI370-2/Guides/docs/M7/evidence/model-evaluation-2026-10-02/qwen38-q4kxl-vulkan-kernel.log: OK
02_Deployment/AI370-2/Guides/docs/M7/evidence/model-evaluation-2026-10-02/qwen38-q4kxl-vulkan-smoke.log: OK
02_Deployment/AI370-2/Guides/docs/M7/evidence/model-evaluation-2026-10-02/qwen38-q4kxl-vulkan-smoke.rc: OK
02_Deployment/AI370-2/Guides/docs/M7/evidence/model-evaluation-2026-10-02/qwen38-uncensored-cpu-smoke.log: OK
02_Deployment/AI370-2/Guides/docs/M7/evidence/model-evaluation-2026-10-02/qwen38-uncensored-cpu-smoke.rc: OK
02_Deployment/AI370-2/Guides/docs/M7/evidence/model-evaluation-2026-10-02/qwen38-uncensored-rocm-kernel-faults.log: OK
02_Deployment/AI370-2/Guides/docs/M7/evidence/model-evaluation-2026-10-02/qwen38-uncensored-rocm-kernel.err: OK
02_Deployment/AI370-2/Guides/docs/M7/evidence/model-evaluation-2026-10-02/qwen38-uncensored-rocm-kernel.log: OK
02_Deployment/AI370-2/Guides/docs/M7/evidence/model-evaluation-2026-10-02/qwen38-uncensored-rocm-smoke.log: OK
02_Deployment/AI370-2/Guides/docs/M7/evidence/model-evaluation-2026-10-02/qwen38-uncensored-rocm-smoke.rc: OK
02_Deployment/AI370-2/Guides/docs/M7/evidence/model-evaluation-2026-10-02/qwen38-uncensored-vulkan-kernel-faults.log: OK
02_Deployment/AI370-2/Guides/docs/M7/evidence/model-evaluation-2026-10-02/qwen38-uncensored-vulkan-kernel.err: OK
02_Deployment/AI370-2/Guides/docs/M7/evidence/model-evaluation-2026-10-02/qwen38-uncensored-vulkan-kernel.log: OK
02_Deployment/AI370-2/Guides/docs/M7/evidence/model-evaluation-2026-10-02/qwen38-uncensored-vulkan-smoke.log: OK
02_Deployment/AI370-2/Guides/docs/M7/evidence/model-evaluation-2026-10-02/qwen38-uncensored-vulkan-smoke.rc: OK
02_Deployment/AI370-2/Guides/docs/M7/evidence/model-evaluation-2026-10-02/rocm-devices.log: OK
02_Deployment/AI370-2/Guides/docs/M7/evidence/model-evaluation-2026-10-02/vulkan-devices.log: OK
02_Deployment/AI370-2/Guides/docs/M7/evidence/model-evaluation-2026-10-02/SHA256SUMS: OK
02_Deployment/AI370-2/Guides/docs/M7/evidence/model-evaluation-2026-10-02/final-kernel-audit.meta: OK
02_Deployment/AI370-2/Guides/docs/M7/evidence/qwen36-35b-a3b-q8/cpu-run-metadata.txt: OK
02_Deployment/AI370-2/Guides/docs/M7/evidence/qwen36-35b-a3b-q8/cpu-smoke.log: OK
02_Deployment/AI370-2/Guides/docs/M7/evidence/qwen36-35b-a3b-q8/cpu-smoke.rc: OK
02_Deployment/AI370-2/Guides/docs/M7/evidence/qwen36-35b-a3b-q8/download-integrity.txt: OK
02_Deployment/AI370-2/Guides/docs/M7/evidence/qwen36-35b-a3b-q8/gguf-metadata-time.log: OK
02_Deployment/AI370-2/Guides/docs/M7/evidence/qwen36-35b-a3b-q8/gguf-metadata.json: OK
02_Deployment/AI370-2/Guides/docs/M7/evidence/qwen36-35b-a3b-q8/gguf-metadata.rc: OK
02_Deployment/AI370-2/Guides/docs/M7/evidence/qwen36-35b-a3b-q8/gguf-parse-time.log: OK
02_Deployment/AI370-2/Guides/docs/M7/evidence/qwen36-35b-a3b-q8/gguf-parse.log: OK
02_Deployment/AI370-2/Guides/docs/M7/evidence/qwen36-35b-a3b-q8/gguf-parse.rc: OK
02_Deployment/AI370-2/Guides/docs/M7/evidence/qwen36-35b-a3b-q8/gguf-python-time.log: OK
02_Deployment/AI370-2/Guides/docs/M7/evidence/qwen36-35b-a3b-q8/gguf-python.json: OK
02_Deployment/AI370-2/Guides/docs/M7/evidence/qwen36-35b-a3b-q8/gguf-python.rc: OK
02_Deployment/AI370-2/Guides/docs/M7/evidence/qwen36-35b-a3b-q8/kernel-cpu.log: OK
02_Deployment/AI370-2/Guides/docs/M7/evidence/qwen36-35b-a3b-q8/kernel-vulkan.log: OK
02_Deployment/AI370-2/Guides/docs/M7/evidence/qwen36-35b-a3b-q8/smoke-cli-options.txt: OK
02_Deployment/AI370-2/Guides/docs/M7/evidence/qwen36-35b-a3b-q8/vulkan-guard-abort.log: OK
02_Deployment/AI370-2/Guides/docs/M7/evidence/qwen36-35b-a3b-q8/vulkan-smoke.log: OK
02_Deployment/AI370-2/Guides/docs/M7/evidence/qwen36-35b-a3b-q8/vulkan-smoke.rc: OK
02_Deployment/AI370-2/Guides/docs/M7/evidence/qwen36-35b-a3b-q8/backend-devices.log: OK
02_Deployment/AI370-2/Guides/docs/M7/evidence/qwen36-35b-a3b-q8/vulkan-run-metadata.txt: OK
02_Deployment/AI370-2/Guides/docs/M7/LOCAL_MODEL_EVALUATION_2026-10-02.md: OK
02_Deployment/AI370-2/Guides/docs/M8/RESULT.md: OK
02_Deployment/AI370-2/Guides/docs/M9/M9.0_PRECHECK.md: OK
02_Deployment/AI370-2/Guides/docs/M9/M9.1_FPGA_INVENTORY.md: OK
02_Deployment/AI370-2/Guides/docs/M9/NATIVE_INSTALL_DECISION.md: OK
02_Deployment/AI370-2/Guides/docs/M9/NATIVE_INSTALL_RESULT.md: OK
02_Deployment/AI370-2/Guides/docs/M9/PRE-M9-NATIVE-20261001T041447Z-VERIFICATION.txt: OK
02_Deployment/AI370-2/Guides/docs/M9/apt-simulation-ubuntu24-candidate.txt: OK
02_Deployment/AI370-2/Guides/docs/M9/PRECHECK_GATE.md: OK
02_Deployment/AI370-2/Guides/docs/M9/apt-simulation-vendor-prerequisites.txt: OK
02_Deployment/AI370-2/Guides/docs/M9/evidence/acceleration-2026.1/npu-regression.json: OK
02_Deployment/AI370-2/Guides/docs/M9/evidence/acceleration-2026.1/logs/hip-regression.log: OK
02_Deployment/AI370-2/Guides/docs/M9/evidence/acceleration-2026.1/logs/hip-regression.rc: OK
02_Deployment/AI370-2/Guides/docs/M9/evidence/acceleration-2026.1/logs/host-development-check.txt: OK
02_Deployment/AI370-2/Guides/docs/M9/evidence/acceleration-2026.1/logs/install-summary.txt: OK
02_Deployment/AI370-2/Guides/docs/M9/evidence/acceleration-2026.1/logs/installer-completion-extract.txt: OK
02_Deployment/AI370-2/Guides/docs/M9/evidence/acceleration-2026.1/logs/kernel-log-window.log: OK
02_Deployment/AI370-2/Guides/docs/M9/evidence/acceleration-2026.1/logs/kernel-log-window.rc: OK
02_Deployment/AI370-2/Guides/docs/M9/evidence/acceleration-2026.1/logs/npu-regression.log: OK
02_Deployment/AI370-2/Guides/docs/M9/evidence/acceleration-2026.1/logs/npu-regression.rc: OK
02_Deployment/AI370-2/Guides/docs/M9/evidence/acceleration-2026.1/logs/platforminfo-individual.txt: OK
02_Deployment/AI370-2/Guides/docs/M9/evidence/acceleration-2026.1/logs/platforminfo-list.json: OK
02_Deployment/AI370-2/Guides/docs/M9/evidence/acceleration-2026.1/logs/platforminfo-list.rc: OK
02_Deployment/AI370-2/Guides/docs/M9/evidence/acceleration-2026.1/logs/platforminfo-list.stderr: OK
02_Deployment/AI370-2/Guides/docs/M9/evidence/acceleration-2026.1/logs/runtime-linkage.txt: OK
02_Deployment/AI370-2/Guides/docs/M9/evidence/acceleration-2026.1/logs/tool-versions.log: OK
02_Deployment/AI370-2/Guides/docs/M9/evidence/acceleration-2026.1/logs/vulkan-regression.log: OK
02_Deployment/AI370-2/Guides/docs/M9/evidence/acceleration-2026.1/logs/vulkan-regression.rc: OK
02_Deployment/AI370-2/Guides/docs/M9/evidence/acceleration-2026.1/logs/xrt-examine.log: OK
02_Deployment/AI370-2/Guides/docs/M9/evidence/acceleration-2026.1/logs/xrt-examine.rc: OK
02_Deployment/AI370-2/Guides/docs/M9/evidence/acceleration-2026.1/logs/xrt-selection.log: OK
02_Deployment/AI370-2/Guides/docs/M9/evidence/acceleration-2026.1/logs/acceleration-add-config.txt: OK
02_Deployment/AI370-2/Guides/docs/M9/evidence/acceleration-2026.1/logs/boardstore-source.sha256: OK
02_Deployment/AI370-2/Guides/docs/M9/evidence/acceleration-2026.1/profiles/ort-profile_2026-10-01_16-02-13.json: OK
02_Deployment/AI370-2/Guides/docs/M9/evidence/acceleration-2026.1/board-resources.json: OK
02_Deployment/AI370-2/Guides/docs/M9/evidence/license-unlocked-2026.1/logs/embedded-platform-list.stderr: OK
02_Deployment/AI370-2/Guides/docs/M9/evidence/license-unlocked-2026.1/logs/hip-regression.log: OK
02_Deployment/AI370-2/Guides/docs/M9/evidence/license-unlocked-2026.1/logs/hip-regression.rc: OK
02_Deployment/AI370-2/Guides/docs/M9/evidence/license-unlocked-2026.1/logs/hw-target-probe.log: OK
02_Deployment/AI370-2/Guides/docs/M9/evidence/license-unlocked-2026.1/logs/hw-target-probe.rc: OK
02_Deployment/AI370-2/Guides/docs/M9/evidence/license-unlocked-2026.1/logs/kernel-npu-regression-window.log: OK
02_Deployment/AI370-2/Guides/docs/M9/evidence/license-unlocked-2026.1/logs/kernel-regression-window.log: OK
02_Deployment/AI370-2/Guides/docs/M9/evidence/license-unlocked-2026.1/logs/license-and-protected-stack.txt: OK
02_Deployment/AI370-2/Guides/docs/M9/evidence/license-unlocked-2026.1/logs/lsusb-at-hw-probe.txt: OK
02_Deployment/AI370-2/Guides/docs/M9/evidence/license-unlocked-2026.1/logs/npu-cnn-regression.log: OK
02_Deployment/AI370-2/Guides/docs/M9/evidence/license-unlocked-2026.1/logs/npu-cnn-regression.rc: OK
02_Deployment/AI370-2/Guides/docs/M9/evidence/license-unlocked-2026.1/logs/regression-window.txt: OK
02_Deployment/AI370-2/Guides/docs/M9/evidence/license-unlocked-2026.1/logs/vulkan-regression.log: OK
02_Deployment/AI370-2/Guides/docs/M9/evidence/license-unlocked-2026.1/logs/vulkan-regression.rc: OK
02_Deployment/AI370-2/Guides/docs/M9/evidence/license-unlocked-2026.1/logs/xrt-npu-examine.log: OK
02_Deployment/AI370-2/Guides/docs/M9/evidence/license-unlocked-2026.1/logs/xrt-npu-examine.rc: OK
02_Deployment/AI370-2/Guides/docs/M9/evidence/license-unlocked-2026.1/logs/embedded-platform-list.json: OK
02_Deployment/AI370-2/Guides/docs/M9/evidence/license-unlocked-2026.1/logs/embedded-platform-list.rc: OK
02_Deployment/AI370-2/Guides/docs/M9/evidence/license-unlocked-2026.1/profiles/npu-cnn-ort-profile.json: OK
02_Deployment/AI370-2/Guides/docs/M9/evidence/license-unlocked-2026.1/synthesis/hls-sp701-csynth.rpt: OK
02_Deployment/AI370-2/Guides/docs/M9/evidence/license-unlocked-2026.1/synthesis/hls-sp701-csynth.xml: OK
02_Deployment/AI370-2/Guides/docs/M9/evidence/license-unlocked-2026.1/synthesis/hls-sp701-csynth-summary.rpt: OK
02_Deployment/AI370-2/Guides/docs/M9/evidence/license-unlocked-2026.1/synthesis/vivado-sp701-utilization.rpt: OK
02_Deployment/AI370-2/Guides/docs/M9/evidence/license-unlocked-2026.1/npu-regression.json: OK
02_Deployment/AI370-2/Guides/docs/M9/evidence/native-2026.1/configs/vitis-embedded-separate-install.txt: OK
02_Deployment/AI370-2/Guides/docs/M9/evidence/native-2026.1/configs/vitis-unified-default.txt: OK
02_Deployment/AI370-2/Guides/docs/M9/evidence/native-2026.1/configs/vitis-unified-install.txt: OK
02_Deployment/AI370-2/Guides/docs/M9/evidence/native-2026.1/configs/add-spartan7-only.txt: OK
02_Deployment/AI370-2/Guides/docs/M9/evidence/native-2026.1/configs/vitis-embedded-default.txt: OK
02_Deployment/AI370-2/Guides/docs/M9/evidence/native-2026.1/logs/hip-regression.log: OK
02_Deployment/AI370-2/Guides/docs/M9/evidence/native-2026.1/logs/hls-license-smoke-console.log: OK
02_Deployment/AI370-2/Guides/docs/M9/evidence/native-2026.1/logs/hls-license-smoke.rc: OK
02_Deployment/AI370-2/Guides/docs/M9/evidence/native-2026.1/logs/hls-smoke-vitis-run.log: OK
02_Deployment/AI370-2/Guides/docs/M9/evidence/native-2026.1/logs/install-vitis-embedded.log: OK
02_Deployment/AI370-2/Guides/docs/M9/evidence/native-2026.1/logs/install-vitis-unified.log: OK
02_Deployment/AI370-2/Guides/docs/M9/evidence/native-2026.1/logs/npu-regression.log: OK
02_Deployment/AI370-2/Guides/docs/M9/evidence/native-2026.1/logs/vitis-embedded-gui-startup.log: OK
02_Deployment/AI370-2/Guides/docs/M9/evidence/native-2026.1/logs/vitis-embedded-installer.log: OK
02_Deployment/AI370-2/Guides/docs/M9/evidence/native-2026.1/logs/vitis-embedded-license-version.log: OK
02_Deployment/AI370-2/Guides/docs/M9/evidence/native-2026.1/logs/vitis-embedded-start.log: OK
02_Deployment/AI370-2/Guides/docs/M9/evidence/native-2026.1/logs/vitis-gui-startup.log: OK
02_Deployment/AI370-2/Guides/docs/M9/evidence/native-2026.1/logs/vitis-hls-version.log: OK
02_Deployment/AI370-2/Guides/docs/M9/evidence/native-2026.1/logs/vitis-license-version.log: OK
02_Deployment/AI370-2/Guides/docs/M9/evidence/native-2026.1/logs/vitis-run-license-version.log: OK
02_Deployment/AI370-2/Guides/docs/M9/evidence/native-2026.1/logs/vitis-unified-installer.log: OK
02_Deployment/AI370-2/Guides/docs/M9/evidence/native-2026.1/logs/vitis-version-confirm.log: OK
02_Deployment/AI370-2/Guides/docs/M9/evidence/native-2026.1/logs/vivado-license-smoke-console.log: OK
02_Deployment/AI370-2/Guides/docs/M9/evidence/native-2026.1/logs/vivado-license-smoke.rc: OK
02_Deployment/AI370-2/Guides/docs/M9/evidence/native-2026.1/logs/vivado-license-version.log: OK
02_Deployment/AI370-2/Guides/docs/M9/evidence/native-2026.1/logs/vivado-smoke-console.log: OK
02_Deployment/AI370-2/Guides/docs/M9/evidence/native-2026.1/logs/vivado-sp701-board-enumeration.log: OK
02_Deployment/AI370-2/Guides/docs/M9/evidence/native-2026.1/logs/vivado-sp701-board-enumeration.rc: OK
02_Deployment/AI370-2/Guides/docs/M9/evidence/native-2026.1/logs/vivado-sp701-smoke-console.log: OK
02_Deployment/AI370-2/Guides/docs/M9/evidence/native-2026.1/logs/vivado-sp701-smoke.rc: OK
02_Deployment/AI370-2/Guides/docs/M9/evidence/native-2026.1/logs/vivado-version.log: OK
02_Deployment/AI370-2/Guides/docs/M9/evidence/native-2026.1/logs/vulkan-regression.log: OK
02_Deployment/AI370-2/Guides/docs/M9/evidence/native-2026.1/logs/add-spartan7-support.log: OK
02_Deployment/AI370-2/Guides/docs/M9/evidence/native-2026.1/logs/add-spartan7-support.rc: OK
02_Deployment/AI370-2/Guides/docs/M9/evidence/native-2026.1/profiles/ort-profile_2026-10-01_14-13-43.json: OK
02_Deployment/AI370-2/Guides/docs/M9/evidence/native-2026.1/npu-regression.json: OK
02_Deployment/AI370-2/Guides/docs/M9/native-toolchain-smoke/adder.v: OK
02_Deployment/AI370-2/Guides/docs/M9/native-toolchain-smoke/hls_smoke.tcl: OK
02_Deployment/AI370-2/Guides/docs/M9/native-toolchain-smoke/hw_target_probe.tcl: OK
02_Deployment/AI370-2/Guides/docs/M9/native-toolchain-smoke/run_hls_smoke.sh: OK
02_Deployment/AI370-2/Guides/docs/M9/native-toolchain-smoke/run_vivado_smoke.sh: OK
02_Deployment/AI370-2/Guides/docs/M9/native-toolchain-smoke/vivado_smoke.tcl: OK
02_Deployment/AI370-2/Guides/docs/M9/native-toolchain-smoke/.gitignore: OK
02_Deployment/AI370-2/Guides/docs/M9/native-toolchain-smoke/hls_adder.cpp: OK
02_Deployment/AI370-2/Guides/docs/M9/ACCELERATION_INSTALL_RESULT.md: OK
02_Deployment/AI370-2/Guides/docs/M9/LICENSE_UNLOCKED_VALIDATION.md: OK
02_Deployment/AI370-2/Guides/docs/RESOURCE_PREPARATION.md: OK
02_Deployment/AI370-2/Guides/docs/ROADMAP.md: OK
02_Deployment/AI370-2/Guides/docs/SHA256SUMS.downloads: OK
02_Deployment/AI370-2/Guides/docs/SHA256SUMS.local: OK
02_Deployment/AI370-2/Guides/docs/deployment/T7_MANIFEST.md: OK
02_Deployment/AI370-2/Guides/docs/deployment/AI370-2_REBUILD_GUIDE.md: OK
02_Deployment/AI370-2/Guides/docs/deployment/AI370-2_WORKSTATION_SNAPSHOT_INVENTORY.md: OK
02_Deployment/AI370-2/Guides/docs/platform/AI370_2_PLATFORM_RECORD.md: OK
02_Deployment/AI370-2/Guides/docs/platform/XILINX_2026_1_INSTALLATION_RECORD.md: OK
02_Deployment/AI370-2/Guides/docs/CP0_VERIFICATION.txt: OK
02_Deployment/AI370-2/Guides/docs/DOWNLOAD_PREPARATION.md: OK
02_Deployment/AI370-2/Guides/docs/M2_CORE_M4_RESULT.md: OK
02_Deployment/AI370-2/Guides/docs/M0/cpu.txt: OK
02_Deployment/AI370-2/Guides/docs/M0/device_permissions.txt: OK
02_Deployment/AI370-2/Guides/docs/M0/disks.txt: OK
02_Deployment/AI370-2/Guides/docs/M0/driver_metadata.txt: OK
02_Deployment/AI370-2/Guides/docs/M0/git_state.txt: OK
02_Deployment/AI370-2/Guides/docs/M0/graphics_packages.txt: OK
02_Deployment/AI370-2/Guides/docs/M0/historical_bundle.txt: OK
02_Deployment/AI370-2/Guides/docs/M0/inventory.json: OK
02_Deployment/AI370-2/Guides/docs/M0/kernel_gpu_npu.txt: OK
02_Deployment/AI370-2/Guides/docs/M0/kernel_warnings.txt: OK
02_Deployment/AI370-2/Guides/docs/M0/modules.txt: OK
02_Deployment/AI370-2/Guides/docs/M0/optional_install_locations.txt: OK
02_Deployment/AI370-2/Guides/docs/M0/packages.txt: OK
02_Deployment/AI370-2/Guides/docs/M0/pci.txt: OK
02_Deployment/AI370-2/Guides/docs/M0/python_packages.txt: OK
02_Deployment/AI370-2/Guides/docs/M0/ram.txt: OK
02_Deployment/AI370-2/Guides/docs/M0/system.txt: OK
02_Deployment/AI370-2/Guides/docs/M0/usb.txt: OK
02_Deployment/AI370-2/Guides/docs/M0/SHA256SUMS: OK
02_Deployment/AI370-2/Guides/docs/M0/bios.txt: OK
02_Deployment/AI370-2/Guides/docs/M2_M4_INSTALL.log: OK
02_Deployment/AI370-2/Guides/docs/M2_M4_TRANSACTION_PLAN.md: OK
02_Deployment/AI370-2/Guides/docs/SHA256SUMS.t7-backup: OK
02_Deployment/AI370-2/Guides/docs/collect_m0.py: OK
02_Deployment/AI370-2/Guides/docs/copy-progress.log: OK
02_Deployment/AI370-2/Guides/docs/copy-verification.json: OK
02_Deployment/AI370-2/Guides/docs/download-fpga-results.json: OK
02_Deployment/AI370-2/Guides/docs/download-fpga.log: OK
02_Deployment/AI370-2/Guides/docs/download-plan.json: OK
02_Deployment/AI370-2/Guides/docs/download-progress.log: OK
02_Deployment/AI370-2/Guides/docs/download-results.json: OK
02_Deployment/AI370-2/Guides/docs/download-resume.log: OK
02_Deployment/AI370-2/Guides/docs/download-supplement-results.json: OK
02_Deployment/AI370-2/Guides/docs/download-supplement.log: OK
02_Deployment/AI370-2/Guides/docs/download-verification.json: OK
02_Deployment/AI370-2/Guides/docs/download-verification.log: OK
02_Deployment/AI370-2/Guides/docs/download-vscode-extensions-results.json: OK
02_Deployment/AI370-2/Guides/docs/download-vscode-extensions.log: OK
02_Deployment/AI370-2/Guides/docs/download-vscode-prerelease-results.json: OK
02_Deployment/AI370-2/Guides/docs/download_fpga_sources.py: OK
02_Deployment/AI370-2/Guides/docs/download_resources.py: OK
02_Deployment/AI370-2/Guides/docs/download_supplement.py: OK
02_Deployment/AI370-2/Guides/docs/download_vscode_extensions.py: OK
02_Deployment/AI370-2/Guides/docs/prepare_resources.py: OK
02_Deployment/AI370-2/Guides/docs/resource-manifest.json: OK
02_Deployment/AI370-2/Guides/docs/resume_downloads.py: OK
02_Deployment/AI370-2/Guides/docs/rocm-dependency-review.json: OK
02_Deployment/AI370-2/Guides/docs/sync_downloads_to_t7.py: OK
02_Deployment/AI370-2/Guides/docs/t7-sync-progress.log: OK
02_Deployment/AI370-2/Guides/docs/t7-sync-verification.json: OK
02_Deployment/AI370-2/Guides/docs/ubuntu-download-resolution.txt: OK
02_Deployment/AI370-2/Guides/docs/ubuntu-iso-published-checksum.json: OK
02_Deployment/AI370-2/Guides/docs/ubuntu-published-sha256.json: OK
02_Deployment/AI370-2/Guides/docs/ubuntu-supplement-resolution.txt: OK
02_Deployment/AI370-2/Guides/docs/verify_downloads.py: OK
02_Deployment/AI370-2/Guides/docs/BUILD_PROGRESS.md: OK
02_Deployment/AI370-2/Guides/docs/CP0-20261001T024200Z-VERIFICATION.txt: OK
02_Deployment/AI370-2/Guides/docs/M2_PYTHON_IDE_RESULT.md: OK
02_Deployment/AI370-2/Guides/docs/RECOVERY_CHECKPOINT_PLAN.md: OK
02_Deployment/AI370-2/Guides/scripts/apt_change_guard.py: OK
02_Deployment/AI370-2/Guides/scripts/build_llama_cpp_m6.sh: OK
02_Deployment/AI370-2/Guides/scripts/create_local_checkpoint.sh: OK
02_Deployment/AI370-2/Guides/scripts/create_npu_gate_checkpoint.sh: OK
02_Deployment/AI370-2/Guides/scripts/inspect_gguf_metadata_m7.py: OK
02_Deployment/AI370-2/Guides/scripts/install_m2_m4_tools.sh: OK
02_Deployment/AI370-2/Guides/scripts/install_npu21_driver.sh: OK
02_Deployment/AI370-2/Guides/scripts/install_rocm_matched.py: OK
02_Deployment/AI370-2/Guides/scripts/install_xrt21_userspace.py: OK
02_Deployment/AI370-2/Guides/scripts/npu21.sh: OK
02_Deployment/AI370-2/Guides/scripts/prepare_matched_headers.py: OK
02_Deployment/AI370-2/Guides/scripts/rollback_npu_cp5.sh: OK
02_Deployment/AI370-2/Guides/scripts/run_llama_server_smoke_m6.sh: OK
02_Deployment/AI370-2/Guides/scripts/run_m15_final_validation.sh: OK
02_Deployment/AI370-2/Guides/scripts/run_qwen36_q8_smoke_m7.sh: OK
02_Deployment/AI370-2/Guides/scripts/ryzenai21.sh: OK
02_Deployment/AI370-2/Guides/scripts/test_apt_change_guard.py: OK
02_Deployment/AI370-2/Guides/scripts/verify_local_checkpoint.sh: OK
02_Deployment/AI370-2/Guides/scripts/verify_m14_evidence.sh: OK
02_Deployment/AI370-2/Guides/scripts/verify_m14_workstation.sh: OK
02_Deployment/AI370-2/Guides/scripts/verify_m5_after_reboot.sh: OK
02_Deployment/AI370-2/Guides/scripts/README.md: OK
02_Deployment/AI370-2/Guides/scripts/ai370-m5-verify.service: OK
02_Deployment/AI370-2/Guides/README.md: OK
02_Deployment/AI370-2/Git/AI370-2-main-71f8248.bundle: OK
