This is a fresh install.
Running in batch mode...
You are installing multiple products in the same directory, please note that during the uninstallation process all products will be removed from this directory.
+---------------------------------------------------------------------------+
|                  AMD Installer for FPGAs & Adaptive SoCs                  |
|---------------------------------------------------------------------------|
|                    Build Date:  2026-05-27 11:41:04 UTC                   |
|                    Branch:      2026.1                                    |
|                    Version:     f57d91f                                   |
|                                                                           |
| Copyright (c) 1986-2022 Xilinx, Inc. All rights reserved.                 |
| Copyright (c) 2022-2025 Advanced Micro Devices, Inc. All rights reserved. |
+---------------------------------------------------------------------------+

INFO  - User has accepted the EULAs.
INFO  - Installing Edition: Vitis Unified Software Platform
INFO  - Installation directory is /home/shen/tools/Xilinx/2026.1



Installing files, 0% completed. |
Installing files, 0% completed. /
Installing files, 0% completed. -
Installing files, 0% completed. \
Installing files, 0% completed. |
Installing files, 0% completed. /
Installing files, 0% completed. -
Installing files, 0% completed. \
Installing files, 0% completed. |
Installing files, 0% completed. /
Installing files, 0% completed. -
Installing files, 0% completed. \
Installing files, 0% completed. |
Installing files, 0% completed. /
Installing files, 0% completed. -
Installing files, 0% completed. \
Installing files, 0% completed. |
Installing files, 0% completed. /
Installing files, 0% completed. -
Installing files, 0% completed. \
Installing files, 0% completed. |
Installing files, 0% completed. /
Installing files, 0% completed. -
Installing files, 0% completed. \
Installing files, 0% completed. |
Installing files, 0% completed. /
Installing files, 0% completed. -
Installing files, 0% completed. \
Installing files, 0% completed. |
Installing files, 0% completed. /
Installing files, 0% completed. -
Installing files, 0% completed. \
Installing files, 0% completed. |
Installing files, 0% completed. /
Installing files, 0% completed. -
Installing files, 0% completed. \
Installing files, 0% completed. |
Installing files, 0% completed. /
Installing files, 0% completed. -
Installing files, 0% completed. \
Installing files, 0% completed. |
Installing files, 0% completed. /
Installing files, 0% completed. -
Installing files, 0% completed. \
Installing files, 0% completed. |
Installing files, 0% completed. /
Installing files, 0% completed. -
Installing files, 0% completed. \
Installing files, 0% completed. |
Installing files, 0% completed. /
Installing files, 0% completed. -
Installing files, 0% completed. \
Installing files, 0% completed. |
Installing files, 0% completed. /
Installing files, 0% completed. -
Installing files, 0% completed. \
Installing files, 0% completed. |
Installing files, 0% completed. /
Installing files, 0% completed. -
Installing files, 0% completed. \
Installing files, 0% completed. |
Installing files, 0% completed. /
Installing files, 0% completed. -
Installing files, 0% completed. \
Installing files, 0% completed. |
Installing files, 0% completed. /
Installing files, 0% completed. -
Installing files, 0% completed. \
Installing files, 0% completed. |
Installing files, 0% completed. /
Installing files, 0% completed. -
Installing files, 0% completed. \
Installing files, 0% completed. |
Installing files, 0% completed. /
Installing files, 0% completed. -
Installing files, 0% completed. \
Installing files, 0% completed. |
Installing files, 0% completed. /
Installing files, 0% completed. -
Installing files, 0% completed. \
Installing files, 0% completed. |
Installing files, 0% completed. /
Installing files, 0% completed. -
Installing files, 0% completed. \
Installing files, 0% completed. |
Installing files, 0% completed. /
Installing files, 0% completed. -
Installing files, 0% completed. \
Installing files, 0% completed. |
Installing files, 0% completed. /
Installing files, 0% completed. -
Installing files, 0% completed. \
Installing files, 0% completed. |
Installing files, 0% completed. /
Installing files, 0% completed. -
Installing files, 0% completed. \
Installing files, 0% completed. |
Installing files, 0% completed. /
Installing files, 0% completed. -
Installing files, 0% completed. \
Installing files, 0% completed. |
Installing files, 0% completed. /
Installing files, 0% completed. -
Installing files, 0% completed. \
Installing files, 0% completed. |
Installing files, 0% completed. /
Installing files, 0% completed. -
Installing files, 0% completed. \
Installing files, 0% completed. |
Installing files, 0% completed. /
Installing files, 0% completed. -
Installing files, 0% completed. \
Installing files, 0% completed. |
Installing files, 0% completed. /
Installing files, 0% completed. -
Installing files, 0% completed. \
Installing files, 0% completed. |
Installing files, 0% completed. /
Installing files, 0% completed. -
Installing files, 0% completed. \
Installing files, 1% completed. |
Installing files, 1% completed. /
Installing files, 1% completed. -
Installing files, 1% completed. \
Installing files, 1% completed. |
Installing files, 1% completed. /
Installing files, 1% completed. -
Installing files, 1% completed. \
Installing files, 1% completed. |
Installing files, 1% completed. /
Installing files, 1% completed. -
Installing files, 1% completed. \
Installing files, 1% completed. |
Installing files, 1% completed. /
Installing files, 1% completed. -
Installing files, 1% completed. \
Installing files, 1% completed. |
Installing files, 1% completed. /
Installing files, 1% completed. -
Installing files, 1% completed. \
Installing files, 1% completed. |
Installing files, 1% completed. /
Installing files, 1% completed. -
Installing files, 1% completed. \
Installing files, 1% completed. |
Installing files, 1% completed. /
Installing files, 1% completed. -
Installing files, 1% completed. \
Installing files, 1% completed. |
Installing files, 1% completed. /
Installing files, 1% completed. -
Installing files, 1% completed. \
Installing files, 1% completed. |
Installing files, 1% completed. /
Installing files, 1% completed. -
Installing files, 1% completed. \
Installing files, 1% completed. |
Installing files, 1% completed. /
Installing files, 1% completed. -
Installing files, 1% completed. \
Installing files, 1% completed. |
Installing files, 1% completed. /
Installing files, 1% completed. -
Installing files, 1% completed. \
Installing files, 1% completed. |
Installing files, 1% completed. /
Installing files, 1% completed. -
Installing files, 1% completed. \
Installing files, 1% completed. |
Installing files, 1% completed. /
Installing files, 1% completed. -
Installing files, 1% completed. \
Installing files, 1% completed. |
Installing files, 1% completed. /
Installing files, 1% completed. -
Installing files, 1% completed. \
Installing files, 1% completed. |
Installing files, 1% completed. /
Installing files, 1% completed. -
Installing files, 1% completed. \
Installing files, 1% completed. |
Installing files, 1% completed. /
Installing files, 1% completed. -
Installing files, 1% completed. \
Installing files, 1% completed. |
Installing files, 2% completed. /
Installing files, 2% completed. -
Installing files, 2% completed. \
Installing files, 2% completed. |
Installing files, 2% completed. /
Installing files, 2% completed. -
Installing files, 2% completed. \
Installing files, 2% completed. |
Installing files, 2% completed. /
Installing files, 2% completed. -
Installing files, 2% completed. \
Installing files, 2% completed. |
Installing files, 2% completed. /
Installing files, 2% completed. -
Installing files, 2% completed. \
Installing files, 2% completed. |
Installing files, 2% completed. /
Installing files, 2% completed. -
Installing files, 2% completed. \
Installing files, 2% completed. |
Installing files, 2% completed. /
Installing files, 2% completed. -
Installing files, 2% completed. \
Installing files, 2% completed. |
Installing files, 2% completed. /
Installing files, 2% completed. -
Installing files, 2% completed. \
Installing files, 2% completed. |
Installing files, 2% completed. /
Installing files, 2% completed. -
Installing files, 2% completed. \
Installing files, 2% completed. |
Installing files, 2% completed. /
Installing files, 2% completed. -
Installing files, 2% completed. \
Installing files, 2% completed. |
Installing files, 2% completed. /
Installing files, 2% completed. -
Installing files, 2% completed. \
Installing files, 2% completed. |
Installing files, 2% completed. /
Installing files, 2% completed. -
Installing files, 2% completed. \
Installing files, 2% completed. |
Installing files, 2% completed. /
Installing files, 2% completed. -
Installing files, 2% completed. \
Installing files, 2% completed. |
Installing files, 2% completed. /
Installing files, 2% completed. -
Installing files, 2% completed. \
Installing files, 2% completed. |
Installing files, 2% completed. /
Installing files, 2% completed. -
Installing files, 3% completed. \
Installing files, 3% completed. |
Installing files, 3% completed. /
Installing files, 3% completed. -
Installing files, 3% completed. \
Installing files, 5% completed. |
Installing files, 5% completed. /
Installing files, 5% completed. -
Installing files, 5% completed. \
Installing files, 5% completed. |
Installing files, 5% completed. /
Installing files, 5% completed. -
Installing files, 5% completed. \
Installing files, 5% completed. |
Installing files, 5% completed. /
Installing files, 5% completed. -
Installing files, 5% completed. \
Installing files, 5% completed. |
Installing files, 5% completed. /
Installing files, 5% completed. -
Installing files, 5% completed. \
Installing files, 5% completed. |
Installing files, 5% completed. /
Installing files, 5% completed. -
Installing files, 5% completed. \
Installing files, 5% completed. |
Installing files, 5% completed. /
Installing files, 5% completed. -
Installing files, 5% completed. \
Installing files, 5% completed. |
Installing files, 5% completed. /
Installing files, 5% completed. -
Installing files, 5% completed. \
Installing files, 5% completed. |
Installing files, 5% completed. /
Installing files, 5% completed. -
Installing files, 5% completed. \
Installing files, 6% completed. |
Installing files, 6% completed. /
Installing files, 6% completed. -
Installing files, 6% completed. \
Installing files, 6% completed. |
Installing files, 6% completed. /
Installing files, 6% completed. -
Installing files, 6% completed. \
Installing files, 6% completed. |
Installing files, 6% completed. /
Installing files, 6% completed. -
Installing files, 6% completed. \
Installing files, 6% completed. |
Installing files, 6% completed. /
Installing files, 6% completed. -
Installing files, 6% completed. \
Installing files, 6% completed. |
Installing files, 6% completed. /
Installing files, 6% completed. -
Installing files, 6% completed. \
Installing files, 6% completed. |
Installing files, 6% completed. /
Installing files, 6% completed. -
Installing files, 6% completed. \
Installing files, 6% completed. |
Installing files, 6% completed. /
Installing files, 6% completed. -
Installing files, 6% completed. \
Installing files, 6% completed. |
Installing files, 6% completed. /
Installing files, 6% completed. -
Installing files, 6% completed. \
Installing files, 6% completed. |
Installing files, 6% completed. /
Installing files, 6% completed. -
Installing files, 6% completed. \
Installing files, 6% completed. |
Installing files, 6% completed. /
Installing files, 6% completed. -
Installing files, 6% completed. \
Installing files, 6% completed. |
Installing files, 6% completed. /
Installing files, 6% completed. -
Installing files, 6% completed. \
Installing files, 6% completed. |
Installing files, 6% completed. /
Installing files, 6% completed. -
Installing files, 6% completed. \
Installing files, 6% completed. |
Installing files, 6% completed. /
Installing files, 6% completed. -
Installing files, 6% completed. \
Installing files, 6% completed. |
Installing files, 6% completed. /
Installing files, 6% completed. -
Installing files, 6% completed. \
Installing files, 6% completed. |
Installing files, 6% completed. /
Installing files, 6% completed. -
Installing files, 6% completed. \
Installing files, 6% completed. |
Installing files, 6% completed. /
Installing files, 6% completed. -
Installing files, 6% completed. \
Installing files, 6% completed. |
Installing files, 6% completed. /
Installing files, 6% completed. -
Installing files, 6% completed. \
Installing files, 6% completed. |
Installing files, 6% completed. /
Installing files, 6% completed. -
Installing files, 6% completed. \
Installing files, 6% completed. |
Installing files, 6% completed. /
Installing files, 6% completed. -
Installing files, 6% completed. \
Installing files, 6% completed. |
Installing files, 6% completed. /
Installing files, 6% completed. -
Installing files, 6% completed. \
Installing files, 6% completed. |
Installing files, 6% completed. /
Installing files, 6% completed. -
Installing files, 6% completed. \
Installing files, 6% completed. |
Installing files, 6% completed. /
Installing files, 6% completed. -
Installing files, 6% completed. \
Installing files, 6% completed. |
Installing files, 6% completed. /
Installing files, 6% completed. -
Installing files, 6% completed. \
Installing files, 6% completed. |
Installing files, 6% completed. /
Installing files, 6% completed. -
Installing files, 6% completed. \
Installing files, 6% completed. |
Installing files, 6% completed. /
Installing files, 6% completed. -
Installing files, 6% completed. \
Installing files, 6% completed. |
Installing files, 6% completed. /
Installing files, 6% completed. -
Installing files, 6% completed. \
Installing files, 6% completed. |
Installing files, 6% completed. /
Installing files, 6% completed. -
Installing files, 6% completed. \
Installing files, 6% completed. |
Installing files, 6% completed. /
Installing files, 6% completed. -
Installing files, 6% completed. \
Installing files, 6% completed. |
Installing files, 6% completed. /
Installing files, 6% completed. -
Installing files, 6% completed. \
Installing files, 6% completed. |
Installing files, 6% completed. /
Installing files, 6% completed. -
Installing files, 6% completed. \
Installing files, 6% completed. |
Installing files, 6% completed. /
Installing files, 6% completed. -
Installing files, 6% completed. \
Installing files, 6% completed. |
Installing files, 6% completed. /
Installing files, 6% completed. -
Installing files, 6% completed. \
Installing files, 6% completed. |
Installing files, 6% completed. /
Installing files, 6% completed. -
Installing files, 6% completed. \
Installing files, 6% completed. |
Installing files, 6% completed. /
Installing files, 6% completed. -
Installing files, 6% completed. \
Installing files, 6% completed. |
Installing files, 6% completed. /
Installing files, 6% completed. -
Installing files, 6% completed. \
Installing files, 6% completed. |
Installing files, 6% completed. /
Installing files, 6% completed. -
Installing files, 6% completed. \
Installing files, 6% completed. |
Installing files, 6% completed. /
Installing files, 6% completed. -
Installing files, 6% completed. \
Installing files, 6% completed. |
Installing files, 6% completed. /
Installing files, 6% completed. -
Installing files, 6% completed. \
Installing files, 6% completed. |
Installing files, 6% completed. /
Installing files, 6% completed. -
Installing files, 6% completed. \
Installing files, 6% completed. |
Installing files, 6% completed. /
Installing files, 6% completed. -
Installing files, 6% completed. \
Installing files, 6% completed. |
Installing files, 6% completed. /
Installing files, 6% completed. -
Installing files, 6% completed. \
Installing files, 6% completed. |
Installing files, 6% completed. /
Installing files, 6% completed. -
Installing files, 6% completed. \
Installing files, 6% completed. |
Installing files, 6% completed. /
Installing files, 6% completed. -
Installing files, 6% completed. \
Installing files, 7% completed. |
Installing files, 7% completed. /
Installing files, 7% completed. -
Installing files, 7% completed. \
Installing files, 7% completed. |
Installing files, 7% completed. /
Installing files, 7% completed. -
Installing files, 7% completed. \
Installing files, 7% completed. |
Installing files, 7% completed. /
Installing files, 7% completed. -
Installing files, 7% completed. \
Installing files, 7% completed. |
Installing files, 7% completed. /
Installing files, 7% completed. -
Installing files, 7% completed. \
Installing files, 7% completed. |
Installing files, 7% completed. /
Installing files, 7% completed. -
Installing files, 7% completed. \
Installing files, 7% completed. |
Installing files, 7% completed. /
Installing files, 7% completed. -
Installing files, 7% completed. \
Installing files, 7% completed. |
Installing files, 7% completed. /
Installing files, 7% completed. -
Installing files, 7% completed. \
Installing files, 7% completed. |
Installing files, 7% completed. /
Installing files, 7% completed. -
Installing files, 7% completed. \
Installing files, 7% completed. |
Installing files, 7% completed. /
Installing files, 7% completed. -
Installing files, 7% completed. \
Installing files, 7% completed. |
Installing files, 7% completed. /
Installing files, 7% completed. -
Installing files, 7% completed. \
Installing files, 7% completed. |
Installing files, 7% completed. /
Installing files, 7% completed. -
Installing files, 7% completed. \
Installing files, 7% completed. |
Installing files, 7% completed. /
Installing files, 7% completed. -
Installing files, 7% completed. \
Installing files, 7% completed. |
Installing files, 7% completed. /
Installing files, 8% completed. -
Installing files, 8% completed. \
Installing files, 8% completed. |
Installing files, 8% completed. /
Installing files, 8% completed. -
Installing files, 8% completed. \
Installing files, 8% completed. |
Installing files, 8% completed. /
Installing files, 8% completed. -
Installing files, 8% completed. \
Installing files, 8% completed. |
Installing files, 8% completed. /
Installing files, 8% completed. -
Installing files, 8% completed. \
Installing files, 8% completed. |
Installing files, 8% completed. /
Installing files, 8% completed. -
Installing files, 8% completed. \
Installing files, 8% completed. |
Installing files, 8% completed. /
Installing files, 8% completed. -
Installing files, 8% completed. \
Installing files, 8% completed. |
Installing files, 8% completed. /
Installing files, 8% completed. -
Installing files, 8% completed. \
Installing files, 8% completed. |
Installing files, 8% completed. /
Installing files, 8% completed. -
Installing files, 8% completed. \
Installing files, 8% completed. |
Installing files, 8% completed. /
Installing files, 8% completed. -
Installing files, 8% completed. \
Installing files, 8% completed. |
Installing files, 8% completed. /
Installing files, 8% completed. -
Installing files, 8% completed. \
Installing files, 8% completed. |
Installing files, 8% completed. /
Installing files, 8% completed. -
Installing files, 8% completed. \
Installing files, 8% completed. |
Installing files, 8% completed. /
Installing files, 8% completed. -
Installing files, 8% completed. \
Installing files, 9% completed. |
Installing files, 9% completed. /
Installing files, 9% completed. -
Installing files, 9% completed. \
Installing files, 9% completed. |
Installing files, 9% completed. /
Installing files, 9% completed. -
Installing files, 9% completed. \
Installing files, 9% completed. |
Installing files, 9% completed. /
Installing files, 9% completed. -
Installing files, 9% completed. \
Installing files, 9% completed. |
Installing files, 9% completed. /
Installing files, 9% completed. -
Installing files, 9% completed. \
Installing files, 9% completed. |
Installing files, 9% completed. /
Installing files, 9% completed. -
Installing files, 9% completed. \
Installing files, 9% completed. |
Installing files, 9% completed. /
Installing files, 9% completed. -
Installing files, 9% completed. \
Installing files, 9% completed. |
Installing files, 9% completed. /
Installing files, 9% completed. -
Installing files, 9% completed. \
Installing files, 9% completed. |
Installing files, 9% completed. /
Installing files, 9% completed. -
Installing files, 9% completed. \
Installing files, 9% completed. |
Installing files, 9% completed. /
Installing files, 9% completed. -
Installing files, 9% completed. \
Installing files, 9% completed. |
Installing files, 9% completed. /
Installing files, 9% completed. -
Installing files, 9% completed. \
Installing files, 9% completed. |
Installing files, 9% completed. /
Installing files, 9% completed. -
Installing files, 9% completed. \
Installing files, 9% completed. |
Installing files, 9% completed. /
Installing files, 9% completed. -
Installing files, 9% completed. \
Installing files, 9% completed. |
Installing files, 9% completed. /
Installing files, 10% completed. -
Installing files, 10% completed. \
Installing files, 10% completed. |
Installing files, 10% completed. /
Installing files, 10% completed. -
Installing files, 10% completed. \
Installing files, 10% completed. |
Installing files, 10% completed. /
Installing files, 10% completed. -
Installing files, 10% completed. \
Installing files, 10% completed. |
Installing files, 10% completed. /
Installing files, 10% completed. -
Installing files, 10% completed. \
Installing files, 10% completed. |
Installing files, 10% completed. /
Installing files, 10% completed. -
Installing files, 10% completed. \
Installing files, 10% completed. |
Installing files, 10% completed. /
Installing files, 10% completed. -
Installing files, 10% completed. \
Installing files, 10% completed. |
Installing files, 10% completed. /
Installing files, 10% completed. -
Installing files, 10% completed. \
Installing files, 10% completed. |
Installing files, 10% completed. /
Installing files, 10% completed. -
Installing files, 10% completed. \
Installing files, 10% completed. |
Installing files, 10% completed. /
Installing files, 10% completed. -
Installing files, 10% completed. \
Installing files, 11% completed. |
Installing files, 11% completed. /
Installing files, 11% completed. -
Installing files, 11% completed. \
Installing files, 11% completed. |
Installing files, 11% completed. /
Installing files, 11% completed. -
Installing files, 11% completed. \
Installing files, 11% completed. |
Installing files, 11% completed. /
Installing files, 11% completed. -
Installing files, 11% completed. \
Installing files, 11% completed. |
Installing files, 11% completed. /
Installing files, 11% completed. -
Installing files, 11% completed. \
Installing files, 11% completed. |
Installing files, 11% completed. /
Installing files, 11% completed. -
Installing files, 11% completed. \
Installing files, 11% completed. |
Installing files, 11% completed. /
Installing files, 11% completed. -
Installing files, 11% completed. \
Installing files, 11% completed. |
Installing files, 11% completed. /
Installing files, 11% completed. -
Installing files, 11% completed. \
Installing files, 11% completed. |
Installing files, 11% completed. /
Installing files, 11% completed. -
Installing files, 11% completed. \
Installing files, 11% completed. |
Installing files, 11% completed. /
Installing files, 11% completed. -
Installing files, 12% completed. \
Installing files, 12% completed. |
Installing files, 12% completed. /
Installing files, 12% completed. -
Installing files, 12% completed. \
Installing files, 12% completed. |
Installing files, 12% completed. /
Installing files, 12% completed. -
Installing files, 12% completed. \
Installing files, 12% completed. |
Installing files, 12% completed. /
Installing files, 12% completed. -
Installing files, 12% completed. \
Installing files, 12% completed. |
Installing files, 12% completed. /
Installing files, 12% completed. -
Installing files, 12% completed. \
Installing files, 12% completed. |
Installing files, 12% completed. /
Installing files, 12% completed. -
Installing files, 12% completed. \
Installing files, 12% completed. |
Installing files, 12% completed. /
Installing files, 12% completed. -
Installing files, 12% completed. \
Installing files, 12% completed. |
Installing files, 13% completed. /
Installing files, 13% completed. -
Installing files, 13% completed. \
Installing files, 13% completed. |
Installing files, 13% completed. /
Installing files, 13% completed. -
Installing files, 13% completed. \
Installing files, 13% completed. |
Installing files, 13% completed. /
Installing files, 14% completed. -
Installing files, 14% completed. \
Installing files, 14% completed. |
Installing files, 14% completed. /
Installing files, 14% completed. -
Installing files, 14% completed. \
Installing files, 14% completed. |
Installing files, 14% completed. /
Installing files, 14% completed. -
Installing files, 14% completed. \
Installing files, 14% completed. |
Installing files, 14% completed. /
Installing files, 14% completed. -
Installing files, 14% completed. \
Installing files, 14% completed. |
Installing files, 14% completed. /
Installing files, 14% completed. -
Installing files, 14% completed. \
Installing files, 14% completed. |
Installing files, 14% completed. /
Installing files, 14% completed. -
Installing files, 14% completed. \
Installing files, 14% completed. |
Installing files, 14% completed. /
Installing files, 15% completed. -
Installing files, 15% completed. \
Installing files, 15% completed. |
Installing files, 17% completed. /
Installing files, 17% completed. -
Installing files, 17% completed. \
Installing files, 17% completed. |
Installing files, 17% completed. /
Installing files, 17% completed. -
Installing files, 17% completed. \
Installing files, 17% completed. |
Installing files, 17% completed. /
Installing files, 17% completed. -
Installing files, 17% completed. \
Installing files, 17% completed. |
Installing files, 17% completed. /
Installing files, 17% completed. -
Installing files, 17% completed. \
Installing files, 17% completed. |
Installing files, 17% completed. /
Installing files, 17% completed. -
Installing files, 17% completed. \
Installing files, 17% completed. |
Installing files, 17% completed. /
Installing files, 17% completed. -
Installing files, 17% completed. \
Installing files, 17% completed. |
Installing files, 17% completed. /
Installing files, 17% completed. -
Installing files, 17% completed. \
Installing files, 17% completed. |
Installing files, 17% completed. /
Installing files, 17% completed. -
Installing files, 17% completed. \
Installing files, 17% completed. |
Installing files, 17% completed. /
Installing files, 17% completed. -
Installing files, 17% completed. \
Installing files, 17% completed. |
Installing files, 17% completed. /
Installing files, 17% completed. -
Installing files, 17% completed. \
Installing files, 17% completed. |
Installing files, 17% completed. /
Installing files, 17% completed. -
Installing files, 17% completed. \
Installing files, 17% completed. |
Installing files, 17% completed. /
Installing files, 17% completed. -
Installing files, 17% completed. \
Installing files, 17% completed. |
Installing files, 17% completed. /
Installing files, 17% completed. -
Installing files, 17% completed. \
Installing files, 17% completed. |
Installing files, 17% completed. /
Installing files, 17% completed. -
Installing files, 17% completed. \
Installing files, 17% completed. |
Installing files, 17% completed. /
Installing files, 17% completed. -
Installing files, 17% completed. \
Installing files, 17% completed. |
Installing files, 17% completed. /
Installing files, 18% completed. -
Installing files, 18% completed. \
Installing files, 18% completed. |
Installing files, 18% completed. /
Installing files, 18% completed. -
Installing files, 18% completed. \
Installing files, 18% completed. |
Installing files, 18% completed. /
Installing files, 18% completed. -
Installing files, 18% completed. \
Installing files, 18% completed. |
Installing files, 18% completed. /
Installing files, 18% completed. -
Installing files, 19% completed. \
Installing files, 19% completed. |
Installing files, 19% completed. /
Installing files, 19% completed. -
Installing files, 19% completed. \
Installing files, 19% completed. |
Installing files, 19% completed. /
Installing files, 19% completed. -
Installing files, 19% completed. \
Installing files, 19% completed. |
Installing files, 19% completed. /
Installing files, 19% completed. -
Installing files, 19% completed. \
Installing files, 19% completed. |
Installing files, 19% completed. /
Installing files, 19% completed. -
Installing files, 19% completed. \
Installing files, 19% completed. |
Installing files, 19% completed. /
Installing files, 19% completed. -
Installing files, 19% completed. \
Installing files, 19% completed. |
Installing files, 19% completed. /
Installing files, 19% completed. -
Installing files, 19% completed. \
Installing files, 19% completed. |
Installing files, 19% completed. /
Installing files, 19% completed. -
Installing files, 19% completed. \
Installing files, 19% completed. |
Installing files, 19% completed. /
Installing files, 19% completed. -
Installing files, 19% completed. \
Installing files, 19% completed. |
Installing files, 19% completed. /
Installing files, 19% completed. -
Installing files, 19% completed. \
Installing files, 19% completed. |
Installing files, 19% completed. /
Installing files, 19% completed. -
Installing files, 19% completed. \
Installing files, 19% completed. |
Installing files, 19% completed. /
Installing files, 19% completed. -
Installing files, 19% completed. \
Installing files, 19% completed. |
Installing files, 19% completed. /
Installing files, 19% completed. -
Installing files, 19% completed. \
Installing files, 19% completed. |
Installing files, 19% completed. /
Installing files, 19% completed. -
Installing files, 19% completed. \
Installing files, 19% completed. |
Installing files, 19% completed. /
Installing files, 19% completed. -
Installing files, 19% completed. \
Installing files, 19% completed. |
Installing files, 19% completed. /
Installing files, 19% completed. -
Installing files, 19% completed. \
Installing files, 19% completed. |
Installing files, 19% completed. /
Installing files, 19% completed. -
Installing files, 19% completed. \
Installing files, 19% completed. |
Installing files, 19% completed. /
Installing files, 20% completed. -
Installing files, 20% completed. \
Installing files, 20% completed. |
Installing files, 20% completed. /
Installing files, 20% completed. -
Installing files, 20% completed. \
Installing files, 20% completed. |
Installing files, 20% completed. /
Installing files, 20% completed. -
Installing files, 20% completed. \
Installing files, 20% completed. |
Installing files, 20% completed. /
Installing files, 20% completed. -
Installing files, 20% completed. \
Installing files, 20% completed. |
Installing files, 20% completed. /
Installing files, 20% completed. -
Installing files, 20% completed. \
Installing files, 20% completed. |
Installing files, 20% completed. /
Installing files, 20% completed. -
Installing files, 20% completed. \
Installing files, 20% completed. |
Installing files, 20% completed. /
Installing files, 20% completed. -
Installing files, 20% completed. \
Installing files, 20% completed. |
Installing files, 20% completed. /
Installing files, 20% completed. -
Installing files, 20% completed. \
Installing files, 20% completed. |
Installing files, 20% completed. /
Installing files, 20% completed. -
Installing files, 20% completed. \
Installing files, 20% completed. |
Installing files, 20% completed. /
Installing files, 20% completed. -
Installing files, 20% completed. \
Installing files, 20% completed. |
Installing files, 20% completed. /
Installing files, 20% completed. -
Installing files, 20% completed. \
Installing files, 20% completed. |
Installing files, 20% completed. /
Installing files, 20% completed. -
Installing files, 20% completed. \
Installing files, 20% completed. |
Installing files, 20% completed. /
Installing files, 20% completed. -
Installing files, 20% completed. \
Installing files, 20% completed. |
Installing files, 20% completed. /
Installing files, 20% completed. -
Installing files, 20% completed. \
Installing files, 20% completed. |
Installing files, 20% completed. /
Installing files, 20% completed. -
Installing files, 20% completed. \
Installing files, 20% completed. |
Installing files, 20% completed. /
Installing files, 20% completed. -
Installing files, 20% completed. \
Installing files, 20% completed. |
Installing files, 20% completed. /
Installing files, 20% completed. -
Installing files, 20% completed. \
Installing files, 20% completed. |
Installing files, 20% completed. /
Installing files, 20% completed. -
Installing files, 20% completed. \
Installing files, 20% completed. |
Installing files, 20% completed. /
Installing files, 20% completed. -
Installing files, 20% completed. \
Installing files, 20% completed. |
Installing files, 21% completed. /
Installing files, 21% completed. -
Installing files, 21% completed. \
Installing files, 21% completed. |
Installing files, 21% completed. /
Installing files, 21% completed. -
Installing files, 21% completed. \
Installing files, 21% completed. |
Installing files, 21% completed. /
Installing files, 21% completed. -
Installing files, 21% completed. \
Installing files, 21% completed. |
Installing files, 21% completed. /
Installing files, 21% completed. -
Installing files, 21% completed. \
Installing files, 21% completed. |
Installing files, 21% completed. /
Installing files, 21% completed. -
Installing files, 21% completed. \
Installing files, 21% completed. |
Installing files, 21% completed. /
Installing files, 21% completed. -
Installing files, 21% completed. \
Installing files, 21% completed. |
Installing files, 21% completed. /
Installing files, 21% completed. -
Installing files, 21% completed. \
Installing files, 21% completed. |
Installing files, 21% completed. /
Installing files, 21% completed. -
Installing files, 21% completed. \
Installing files, 21% completed. |
Installing files, 21% completed. /
Installing files, 21% completed. -
Installing files, 21% completed. \
Installing files, 21% completed. |
Installing files, 21% completed. /
Installing files, 21% completed. -
Installing files, 21% completed. \
Installing files, 21% completed. |
Installing files, 21% completed. /
Installing files, 21% completed. -
Installing files, 21% completed. \
Installing files, 21% completed. |
Installing files, 22% completed. /
Installing files, 22% completed. -
Installing files, 22% completed. \
Installing files, 22% completed. |
Installing files, 22% completed. /
Installing files, 22% completed. -
Installing files, 22% completed. \
Installing files, 22% completed. |
Installing files, 22% completed. /
Installing files, 22% completed. -
Installing files, 22% completed. \
Installing files, 22% completed. |
Installing files, 22% completed. /
Installing files, 22% completed. -
Installing files, 22% completed. \
Installing files, 22% completed. |
Installing files, 22% completed. /
Installing files, 22% completed. -
Installing files, 22% completed. \
Installing files, 22% completed. |
Installing files, 22% completed. /
Installing files, 22% completed. -
Installing files, 22% completed. \
Installing files, 22% completed. |
Installing files, 22% completed. /
Installing files, 22% completed. -
Installing files, 22% completed. \
Installing files, 22% completed. |
Installing files, 22% completed. /
Installing files, 22% completed. -
Installing files, 22% completed. \
Installing files, 22% completed. |
Installing files, 22% completed. /
Installing files, 22% completed. -
Installing files, 22% completed. \
Installing files, 22% completed. |
Installing files, 22% completed. /
Installing files, 22% completed. -
Installing files, 22% completed. \
Installing files, 22% completed. |
Installing files, 22% completed. /
Installing files, 22% completed. -
Installing files, 22% completed. \
Installing files, 22% completed. |
Installing files, 22% completed. /
Installing files, 22% completed. -
Installing files, 22% completed. \
Installing files, 22% completed. |
Installing files, 22% completed. /
Installing files, 23% completed. -
Installing files, 23% completed. \
Installing files, 23% completed. |
Installing files, 23% completed. /
Installing files, 23% completed. -
Installing files, 23% completed. \
Installing files, 23% completed. |
Installing files, 23% completed. /
Installing files, 23% completed. -
Installing files, 23% completed. \
Installing files, 23% completed. |
Installing files, 23% completed. /
Installing files, 23% completed. -
Installing files, 23% completed. \
Installing files, 23% completed. |
Installing files, 23% completed. /
Installing files, 23% completed. -
Installing files, 23% completed. \
Installing files, 23% completed. |
Installing files, 23% completed. /
Installing files, 23% completed. -
Installing files, 23% completed. \
Installing files, 23% completed. |
Installing files, 23% completed. /
Installing files, 23% completed. -
Installing files, 23% completed. \
Installing files, 23% completed. |
Installing files, 23% completed. /
Installing files, 23% completed. -
Installing files, 23% completed. \
Installing files, 23% completed. |
Installing files, 23% completed. /
Installing files, 23% completed. -
Installing files, 23% completed. \
Installing files, 23% completed. |
Installing files, 23% completed. /
Installing files, 23% completed. -
Installing files, 23% completed. \
Installing files, 23% completed. |
Installing files, 23% completed. /
Installing files, 23% completed. -
Installing files, 23% completed. \
Installing files, 23% completed. |
Installing files, 23% completed. /
Installing files, 23% completed. -
Installing files, 23% completed. \
Installing files, 23% completed. |
Installing files, 23% completed. /
Installing files, 23% completed. -
Installing files, 23% completed. \
Installing files, 23% completed. |
Installing files, 23% completed. /
Installing files, 23% completed. -
Installing files, 23% completed. \
Installing files, 23% completed. |
Installing files, 23% completed. /
Installing files, 23% completed. -
Installing files, 23% completed. \
Installing files, 23% completed. |
Installing files, 23% completed. /
Installing files, 23% completed. -
Installing files, 23% completed. \
Installing files, 23% completed. |
Installing files, 23% completed. /
Installing files, 23% completed. -
Installing files, 23% completed. \
Installing files, 23% completed. |
Installing files, 23% completed. /
Installing files, 23% completed. -
Installing files, 23% completed. \
Installing files, 23% completed. |
Installing files, 23% completed. /
Installing files, 23% completed. -
Installing files, 23% completed. \
Installing files, 23% completed. |
Installing files, 23% completed. /
Installing files, 23% completed. -
Installing files, 23% completed. \
Installing files, 23% completed. |
Installing files, 23% completed. /
Installing files, 23% completed. -
Installing files, 23% completed. \
Installing files, 23% completed. |
Installing files, 23% completed. /
Installing files, 23% completed. -
Installing files, 23% completed. \
Installing files, 23% completed. |
Installing files, 23% completed. /
Installing files, 23% completed. -
Installing files, 23% completed. \
Installing files, 24% completed. |
Installing files, 24% completed. /
Installing files, 24% completed. -
Installing files, 24% completed. \
Installing files, 24% completed. |
Installing files, 24% completed. /
Installing files, 24% completed. -
Installing files, 24% completed. \
Installing files, 24% completed. |
Installing files, 24% completed. /
Installing files, 24% completed. -
Installing files, 24% completed. \
Installing files, 24% completed. |
Installing files, 24% completed. /
Installing files, 24% completed. -
Installing files, 25% completed. \
Installing files, 25% completed. |
Installing files, 25% completed. /
Installing files, 25% completed. -
Installing files, 25% completed. \
Installing files, 25% completed. |
Installing files, 25% completed. /
Installing files, 25% completed. -
Installing files, 25% completed. \
Installing files, 25% completed. |
Installing files, 25% completed. /
Installing files, 25% completed. -
Installing files, 25% completed. \
Installing files, 25% completed. |
Installing files, 25% completed. /
Installing files, 25% completed. -
Installing files, 25% completed. \
Installing files, 25% completed. |
Installing files, 25% completed. /
Installing files, 25% completed. -
Installing files, 25% completed. \
Installing files, 25% completed. |
Installing files, 25% completed. /
Installing files, 25% completed. -
Installing files, 25% completed. \
Installing files, 25% completed. |
Installing files, 25% completed. /
Installing files, 25% completed. -
Installing files, 25% completed. \
Installing files, 25% completed. |
Installing files, 25% completed. /
Installing files, 25% completed. -
Installing files, 25% completed. \
Installing files, 25% completed. |
Installing files, 25% completed. /
Installing files, 25% completed. -
Installing files, 25% completed. \
Installing files, 25% completed. |
Installing files, 25% completed. /
Installing files, 25% completed. -
Installing files, 25% completed. \
Installing files, 25% completed. |
Installing files, 25% completed. /
Installing files, 25% completed. -
Installing files, 25% completed. \
Installing files, 27% completed. |
Installing files, 27% completed. /
Installing files, 27% completed. -
Installing files, 27% completed. \
Installing files, 27% completed. |
Installing files, 27% completed. /
Installing files, 27% completed. -
Installing files, 27% completed. \
Installing files, 27% completed. |
Installing files, 27% completed. /
Installing files, 27% completed. -
Installing files, 27% completed. \
Installing files, 27% completed. |
Installing files, 27% completed. /
Installing files, 28% completed. -
Installing files, 28% completed. \
Installing files, 28% completed. |
Installing files, 28% completed. /
Installing files, 28% completed. -
Installing files, 28% completed. \
Installing files, 28% completed. |
Installing files, 28% completed. /
Installing files, 28% completed. -
Installing files, 28% completed. \
Installing files, 28% completed. |
Installing files, 28% completed. /
Installing files, 28% completed. -
Installing files, 28% completed. \
Installing files, 28% completed. |
Installing files, 30% completed. /
Installing files, 30% completed. -
Installing files, 30% completed. \
Installing files, 30% completed. |
Installing files, 30% completed. /
Installing files, 30% completed. -
Installing files, 30% completed. \
Installing files, 30% completed. |
Installing files, 30% completed. /
Installing files, 30% completed. -
Installing files, 30% completed. \
Installing files, 30% completed. |
Installing files, 30% completed. /
Installing files, 30% completed. -
Installing files, 30% completed. \
Installing files, 30% completed. |
Installing files, 30% completed. /
Installing files, 30% completed. -
Installing files, 30% completed. \
Installing files, 30% completed. |
Installing files, 30% completed. /
Installing files, 30% completed. -
Installing files, 30% completed. \
Installing files, 30% completed. |
Installing files, 30% completed. /
Installing files, 30% completed. -
Installing files, 30% completed. \
Installing files, 30% completed. |
Installing files, 30% completed. /
Installing files, 30% completed. -
Installing files, 30% completed. \
Installing files, 30% completed. |
Installing files, 30% completed. /
Installing files, 30% completed. -
Installing files, 30% completed. \
Installing files, 30% completed. |
Installing files, 30% completed. /
Installing files, 30% completed. -
Installing files, 30% completed. \
Installing files, 30% completed. |
Installing files, 30% completed. /
Installing files, 30% completed. -
Installing files, 30% completed. \
Installing files, 30% completed. |
Installing files, 30% completed. /
Installing files, 30% completed. -
Installing files, 30% completed. \
Installing files, 30% completed. |
Installing files, 30% completed. /
Installing files, 30% completed. -
Installing files, 30% completed. \
Installing files, 30% completed. |
Installing files, 30% completed. /
Installing files, 30% completed. -
Installing files, 30% completed. \
Installing files, 30% completed. |
Installing files, 30% completed. /
Installing files, 30% completed. -
Installing files, 30% completed. \
Installing files, 30% completed. |
Installing files, 30% completed. /
Installing files, 30% completed. -
Installing files, 30% completed. \
Installing files, 30% completed. |
Installing files, 30% completed. /
Installing files, 30% completed. -
Installing files, 30% completed. \
Installing files, 30% completed. |
Installing files, 30% completed. /
Installing files, 30% completed. -
Installing files, 30% completed. \
Installing files, 30% completed. |
Installing files, 30% completed. /
Installing files, 30% completed. -
Installing files, 30% completed. \
Installing files, 30% completed. |
Installing files, 30% completed. /
Installing files, 30% completed. -
Installing files, 30% completed. \
Installing files, 30% completed. |
Installing files, 30% completed. /
Installing files, 30% completed. -
Installing files, 30% completed. \
Installing files, 30% completed. |
Installing files, 31% completed. /
Installing files, 31% completed. -
Installing files, 31% completed. \
Installing files, 31% completed. |
Installing files, 31% completed. /
Installing files, 31% completed. -
Installing files, 31% completed. \
Installing files, 31% completed. |
Installing files, 31% completed. /
Installing files, 31% completed. -
Installing files, 31% completed. \
Installing files, 31% completed. |
Installing files, 31% completed. /
Installing files, 31% completed. -
Installing files, 31% completed. \
Installing files, 31% completed. |
Installing files, 31% completed. /
Installing files, 31% completed. -
Installing files, 31% completed. \
Installing files, 31% completed. |
Installing files, 31% completed. /
Installing files, 31% completed. -
Installing files, 31% completed. \
Installing files, 31% completed. |
Installing files, 31% completed. /
Installing files, 31% completed. -
Installing files, 31% completed. \
Installing files, 31% completed. |
Installing files, 31% completed. /
Installing files, 31% completed. -
Installing files, 31% completed. \
Installing files, 31% completed. |
Installing files, 31% completed. /
Installing files, 31% completed. -
Installing files, 31% completed. \
Installing files, 31% completed. |
Installing files, 31% completed. /
Installing files, 31% completed. -
Installing files, 31% completed. \
Installing files, 31% completed. |
Installing files, 31% completed. /
Installing files, 31% completed. -
Installing files, 31% completed. \
Installing files, 31% completed. |
Installing files, 31% completed. /
Installing files, 31% completed. -
Installing files, 31% completed. \
Installing files, 31% completed. |
Installing files, 31% completed. /
Installing files, 31% completed. -
Installing files, 31% completed. \
Installing files, 31% completed. |
Installing files, 32% completed. /
Installing files, 32% completed. -
Installing files, 32% completed. \
Installing files, 32% completed. |
Installing files, 32% completed. /
Installing files, 32% completed. -
Installing files, 32% completed. \
Installing files, 32% completed. |
Installing files, 32% completed. /
Installing files, 32% completed. -
Installing files, 32% completed. \
Installing files, 32% completed. |
Installing files, 32% completed. /
Installing files, 32% completed. -
Installing files, 32% completed. \
Installing files, 32% completed. |
Installing files, 32% completed. /
Installing files, 32% completed. -
Installing files, 32% completed. \
Installing files, 32% completed. |
Installing files, 32% completed. /
Installing files, 32% completed. -
Installing files, 32% completed. \
Installing files, 32% completed. |
Installing files, 32% completed. /
Installing files, 32% completed. -
Installing files, 32% completed. \
Installing files, 32% completed. |
Installing files, 32% completed. /
Installing files, 32% completed. -
Installing files, 32% completed. \
Installing files, 32% completed. |
Installing files, 32% completed. /
Installing files, 32% completed. -
Installing files, 32% completed. \
Installing files, 32% completed. |
Installing files, 32% completed. /
Installing files, 34% completed. -
Installing files, 34% completed. \
Installing files, 34% completed. |
Installing files, 34% completed. /
Installing files, 34% completed. -
Installing files, 34% completed. \
Installing files, 34% completed. |
Installing files, 34% completed. /
Installing files, 34% completed. -
Installing files, 34% completed. \
Installing files, 34% completed. |
Installing files, 34% completed. /
Installing files, 35% completed. -
Installing files, 35% completed. \
Installing files, 35% completed. |
Installing files, 35% completed. /
Installing files, 35% completed. -
Installing files, 35% completed. \
Installing files, 35% completed. |
Installing files, 35% completed. /
Installing files, 35% completed. -
Installing files, 35% completed. \
Installing files, 35% completed. |
Installing files, 35% completed. /
Installing files, 35% completed. -
Installing files, 35% completed. \
Installing files, 35% completed. |
Installing files, 35% completed. /
Installing files, 35% completed. -
Installing files, 35% completed. \
Installing files, 35% completed. |
Installing files, 35% completed. /
Installing files, 35% completed. -
Installing files, 35% completed. \
Installing files, 35% completed. |
Installing files, 35% completed. /
Installing files, 35% completed. -
Installing files, 35% completed. \
Installing files, 35% completed. |
Installing files, 35% completed. /
Installing files, 35% completed. -
Installing files, 35% completed. \
Installing files, 35% completed. |
Installing files, 35% completed. /
Installing files, 35% completed. -
Installing files, 35% completed. \
Installing files, 35% completed. |
Installing files, 35% completed. /
Installing files, 35% completed. -
Installing files, 35% completed. \
Installing files, 35% completed. |
Installing files, 35% completed. /
Installing files, 35% completed. -
Installing files, 35% completed. \
Installing files, 35% completed. |
Installing files, 36% completed. /
Installing files, 36% completed. -
Installing files, 36% completed. \
Installing files, 36% completed. |
Installing files, 36% completed. /
Installing files, 36% completed. -
Installing files, 36% completed. \
Installing files, 36% completed. |
Installing files, 36% completed. /
Installing files, 36% completed. -
Installing files, 36% completed. \
Installing files, 36% completed. |
Installing files, 36% completed. /
Installing files, 36% completed. -
Installing files, 36% completed. \
Installing files, 36% completed. |
Installing files, 36% completed. /
Installing files, 36% completed. -
Installing files, 36% completed. \
Installing files, 36% completed. |
Installing files, 36% completed. /
Installing files, 36% completed. -
Installing files, 36% completed. \
Installing files, 36% completed. |
Installing files, 36% completed. /
Installing files, 36% completed. -
Installing files, 36% completed. \
Installing files, 36% completed. |
Installing files, 36% completed. /
Installing files, 36% completed. -
Installing files, 36% completed. \
Installing files, 36% completed. |
Installing files, 36% completed. /
Installing files, 36% completed. -
Installing files, 36% completed. \
Installing files, 36% completed. |
Installing files, 36% completed. /
Installing files, 36% completed. -
Installing files, 36% completed. \
Installing files, 36% completed. |
Installing files, 36% completed. /
Installing files, 36% completed. -
Installing files, 36% completed. \
Installing files, 36% completed. |
Installing files, 36% completed. /
Installing files, 36% completed. -
Installing files, 36% completed. \
Installing files, 36% completed. |
Installing files, 36% completed. /
Installing files, 36% completed. -
Installing files, 36% completed. \
Installing files, 36% completed. |
Installing files, 36% completed. /
Installing files, 36% completed. -
Installing files, 36% completed. \
Installing files, 36% completed. |
Installing files, 36% completed. /
Installing files, 36% completed. -
Installing files, 36% completed. \
Installing files, 36% completed. |
Installing files, 36% completed. /
Installing files, 36% completed. -
Installing files, 36% completed. \
Installing files, 36% completed. |
Installing files, 36% completed. /
Installing files, 36% completed. -
Installing files, 36% completed. \
Installing files, 36% completed. |
Installing files, 36% completed. /
Installing files, 36% completed. -
Installing files, 36% completed. \
Installing files, 36% completed. |
Installing files, 36% completed. /
Installing files, 36% completed. -
Installing files, 36% completed. \
Installing files, 36% completed. |
Installing files, 36% completed. /
Installing files, 36% completed. -
Installing files, 36% completed. \
Installing files, 36% completed. |
Installing files, 36% completed. /
Installing files, 36% completed. -
Installing files, 36% completed. \
Installing files, 36% completed. |
Installing files, 36% completed. /
Installing files, 36% completed. -
Installing files, 36% completed. \
Installing files, 36% completed. |
Installing files, 36% completed. /
Installing files, 36% completed. -
Installing files, 36% completed. \
Installing files, 36% completed. |
Installing files, 36% completed. /
Installing files, 36% completed. -
Installing files, 36% completed. \
Installing files, 36% completed. |
Installing files, 36% completed. /
Installing files, 36% completed. -
Installing files, 36% completed. \
Installing files, 36% completed. |
Installing files, 36% completed. /
Installing files, 36% completed. -
Installing files, 36% completed. \
Installing files, 36% completed. |
Installing files, 36% completed. /
Installing files, 36% completed. -
Installing files, 36% completed. \
Installing files, 36% completed. |
Installing files, 36% completed. /
Installing files, 36% completed. -
Installing files, 36% completed. \
Installing files, 36% completed. |
Installing files, 36% completed. /
Installing files, 36% completed. -
Installing files, 36% completed. \
Installing files, 36% completed. |
Installing files, 36% completed. /
Installing files, 36% completed. -
Installing files, 36% completed. \
Installing files, 36% completed. |
Installing files, 36% completed. /
Installing files, 36% completed. -
Installing files, 36% completed. \
Installing files, 36% completed. |
Installing files, 36% completed. /
Installing files, 36% completed. -
Installing files, 36% completed. \
Installing files, 36% completed. |
Installing files, 36% completed. /
Installing files, 36% completed. -
Installing files, 36% completed. \
Installing files, 36% completed. |
Installing files, 36% completed. /
Installing files, 36% completed. -
Installing files, 37% completed. \
Installing files, 37% completed. |
Installing files, 37% completed. /
Installing files, 37% completed. -
Installing files, 37% completed. \
Installing files, 37% completed. |
Installing files, 37% completed. /
Installing files, 37% completed. -
Installing files, 37% completed. \
Installing files, 37% completed. |
Installing files, 37% completed. /
Installing files, 37% completed. -
Installing files, 37% completed. \
Installing files, 37% completed. |
Installing files, 37% completed. /
Installing files, 37% completed. -
Installing files, 37% completed. \
Installing files, 37% completed. |
Installing files, 37% completed. /
Installing files, 37% completed. -
Installing files, 37% completed. \
Installing files, 37% completed. |
Installing files, 38% completed. /
Installing files, 38% completed. -
Installing files, 38% completed. \
Installing files, 38% completed. |
Installing files, 38% completed. /
Installing files, 38% completed. -
Installing files, 38% completed. \
Installing files, 38% completed. |
Installing files, 38% completed. /
Installing files, 38% completed. -
Installing files, 38% completed. \
Installing files, 38% completed. |
Installing files, 38% completed. /
Installing files, 38% completed. -
Installing files, 38% completed. \
Installing files, 38% completed. |
Installing files, 38% completed. /
Installing files, 38% completed. -
Installing files, 38% completed. \
Installing files, 38% completed. |
Installing files, 38% completed. /
Installing files, 38% completed. -
Installing files, 38% completed. \
Installing files, 38% completed. |
Installing files, 38% completed. /
Installing files, 38% completed. -
Installing files, 38% completed. \
Installing files, 38% completed. |
Installing files, 38% completed. /
Installing files, 38% completed. -
Installing files, 38% completed. \
Installing files, 38% completed. |
Installing files, 38% completed. /
Installing files, 38% completed. -
Installing files, 38% completed. \
Installing files, 38% completed. |
Installing files, 38% completed. /
Installing files, 38% completed. -
Installing files, 38% completed. \
Installing files, 38% completed. |
Installing files, 38% completed. /
Installing files, 38% completed. -
Installing files, 38% completed. \
Installing files, 38% completed. |
Installing files, 38% completed. /
Installing files, 38% completed. -
Installing files, 38% completed. \
Installing files, 38% completed. |
Installing files, 38% completed. /
Installing files, 39% completed. -
Installing files, 39% completed. \
Installing files, 39% completed. |
Installing files, 39% completed. /
Installing files, 39% completed. -
Installing files, 39% completed. \
Installing files, 39% completed. |
Installing files, 39% completed. /
Installing files, 39% completed. -
Installing files, 39% completed. \
Installing files, 39% completed. |
Installing files, 39% completed. /
Installing files, 39% completed. -
Installing files, 39% completed. \
Installing files, 39% completed. |
Installing files, 39% completed. /
Installing files, 39% completed. -
Installing files, 39% completed. \
Installing files, 39% completed. |
Installing files, 39% completed. /
Installing files, 39% completed. -
Installing files, 39% completed. \
Installing files, 39% completed. |
Installing files, 39% completed. /
Installing files, 39% completed. -
Installing files, 39% completed. \
Installing files, 39% completed. |
Installing files, 39% completed. /
Installing files, 39% completed. -
Installing files, 39% completed. \
Installing files, 39% completed. |
Installing files, 39% completed. /
Installing files, 39% completed. -
Installing files, 39% completed. \
Installing files, 39% completed. |
Installing files, 39% completed. /
Installing files, 39% completed. -
Installing files, 39% completed. \
Installing files, 39% completed. |
Installing files, 39% completed. /
Installing files, 39% completed. -
Installing files, 39% completed. \
Installing files, 39% completed. |
Installing files, 39% completed. /
Installing files, 39% completed. -
Installing files, 39% completed. \
Installing files, 39% completed. |
Installing files, 39% completed. /
Installing files, 39% completed. -
Installing files, 40% completed. \
Installing files, 40% completed. |
Installing files, 40% completed. /
Installing files, 40% completed. -
Installing files, 40% completed. \
Installing files, 40% completed. |
Installing files, 40% completed. /
Installing files, 40% completed. -
Installing files, 40% completed. \
Installing files, 40% completed. |
Installing files, 40% completed. /
Installing files, 40% completed. -
Installing files, 40% completed. \
Installing files, 40% completed. |
Installing files, 40% completed. /
Installing files, 40% completed. -
Installing files, 40% completed. \
Installing files, 40% completed. |
Installing files, 40% completed. /
Installing files, 40% completed. -
Installing files, 40% completed. \
Installing files, 40% completed. |
Installing files, 40% completed. /
Installing files, 40% completed. -
Installing files, 40% completed. \
Installing files, 41% completed. |
Installing files, 41% completed. /
Installing files, 41% completed. -
Installing files, 41% completed. \
Installing files, 41% completed. |
Installing files, 41% completed. /
Installing files, 41% completed. -
Installing files, 41% completed. \
Installing files, 41% completed. |
Installing files, 41% completed. /
Installing files, 41% completed. -
Installing files, 41% completed. \
Installing files, 41% completed. |
Installing files, 41% completed. /
Installing files, 41% completed. -
Installing files, 41% completed. \
Installing files, 41% completed. |
Installing files, 41% completed. /
Installing files, 41% completed. -
Installing files, 41% completed. \
Installing files, 41% completed. |
Installing files, 41% completed. /
Installing files, 41% completed. -
Installing files, 41% completed. \
Installing files, 41% completed. |
Installing files, 41% completed. /
Installing files, 41% completed. -
Installing files, 41% completed. \
Installing files, 41% completed. |
Installing files, 41% completed. /
Installing files, 41% completed. -
Installing files, 41% completed. \
Installing files, 41% completed. |
Installing files, 41% completed. /
Installing files, 41% completed. -
Installing files, 41% completed. \
Installing files, 41% completed. |
Installing files, 41% completed. /
Installing files, 41% completed. -
Installing files, 41% completed. \
Installing files, 41% completed. |
Installing files, 41% completed. /
Installing files, 41% completed. -
Installing files, 41% completed. \
Installing files, 41% completed. |
Installing files, 41% completed. /
Installing files, 41% completed. -
Installing files, 41% completed. \
Installing files, 41% completed. |
Installing files, 41% completed. /
Installing files, 41% completed. -
Installing files, 41% completed. \
Installing files, 41% completed. |
Installing files, 41% completed. /
Installing files, 41% completed. -
Installing files, 41% completed. \
Installing files, 41% completed. |
Installing files, 41% completed. /
Installing files, 41% completed. -
Installing files, 41% completed. \
Installing files, 41% completed. |
Installing files, 41% completed. /
Installing files, 41% completed. -
Installing files, 41% completed. \
Installing files, 41% completed. |
Installing files, 41% completed. /
Installing files, 41% completed. -
Installing files, 41% completed. \
Installing files, 41% completed. |
Installing files, 41% completed. /
Installing files, 41% completed. -
Installing files, 41% completed. \
Installing files, 41% completed. |
Installing files, 41% completed. /
Installing files, 41% completed. -
Installing files, 41% completed. \
Installing files, 41% completed. |
Installing files, 41% completed. /
Installing files, 41% completed. -
Installing files, 41% completed. \
Installing files, 41% completed. |
Installing files, 41% completed. /
Installing files, 41% completed. -
Installing files, 41% completed. \
Installing files, 41% completed. |
Installing files, 41% completed. /
Installing files, 41% completed. -
Installing files, 41% completed. \
Installing files, 41% completed. |
Installing files, 41% completed. /
Installing files, 41% completed. -
Installing files, 41% completed. \
Installing files, 41% completed. |
Installing files, 41% completed. /
Installing files, 41% completed. -
Installing files, 41% completed. \
Installing files, 41% completed. |
Installing files, 41% completed. /
Installing files, 41% completed. -
Installing files, 41% completed. \
Installing files, 41% completed. |
Installing files, 41% completed. /
Installing files, 42% completed. -
Installing files, 42% completed. \
Installing files, 42% completed. |
Installing files, 42% completed. /
Installing files, 42% completed. -
Installing files, 42% completed. \
Installing files, 42% completed. |
Installing files, 42% completed. /
Installing files, 42% completed. -
Installing files, 42% completed. \
Installing files, 42% completed. |
Installing files, 42% completed. /
Installing files, 42% completed. -
Installing files, 42% completed. \
Installing files, 42% completed. |
Installing files, 42% completed. /
Installing files, 42% completed. -
Installing files, 42% completed. \
Installing files, 42% completed. |
Installing files, 42% completed. /
Installing files, 42% completed. -
Installing files, 42% completed. \
Installing files, 42% completed. |
Installing files, 42% completed. /
Installing files, 42% completed. -
Installing files, 42% completed. \
Installing files, 42% completed. |
Installing files, 42% completed. /
Installing files, 42% completed. -
Installing files, 42% completed. \
Installing files, 42% completed. |
Installing files, 42% completed. /
Installing files, 42% completed. -
Installing files, 42% completed. \
Installing files, 42% completed. |
Installing files, 42% completed. /
Installing files, 42% completed. -
Installing files, 42% completed. \
Installing files, 42% completed. |
Installing files, 43% completed. /
Installing files, 43% completed. -
Installing files, 43% completed. \
Installing files, 43% completed. |
Installing files, 43% completed. /
Installing files, 43% completed. -
Installing files, 43% completed. \
Installing files, 43% completed. |
Installing files, 43% completed. /
Installing files, 43% completed. -
Installing files, 43% completed. \
Installing files, 43% completed. |
Installing files, 43% completed. /
Installing files, 43% completed. -
Installing files, 43% completed. \
Installing files, 43% completed. |
Installing files, 43% completed. /
Installing files, 43% completed. -
Installing files, 43% completed. \
Installing files, 43% completed. |
Installing files, 43% completed. /
Installing files, 43% completed. -
Installing files, 43% completed. \
Installing files, 43% completed. |
Installing files, 43% completed. /
Installing files, 43% completed. -
Installing files, 43% completed. \
Installing files, 43% completed. |
Installing files, 43% completed. /
Installing files, 43% completed. -
Installing files, 43% completed. \
Installing files, 43% completed. |
Installing files, 43% completed. /
Installing files, 43% completed. -
Installing files, 43% completed. \
Installing files, 43% completed. |
Installing files, 43% completed. /
Installing files, 43% completed. -
Installing files, 43% completed. \
Installing files, 43% completed. |
Installing files, 43% completed. /
Installing files, 43% completed. -
Installing files, 43% completed. \
Installing files, 43% completed. |
Installing files, 43% completed. /
Installing files, 43% completed. -
Installing files, 43% completed. \
Installing files, 43% completed. |
Installing files, 43% completed. /
Installing files, 43% completed. -
Installing files, 43% completed. \
Installing files, 43% completed. |
Installing files, 43% completed. /
Installing files, 43% completed. -
Installing files, 43% completed. \
Installing files, 43% completed. |
Installing files, 43% completed. /
Installing files, 43% completed. -
Installing files, 43% completed. \
Installing files, 43% completed. |
Installing files, 43% completed. /
Installing files, 43% completed. -
Installing files, 43% completed. \
Installing files, 43% completed. |
Installing files, 43% completed. /
Installing files, 43% completed. -
Installing files, 43% completed. \
Installing files, 43% completed. |
Installing files, 43% completed. /
Installing files, 43% completed. -
Installing files, 43% completed. \
Installing files, 43% completed. |
Installing files, 43% completed. /
Installing files, 43% completed. -
Installing files, 43% completed. \
Installing files, 43% completed. |
Installing files, 43% completed. /
Installing files, 43% completed. -
Installing files, 43% completed. \
Installing files, 43% completed. |
Installing files, 43% completed. /
Installing files, 43% completed. -
Installing files, 43% completed. \
Installing files, 43% completed. |
Installing files, 43% completed. /
Installing files, 43% completed. -
Installing files, 43% completed. \
Installing files, 43% completed. |
Installing files, 43% completed. /
Installing files, 43% completed. -
Installing files, 43% completed. \
Installing files, 43% completed. |
Installing files, 43% completed. /
Installing files, 43% completed. -
Installing files, 43% completed. \
Installing files, 43% completed. |
Installing files, 43% completed. /
Installing files, 43% completed. -
Installing files, 43% completed. \
Installing files, 43% completed. |
Installing files, 43% completed. /
Installing files, 43% completed. -
Installing files, 43% completed. \
Installing files, 43% completed. |
Installing files, 43% completed. /
Installing files, 43% completed. -
Installing files, 43% completed. \
Installing files, 43% completed. |
Installing files, 43% completed. /
Installing files, 43% completed. -
Installing files, 45% completed. \
Installing files, 45% completed. |
Installing files, 45% completed. /
Installing files, 45% completed. -
Installing files, 45% completed. \
Installing files, 45% completed. |
Installing files, 45% completed. /
Installing files, 45% completed. -
Installing files, 45% completed. \
Installing files, 45% completed. |
Installing files, 45% completed. /
Installing files, 45% completed. -
Installing files, 45% completed. \
Installing files, 45% completed. |
Installing files, 45% completed. /
Installing files, 45% completed. -
Installing files, 45% completed. \
Installing files, 45% completed. |
Installing files, 45% completed. /
Installing files, 45% completed. -
Installing files, 45% completed. \
Installing files, 45% completed. |
Installing files, 45% completed. /
Installing files, 45% completed. -
Installing files, 45% completed. \
Installing files, 45% completed. |
Installing files, 45% completed. /
Installing files, 45% completed. -
Installing files, 45% completed. \
Installing files, 45% completed. |
Installing files, 45% completed. /
Installing files, 45% completed. -
Installing files, 45% completed. \
Installing files, 45% completed. |
Installing files, 45% completed. /
Installing files, 45% completed. -
Installing files, 45% completed. \
Installing files, 45% completed. |
Installing files, 45% completed. /
Installing files, 45% completed. -
Installing files, 45% completed. \
Installing files, 45% completed. |
Installing files, 45% completed. /
Installing files, 45% completed. -
Installing files, 45% completed. \
Installing files, 45% completed. |
Installing files, 45% completed. /
Installing files, 45% completed. -
Installing files, 45% completed. \
Installing files, 45% completed. |
Installing files, 45% completed. /
Installing files, 45% completed. -
Installing files, 45% completed. \
Installing files, 45% completed. |
Installing files, 45% completed. /
Installing files, 45% completed. -
Installing files, 45% completed. \
Installing files, 45% completed. |
Installing files, 45% completed. /
Installing files, 45% completed. -
Installing files, 45% completed. \
Installing files, 45% completed. |
Installing files, 45% completed. /
Installing files, 45% completed. -
Installing files, 45% completed. \
Installing files, 45% completed. |
Installing files, 45% completed. /
Installing files, 45% completed. -
Installing files, 45% completed. \
Installing files, 45% completed. |
Installing files, 45% completed. /
Installing files, 45% completed. -
Installing files, 45% completed. \
Installing files, 45% completed. |
Installing files, 45% completed. /
Installing files, 45% completed. -
Installing files, 45% completed. \
Installing files, 45% completed. |
Installing files, 45% completed. /
Installing files, 45% completed. -
Installing files, 45% completed. \
Installing files, 45% completed. |
Installing files, 45% completed. /
Installing files, 45% completed. -
Installing files, 45% completed. \
Installing files, 45% completed. |
Installing files, 46% completed. /
Installing files, 46% completed. -
Installing files, 46% completed. \
Installing files, 46% completed. |
Installing files, 46% completed. /
Installing files, 46% completed. -
Installing files, 46% completed. \
Installing files, 46% completed. |
Installing files, 46% completed. /
Installing files, 46% completed. -
Installing files, 46% completed. \
Installing files, 46% completed. |
Installing files, 46% completed. /
Installing files, 46% completed. -
Installing files, 46% completed. \
Installing files, 46% completed. |
Installing files, 46% completed. /
Installing files, 46% completed. -
Installing files, 46% completed. \
Installing files, 46% completed. |
Installing files, 46% completed. /
Installing files, 46% completed. -
Installing files, 46% completed. \
Installing files, 46% completed. |
Installing files, 46% completed. /
Installing files, 46% completed. -
Installing files, 46% completed. \
Installing files, 46% completed. |
Installing files, 46% completed. /
Installing files, 46% completed. -
Installing files, 46% completed. \
Installing files, 46% completed. |
Installing files, 46% completed. /
Installing files, 46% completed. -
Installing files, 46% completed. \
Installing files, 46% completed. |
Installing files, 46% completed. /
Installing files, 46% completed. -
Installing files, 46% completed. \
Installing files, 46% completed. |
Installing files, 46% completed. /
Installing files, 46% completed. -
Installing files, 46% completed. \
Installing files, 46% completed. |
Installing files, 46% completed. /
Installing files, 46% completed. -
Installing files, 46% completed. \
Installing files, 46% completed. |
Installing files, 46% completed. /
Installing files, 46% completed. -
Installing files, 46% completed. \
Installing files, 46% completed. |
Installing files, 46% completed. /
Installing files, 46% completed. -
Installing files, 46% completed. \
Installing files, 46% completed. |
Installing files, 46% completed. /
Installing files, 46% completed. -
Installing files, 46% completed. \
Installing files, 46% completed. |
Installing files, 46% completed. /
Installing files, 46% completed. -
Installing files, 46% completed. \
Installing files, 46% completed. |
Installing files, 46% completed. /
Installing files, 46% completed. -
Installing files, 46% completed. \
Installing files, 46% completed. |
Installing files, 46% completed. /
Installing files, 46% completed. -
Installing files, 46% completed. \
Installing files, 46% completed. |
Installing files, 46% completed. /
Installing files, 46% completed. -
Installing files, 46% completed. \
Installing files, 46% completed. |
Installing files, 46% completed. /
Installing files, 46% completed. -
Installing files, 46% completed. \
Installing files, 46% completed. |
Installing files, 46% completed. /
Installing files, 46% completed. -
Installing files, 46% completed. \
Installing files, 46% completed. |
Installing files, 46% completed. /
Installing files, 46% completed. -
Installing files, 46% completed. \
Installing files, 46% completed. |
Installing files, 46% completed. /
Installing files, 46% completed. -
Installing files, 46% completed. \
Installing files, 46% completed. |
Installing files, 46% completed. /
Installing files, 46% completed. -
Installing files, 46% completed. \
Installing files, 46% completed. |
Installing files, 46% completed. /
Installing files, 46% completed. -
Installing files, 46% completed. \
Installing files, 46% completed. |
Installing files, 46% completed. /
Installing files, 46% completed. -
Installing files, 46% completed. \
Installing files, 46% completed. |
Installing files, 46% completed. /
Installing files, 46% completed. -
Installing files, 46% completed. \
Installing files, 46% completed. |
Installing files, 46% completed. /
Installing files, 46% completed. -
Installing files, 46% completed. \
Installing files, 46% completed. |
Installing files, 46% completed. /
Installing files, 46% completed. -
Installing files, 46% completed. \
Installing files, 46% completed. |
Installing files, 46% completed. /
Installing files, 46% completed. -
Installing files, 46% completed. \
Installing files, 46% completed. |
Installing files, 46% completed. /
Installing files, 46% completed. -
Installing files, 46% completed. \
Installing files, 46% completed. |
Installing files, 46% completed. /
Installing files, 46% completed. -
Installing files, 46% completed. \
Installing files, 46% completed. |
Installing files, 46% completed. /
Installing files, 46% completed. -
Installing files, 46% completed. \
Installing files, 46% completed. |
Installing files, 47% completed. /
Installing files, 47% completed. -
Installing files, 47% completed. \
Installing files, 47% completed. |
Installing files, 47% completed. /
Installing files, 47% completed. -
Installing files, 47% completed. \
Installing files, 47% completed. |
Installing files, 47% completed. /
Installing files, 47% completed. -
Installing files, 47% completed. \
Installing files, 47% completed. |
Installing files, 47% completed. /
Installing files, 47% completed. -
Installing files, 47% completed. \
Installing files, 47% completed. |
Installing files, 47% completed. /
Installing files, 47% completed. -
Installing files, 47% completed. \
Installing files, 47% completed. |
Installing files, 47% completed. /
Installing files, 47% completed. -
Installing files, 47% completed. \
Installing files, 47% completed. |
Installing files, 47% completed. /
Installing files, 47% completed. -
Installing files, 47% completed. \
Installing files, 47% completed. |
Installing files, 47% completed. /
Installing files, 47% completed. -
Installing files, 47% completed. \
Installing files, 47% completed. |
Installing files, 47% completed. /
Installing files, 47% completed. -
Installing files, 47% completed. \
Installing files, 47% completed. |
Installing files, 47% completed. /
Installing files, 47% completed. -
Installing files, 47% completed. \
Installing files, 47% completed. |
Installing files, 47% completed. /
Installing files, 47% completed. -
Installing files, 47% completed. \
Installing files, 47% completed. |
Installing files, 47% completed. /
Installing files, 47% completed. -
Installing files, 47% completed. \
Installing files, 47% completed. |
Installing files, 47% completed. /
Installing files, 47% completed. -
Installing files, 47% completed. \
Installing files, 47% completed. |
Installing files, 47% completed. /
Installing files, 47% completed. -
Installing files, 47% completed. \
Installing files, 47% completed. |
Installing files, 48% completed. /
Installing files, 48% completed. -
Installing files, 48% completed. \
Installing files, 48% completed. |
Installing files, 48% completed. /
Installing files, 48% completed. -
Installing files, 48% completed. \
Installing files, 48% completed. |
Installing files, 48% completed. /
Installing files, 48% completed. -
Installing files, 48% completed. \
Installing files, 48% completed. |
Installing files, 48% completed. /
Installing files, 48% completed. -
Installing files, 48% completed. \
Installing files, 48% completed. |
Installing files, 48% completed. /
Installing files, 48% completed. -
Installing files, 48% completed. \
Installing files, 48% completed. |
Installing files, 48% completed. /
Installing files, 48% completed. -
Installing files, 48% completed. \
Installing files, 48% completed. |
Installing files, 48% completed. /
Installing files, 48% completed. -
Installing files, 48% completed. \
Installing files, 48% completed. |
Installing files, 48% completed. /
Installing files, 48% completed. -
Installing files, 48% completed. \
Installing files, 48% completed. |
Installing files, 48% completed. /
Installing files, 48% completed. -
Installing files, 48% completed. \
Installing files, 48% completed. |
Installing files, 48% completed. /
Installing files, 48% completed. -
Installing files, 48% completed. \
Installing files, 48% completed. |
Installing files, 48% completed. /
Installing files, 48% completed. -
Installing files, 48% completed. \
Installing files, 48% completed. |
Installing files, 48% completed. /
Installing files, 48% completed. -
Installing files, 48% completed. \
Installing files, 48% completed. |
Installing files, 48% completed. /
Installing files, 48% completed. -
Installing files, 48% completed. \
Installing files, 49% completed. |
Installing files, 49% completed. /
Installing files, 49% completed. -
Installing files, 49% completed. \
Installing files, 49% completed. |
Installing files, 49% completed. /
Installing files, 49% completed. -
Installing files, 49% completed. \
Installing files, 49% completed. |
Installing files, 49% completed. /
Installing files, 49% completed. -
Installing files, 49% completed. \
Installing files, 49% completed. |
Installing files, 49% completed. /
Installing files, 49% completed. -
Installing files, 49% completed. \
Installing files, 50% completed. |
Installing files, 50% completed. /
Installing files, 50% completed. -
Installing files, 50% completed. \
Installing files, 50% completed. |
Installing files, 50% completed. /
Installing files, 50% completed. -
Installing files, 50% completed. \
Installing files, 50% completed. |
Installing files, 50% completed. /
Installing files, 50% completed. -
Installing files, 50% completed. \
Installing files, 50% completed. |
Installing files, 50% completed. /
Installing files, 50% completed. -
Installing files, 51% completed. \
Installing files, 51% completed. |
Installing files, 51% completed. /
Installing files, 51% completed. -
Installing files, 51% completed. \
Installing files, 51% completed. |
Installing files, 51% completed. /
Installing files, 51% completed. -
Installing files, 51% completed. \
Installing files, 51% completed. |
Installing files, 51% completed. /
Installing files, 51% completed. -
Installing files, 51% completed. \
Installing files, 51% completed. |
Installing files, 51% completed. /
Installing files, 51% completed. -
Installing files, 51% completed. \
Installing files, 51% completed. |
Installing files, 51% completed. /
Installing files, 51% completed. -
Installing files, 51% completed. \
Installing files, 51% completed. |
Installing files, 51% completed. /
Installing files, 51% completed. -
Installing files, 51% completed. \
Installing files, 51% completed. |
Installing files, 51% completed. /
Installing files, 51% completed. -
Installing files, 51% completed. \
Installing files, 51% completed. |
Installing files, 51% completed. /
Installing files, 51% completed. -
Installing files, 51% completed. \
Installing files, 51% completed. |
Installing files, 51% completed. /
Installing files, 51% completed. -
Installing files, 51% completed. \
Installing files, 51% completed. |
Installing files, 51% completed. /
Installing files, 51% completed. -
Installing files, 51% completed. \
Installing files, 51% completed. |
Installing files, 51% completed. /
Installing files, 51% completed. -
Installing files, 51% completed. \
Installing files, 51% completed. |
Installing files, 51% completed. /
Installing files, 51% completed. -
Installing files, 51% completed. \
Installing files, 51% completed. |
Installing files, 51% completed. /
Installing files, 51% completed. -
Installing files, 51% completed. \
Installing files, 51% completed. |
Installing files, 51% completed. /
Installing files, 51% completed. -
Installing files, 51% completed. \
Installing files, 51% completed. |
Installing files, 51% completed. /
Installing files, 51% completed. -
Installing files, 51% completed. \
Installing files, 51% completed. |
Installing files, 51% completed. /
Installing files, 51% completed. -
Installing files, 51% completed. \
Installing files, 51% completed. |
Installing files, 51% completed. /
Installing files, 51% completed. -
Installing files, 51% completed. \
Installing files, 51% completed. |
Installing files, 51% completed. /
Installing files, 51% completed. -
Installing files, 51% completed. \
Installing files, 51% completed. |
Installing files, 51% completed. /
Installing files, 51% completed. -
Installing files, 51% completed. \
Installing files, 51% completed. |
Installing files, 51% completed. /
Installing files, 51% completed. -
Installing files, 51% completed. \
Installing files, 51% completed. |
Installing files, 51% completed. /
Installing files, 51% completed. -
Installing files, 51% completed. \
Installing files, 51% completed. |
Installing files, 51% completed. /
Installing files, 51% completed. -
Installing files, 51% completed. \
Installing files, 51% completed. |
Installing files, 51% completed. /
Installing files, 51% completed. -
Installing files, 52% completed. \
Installing files, 52% completed. |
Installing files, 52% completed. /
Installing files, 52% completed. -
Installing files, 52% completed. \
Installing files, 52% completed. |
Installing files, 52% completed. /
Installing files, 52% completed. -
Installing files, 52% completed. \
Installing files, 52% completed. |
Installing files, 52% completed. /
Installing files, 52% completed. -
Installing files, 52% completed. \
Installing files, 52% completed. |
Installing files, 52% completed. /
Installing files, 52% completed. -
Installing files, 52% completed. \
Installing files, 52% completed. |
Installing files, 52% completed. /
Installing files, 52% completed. -
Installing files, 52% completed. \
Installing files, 52% completed. |
Installing files, 52% completed. /
Installing files, 52% completed. -
Installing files, 52% completed. \
Installing files, 52% completed. |
Installing files, 52% completed. /
Installing files, 52% completed. -
Installing files, 52% completed. \
Installing files, 52% completed. |
Installing files, 52% completed. /
Installing files, 52% completed. -
Installing files, 52% completed. \
Installing files, 52% completed. |
Installing files, 52% completed. /
Installing files, 52% completed. -
Installing files, 52% completed. \
Installing files, 52% completed. |
Installing files, 52% completed. /
Installing files, 52% completed. -
Installing files, 52% completed. \
Installing files, 52% completed. |
Installing files, 52% completed. /
Installing files, 52% completed. -
Installing files, 52% completed. \
Installing files, 52% completed. |
Installing files, 52% completed. /
Installing files, 52% completed. -
Installing files, 52% completed. \
Installing files, 52% completed. |
Installing files, 52% completed. /
Installing files, 52% completed. -
Installing files, 52% completed. \
Installing files, 52% completed. |
Installing files, 52% completed. /
Installing files, 52% completed. -
Installing files, 52% completed. \
Installing files, 52% completed. |
Installing files, 52% completed. /
Installing files, 52% completed. -
Installing files, 52% completed. \
Installing files, 52% completed. |
Installing files, 52% completed. /
Installing files, 52% completed. -
Installing files, 52% completed. \
Installing files, 52% completed. |
Installing files, 52% completed. /
Installing files, 52% completed. -
Installing files, 52% completed. \
Installing files, 52% completed. |
Installing files, 52% completed. /
Installing files, 52% completed. -
Installing files, 52% completed. \
Installing files, 52% completed. |
Installing files, 52% completed. /
Installing files, 52% completed. -
Installing files, 52% completed. \
Installing files, 52% completed. |
Installing files, 52% completed. /
Installing files, 52% completed. -
Installing files, 52% completed. \
Installing files, 52% completed. |
Installing files, 52% completed. /
Installing files, 52% completed. -
Installing files, 52% completed. \
Installing files, 52% completed. |
Installing files, 52% completed. /
Installing files, 52% completed. -
Installing files, 52% completed. \
Installing files, 52% completed. |
Installing files, 52% completed. /
Installing files, 52% completed. -
Installing files, 52% completed. \
Installing files, 52% completed. |
Installing files, 52% completed. /
Installing files, 52% completed. -
Installing files, 52% completed. \
Installing files, 52% completed. |
Installing files, 52% completed. /
Installing files, 52% completed. -
Installing files, 52% completed. \
Installing files, 52% completed. |
Installing files, 52% completed. /
Installing files, 52% completed. -
Installing files, 53% completed. \
Installing files, 53% completed. |
Installing files, 53% completed. /
Installing files, 53% completed. -
Installing files, 53% completed. \
Installing files, 53% completed. |
Installing files, 53% completed. /
Installing files, 53% completed. -
Installing files, 53% completed. \
Installing files, 53% completed. |
Installing files, 53% completed. /
Installing files, 53% completed. -
Installing files, 53% completed. \
Installing files, 53% completed. |
Installing files, 53% completed. /
Installing files, 53% completed. -
Installing files, 53% completed. \
Installing files, 53% completed. |
Installing files, 53% completed. /
Installing files, 53% completed. -
Installing files, 53% completed. \
Installing files, 53% completed. |
Installing files, 53% completed. /
Installing files, 53% completed. -
Installing files, 53% completed. \
Installing files, 53% completed. |
Installing files, 53% completed. /
Installing files, 53% completed. -
Installing files, 53% completed. \
Installing files, 53% completed. |
Installing files, 54% completed. /
Installing files, 54% completed. -
Installing files, 54% completed. \
Installing files, 54% completed. |
Installing files, 54% completed. /
Installing files, 54% completed. -
Installing files, 54% completed. \
Installing files, 54% completed. |
Installing files, 54% completed. /
Installing files, 54% completed. -
Installing files, 54% completed. \
Installing files, 54% completed. |
Installing files, 54% completed. /
Installing files, 54% completed. -
Installing files, 54% completed. \
Installing files, 54% completed. |
Installing files, 54% completed. /
Installing files, 54% completed. -
Installing files, 54% completed. \
Installing files, 54% completed. |
Installing files, 54% completed. /
Installing files, 54% completed. -
Installing files, 54% completed. \
Installing files, 54% completed. |
Installing files, 54% completed. /
Installing files, 54% completed. -
Installing files, 54% completed. \
Installing files, 54% completed. |
Installing files, 54% completed. /
Installing files, 54% completed. -
Installing files, 54% completed. \
Installing files, 54% completed. |
Installing files, 54% completed. /
Installing files, 55% completed. -
Installing files, 55% completed. \
Installing files, 55% completed. |
Installing files, 55% completed. /
Installing files, 55% completed. -
Installing files, 55% completed. \
Installing files, 55% completed. |
Installing files, 55% completed. /
Installing files, 55% completed. -
Installing files, 55% completed. \
Installing files, 55% completed. |
Installing files, 55% completed. /
Installing files, 55% completed. -
Installing files, 55% completed. \
Installing files, 55% completed. |
Installing files, 55% completed. /
Installing files, 55% completed. -
Installing files, 55% completed. \
Installing files, 55% completed. |
Installing files, 55% completed. /
Installing files, 55% completed. -
Installing files, 55% completed. \
Installing files, 55% completed. |
Installing files, 55% completed. /
Installing files, 55% completed. -
Installing files, 55% completed. \
Installing files, 55% completed. |
Installing files, 55% completed. /
Installing files, 55% completed. -
Installing files, 55% completed. \
Installing files, 55% completed. |
Installing files, 55% completed. /
Installing files, 55% completed. -
Installing files, 55% completed. \
Installing files, 55% completed. |
Installing files, 55% completed. /
Installing files, 55% completed. -
Installing files, 55% completed. \
Installing files, 55% completed. |
Installing files, 55% completed. /
Installing files, 55% completed. -
Installing files, 55% completed. \
Installing files, 55% completed. |
Installing files, 55% completed. /
Installing files, 55% completed. -
Installing files, 55% completed. \
Installing files, 55% completed. |
Installing files, 55% completed. /
Installing files, 55% completed. -
Installing files, 55% completed. \
Installing files, 55% completed. |
Installing files, 55% completed. /
Installing files, 55% completed. -
Installing files, 56% completed. \
Installing files, 56% completed. |
Installing files, 56% completed. /
Installing files, 56% completed. -
Installing files, 56% completed. \
Installing files, 56% completed. |
Installing files, 56% completed. /
Installing files, 56% completed. -
Installing files, 56% completed. \
Installing files, 56% completed. |
Installing files, 56% completed. /
Installing files, 56% completed. -
Installing files, 56% completed. \
Installing files, 56% completed. |
Installing files, 56% completed. /
Installing files, 56% completed. -
Installing files, 56% completed. \
Installing files, 56% completed. |
Installing files, 56% completed. /
Installing files, 56% completed. -
Installing files, 56% completed. \
Installing files, 56% completed. |
Installing files, 56% completed. /
Installing files, 56% completed. -
Installing files, 56% completed. \
Installing files, 56% completed. |
Installing files, 56% completed. /
Installing files, 56% completed. -
Installing files, 56% completed. \
Installing files, 56% completed. |
Installing files, 56% completed. /
Installing files, 56% completed. -
Installing files, 56% completed. \
Installing files, 56% completed. |
Installing files, 56% completed. /
Installing files, 56% completed. -
Installing files, 56% completed. \
Installing files, 56% completed. |
Installing files, 56% completed. /
Installing files, 56% completed. -
Installing files, 56% completed. \
Installing files, 56% completed. |
Installing files, 56% completed. /
Installing files, 56% completed. -
Installing files, 56% completed. \
Installing files, 56% completed. |
Installing files, 56% completed. /
Installing files, 56% completed. -
Installing files, 56% completed. \
Installing files, 56% completed. |
Installing files, 56% completed. /
Installing files, 56% completed. -
Installing files, 56% completed. \
Installing files, 56% completed. |
Installing files, 56% completed. /
Installing files, 56% completed. -
Installing files, 56% completed. \
Installing files, 56% completed. |
Installing files, 56% completed. /
Installing files, 56% completed. -
Installing files, 56% completed. \
Installing files, 56% completed. |
Installing files, 56% completed. /
Installing files, 56% completed. -
Installing files, 56% completed. \
Installing files, 56% completed. |
Installing files, 56% completed. /
Installing files, 56% completed. -
Installing files, 56% completed. \
Installing files, 56% completed. |
Installing files, 56% completed. /
Installing files, 56% completed. -
Installing files, 56% completed. \
Installing files, 56% completed. |
Installing files, 56% completed. /
Installing files, 56% completed. -
Installing files, 56% completed. \
Installing files, 56% completed. |
Installing files, 56% completed. /
Installing files, 56% completed. -
Installing files, 56% completed. \
Installing files, 56% completed. |
Installing files, 56% completed. /
Installing files, 56% completed. -
Installing files, 56% completed. \
Installing files, 56% completed. |
Installing files, 56% completed. /
Installing files, 56% completed. -
Installing files, 56% completed. \
Installing files, 56% completed. |
Installing files, 57% completed. /
Installing files, 57% completed. -
Installing files, 57% completed. \
Installing files, 57% completed. |
Installing files, 57% completed. /
Installing files, 57% completed. -
Installing files, 57% completed. \
Installing files, 57% completed. |
Installing files, 57% completed. /
Installing files, 57% completed. -
Installing files, 57% completed. \
Installing files, 57% completed. |
Installing files, 57% completed. /
Installing files, 57% completed. -
Installing files, 57% completed. \
Installing files, 57% completed. |
Installing files, 57% completed. /
Installing files, 57% completed. -
Installing files, 57% completed. \
Installing files, 57% completed. |
Installing files, 57% completed. /
Installing files, 57% completed. -
Installing files, 57% completed. \
Installing files, 57% completed. |
Installing files, 57% completed. /
Installing files, 57% completed. -
Installing files, 57% completed. \
Installing files, 57% completed. |
Installing files, 57% completed. /
Installing files, 57% completed. -
Installing files, 57% completed. \
Installing files, 57% completed. |
Installing files, 57% completed. /
Installing files, 57% completed. -
Installing files, 57% completed. \
Installing files, 57% completed. |
Installing files, 57% completed. /
Installing files, 57% completed. -
Installing files, 57% completed. \
Installing files, 57% completed. |
Installing files, 57% completed. /
Installing files, 57% completed. -
Installing files, 57% completed. \
Installing files, 57% completed. |
Installing files, 57% completed. /
Installing files, 57% completed. -
Installing files, 57% completed. \
Installing files, 57% completed. |
Installing files, 57% completed. /
Installing files, 57% completed. -
Installing files, 57% completed. \
Installing files, 57% completed. |
Installing files, 57% completed. /
Installing files, 57% completed. -
Installing files, 57% completed. \
Installing files, 57% completed. |
Installing files, 57% completed. /
Installing files, 57% completed. -
Installing files, 57% completed. \
Installing files, 57% completed. |
Installing files, 57% completed. /
Installing files, 57% completed. -
Installing files, 57% completed. \
Installing files, 57% completed. |
Installing files, 57% completed. /
Installing files, 57% completed. -
Installing files, 57% completed. \
Installing files, 57% completed. |
Installing files, 57% completed. /
Installing files, 57% completed. -
Installing files, 57% completed. \
Installing files, 57% completed. |
Installing files, 57% completed. /
Installing files, 57% completed. -
Installing files, 57% completed. \
Installing files, 57% completed. |
Installing files, 57% completed. /
Installing files, 57% completed. -
Installing files, 57% completed. \
Installing files, 57% completed. |
Installing files, 57% completed. /
Installing files, 57% completed. -
Installing files, 57% completed. \
Installing files, 57% completed. |
Installing files, 57% completed. /
Installing files, 57% completed. -
Installing files, 57% completed. \
Installing files, 57% completed. |
Installing files, 57% completed. /
Installing files, 57% completed. -
Installing files, 57% completed. \
Installing files, 57% completed. |
Installing files, 57% completed. /
Installing files, 57% completed. -
Installing files, 57% completed. \
Installing files, 57% completed. |
Installing files, 57% completed. /
Installing files, 57% completed. -
Installing files, 57% completed. \
Installing files, 57% completed. |
Installing files, 57% completed. /
Installing files, 57% completed. -
Installing files, 57% completed. \
Installing files, 57% completed. |
Installing files, 57% completed. /
Installing files, 57% completed. -
Installing files, 57% completed. \
Installing files, 57% completed. |
Installing files, 57% completed. /
Installing files, 57% completed. -
Installing files, 57% completed. \
Installing files, 57% completed. |
Installing files, 57% completed. /
Installing files, 57% completed. -
Installing files, 57% completed. \
Installing files, 57% completed. |
Installing files, 57% completed. /
Installing files, 57% completed. -
Installing files, 57% completed. \
Installing files, 57% completed. |
Installing files, 57% completed. /
Installing files, 58% completed. -
Installing files, 58% completed. \
Installing files, 58% completed. |
Installing files, 58% completed. /
Installing files, 58% completed. -
Installing files, 58% completed. \
Installing files, 58% completed. |
Installing files, 58% completed. /
Installing files, 58% completed. -
Installing files, 58% completed. \
Installing files, 58% completed. |
Installing files, 58% completed. /
Installing files, 58% completed. -
Installing files, 58% completed. \
Installing files, 58% completed. |
Installing files, 58% completed. /
Installing files, 58% completed. -
Installing files, 58% completed. \
Installing files, 58% completed. |
Installing files, 58% completed. /
Installing files, 58% completed. -
Installing files, 58% completed. \
Installing files, 58% completed. |
Installing files, 58% completed. /
Installing files, 58% completed. -
Installing files, 58% completed. \
Installing files, 58% completed. |
Installing files, 58% completed. /
Installing files, 58% completed. -
Installing files, 58% completed. \
Installing files, 58% completed. |
Installing files, 58% completed. /
Installing files, 58% completed. -
Installing files, 58% completed. \
Installing files, 58% completed. |
Installing files, 58% completed. /
Installing files, 58% completed. -
Installing files, 58% completed. \
Installing files, 58% completed. |
Installing files, 58% completed. /
Installing files, 59% completed. -
Installing files, 59% completed. \
Installing files, 59% completed. |
Installing files, 59% completed. /
Installing files, 59% completed. -
Installing files, 59% completed. \
Installing files, 59% completed. |
Installing files, 59% completed. /
Installing files, 59% completed. -
Installing files, 59% completed. \
Installing files, 59% completed. |
Installing files, 59% completed. /
Installing files, 59% completed. -
Installing files, 59% completed. \
Installing files, 59% completed. |
Installing files, 59% completed. /
Installing files, 59% completed. -
Installing files, 59% completed. \
Installing files, 59% completed. |
Installing files, 59% completed. /
Installing files, 59% completed. -
Installing files, 59% completed. \
Installing files, 59% completed. |
Installing files, 59% completed. /
Installing files, 59% completed. -
Installing files, 59% completed. \
Installing files, 59% completed. |
Installing files, 59% completed. /
Installing files, 60% completed. -
Installing files, 60% completed. \
Installing files, 60% completed. |
Installing files, 60% completed. /
Installing files, 60% completed. -
Installing files, 60% completed. \
Installing files, 60% completed. |
Installing files, 60% completed. /
Installing files, 60% completed. -
Installing files, 60% completed. \
Installing files, 60% completed. |
Installing files, 60% completed. /
Installing files, 60% completed. -
Installing files, 60% completed. \
Installing files, 60% completed. |
Installing files, 60% completed. /
Installing files, 60% completed. -
Installing files, 60% completed. \
Installing files, 60% completed. |
Installing files, 60% completed. /
Installing files, 60% completed. -
Installing files, 61% completed. \
Installing files, 61% completed. |
Installing files, 61% completed. /
Installing files, 61% completed. -
Installing files, 61% completed. \
Installing files, 61% completed. |
Installing files, 62% completed. /
Installing files, 62% completed. -
Installing files, 62% completed. \
Installing files, 64% completed. |
Installing files, 64% completed. /
Installing files, 64% completed. -
Installing files, 64% completed. \
Installing files, 64% completed. |
Installing files, 64% completed. /
Installing files, 64% completed. -
Installing files, 64% completed. \
Installing files, 64% completed. |
Installing files, 64% completed. /
Installing files, 64% completed. -
Installing files, 64% completed. \
Installing files, 64% completed. |
Installing files, 64% completed. /
Installing files, 64% completed. -
Installing files, 64% completed. \
Installing files, 64% completed. |
Installing files, 64% completed. /
Installing files, 64% completed. -
Installing files, 64% completed. \
Installing files, 64% completed. |
Installing files, 64% completed. /
Installing files, 64% completed. -
Installing files, 64% completed. \
Installing files, 64% completed. |
Installing files, 64% completed. /
Installing files, 64% completed. -
Installing files, 64% completed. \
Installing files, 64% completed. |
Installing files, 64% completed. /
Installing files, 64% completed. -
Installing files, 64% completed. \
Installing files, 64% completed. |
Installing files, 64% completed. /
Installing files, 64% completed. -
Installing files, 64% completed. \
Installing files, 64% completed. |
Installing files, 64% completed. /
Installing files, 64% completed. -
Installing files, 64% completed. \
Installing files, 64% completed. |
Installing files, 64% completed. /
Installing files, 64% completed. -
Installing files, 64% completed. \
Installing files, 64% completed. |
Installing files, 64% completed. /
Installing files, 64% completed. -
Installing files, 64% completed. \
Installing files, 64% completed. |
Installing files, 64% completed. /
Installing files, 64% completed. -
Installing files, 64% completed. \
Installing files, 64% completed. |
Installing files, 64% completed. /
Installing files, 64% completed. -
Installing files, 64% completed. \
Installing files, 64% completed. |
Installing files, 64% completed. /
Installing files, 64% completed. -
Installing files, 64% completed. \
Installing files, 64% completed. |
Installing files, 64% completed. /
Installing files, 64% completed. -
Installing files, 64% completed. \
Installing files, 64% completed. |
Installing files, 64% completed. /
Installing files, 64% completed. -
Installing files, 64% completed. \
Installing files, 64% completed. |
Installing files, 64% completed. /
Installing files, 64% completed. -
Installing files, 64% completed. \
Installing files, 64% completed. |
Installing files, 64% completed. /
Installing files, 64% completed. -
Installing files, 64% completed. \
Installing files, 64% completed. |
Installing files, 64% completed. /
Installing files, 64% completed. -
Installing files, 64% completed. \
Installing files, 64% completed. |
Installing files, 64% completed. /
Installing files, 64% completed. -
Installing files, 64% completed. \
Installing files, 64% completed. |
Installing files, 64% completed. /
Installing files, 64% completed. -
Installing files, 64% completed. \
Installing files, 64% completed. |
Installing files, 64% completed. /
Installing files, 64% completed. -
Installing files, 64% completed. \
Installing files, 64% completed. |
Installing files, 64% completed. /
Installing files, 64% completed. -
Installing files, 64% completed. \
Installing files, 64% completed. |
Installing files, 64% completed. /
Installing files, 64% completed. -
Installing files, 64% completed. \
Installing files, 64% completed. |
Installing files, 64% completed. /
Installing files, 64% completed. -
Installing files, 64% completed. \
Installing files, 64% completed. |
Installing files, 64% completed. /
Installing files, 64% completed. -
Installing files, 64% completed. \
Installing files, 64% completed. |
Installing files, 65% completed. /
Installing files, 65% completed. -
Installing files, 65% completed. \
Installing files, 65% completed. |
Installing files, 65% completed. /
Installing files, 65% completed. -
Installing files, 65% completed. \
Installing files, 65% completed. |
Installing files, 65% completed. /
Installing files, 65% completed. -
Installing files, 65% completed. \
Installing files, 65% completed. |
Installing files, 65% completed. /
Installing files, 65% completed. -
Installing files, 65% completed. \
Installing files, 65% completed. |
Installing files, 65% completed. /
Installing files, 65% completed. -
Installing files, 65% completed. \
Installing files, 65% completed. |
Installing files, 65% completed. /
Installing files, 65% completed. -
Installing files, 65% completed. \
Installing files, 65% completed. |
Installing files, 65% completed. /
Installing files, 65% completed. -
Installing files, 65% completed. \
Installing files, 65% completed. |
Installing files, 65% completed. /
Installing files, 65% completed. -
Installing files, 65% completed. \
Installing files, 65% completed. |
Installing files, 65% completed. /
Installing files, 65% completed. -
Installing files, 65% completed. \
Installing files, 65% completed. |
Installing files, 65% completed. /
Installing files, 65% completed. -
Installing files, 65% completed. \
Installing files, 65% completed. |
Installing files, 65% completed. /
Installing files, 65% completed. -
Installing files, 65% completed. \
Installing files, 65% completed. |
Installing files, 65% completed. /
Installing files, 65% completed. -
Installing files, 65% completed. \
Installing files, 65% completed. |
Installing files, 65% completed. /
Installing files, 65% completed. -
Installing files, 65% completed. \
Installing files, 65% completed. |
Installing files, 65% completed. /
Installing files, 65% completed. -
Installing files, 65% completed. \
Installing files, 65% completed. |
Installing files, 65% completed. /
Installing files, 65% completed. -
Installing files, 65% completed. \
Installing files, 65% completed. |
Installing files, 65% completed. /
Installing files, 65% completed. -
Installing files, 65% completed. \
Installing files, 65% completed. |
Installing files, 65% completed. /
Installing files, 65% completed. -
Installing files, 65% completed. \
Installing files, 65% completed. |
Installing files, 65% completed. /
Installing files, 65% completed. -
Installing files, 65% completed. \
Installing files, 65% completed. |
Installing files, 65% completed. /
Installing files, 65% completed. -
Installing files, 65% completed. \
Installing files, 65% completed. |
Installing files, 65% completed. /
Installing files, 65% completed. -
Installing files, 65% completed. \
Installing files, 65% completed. |
Installing files, 65% completed. /
Installing files, 65% completed. -
Installing files, 65% completed. \
Installing files, 65% completed. |
Installing files, 65% completed. /
Installing files, 65% completed. -
Installing files, 65% completed. \
Installing files, 65% completed. |
Installing files, 65% completed. /
Installing files, 65% completed. -
Installing files, 65% completed. \
Installing files, 66% completed. |
Installing files, 66% completed. /
Installing files, 67% completed. -
Installing files, 67% completed. \
Installing files, 67% completed. |
Installing files, 67% completed. /
Installing files, 67% completed. -
Installing files, 67% completed. \
Installing files, 67% completed. |
Installing files, 67% completed. /
Installing files, 67% completed. -
Installing files, 67% completed. \
Installing files, 67% completed. |
Installing files, 67% completed. /
Installing files, 67% completed. -
Installing files, 67% completed. \
Installing files, 67% completed. |
Installing files, 67% completed. /
Installing files, 67% completed. -
Installing files, 67% completed. \
Installing files, 67% completed. |
Installing files, 67% completed. /
Installing files, 67% completed. -
Installing files, 67% completed. \
Installing files, 67% completed. |
Installing files, 67% completed. /
Installing files, 67% completed. -
Installing files, 67% completed. \
Installing files, 67% completed. |
Installing files, 67% completed. /
Installing files, 67% completed. -
Installing files, 67% completed. \
Installing files, 67% completed. |
Installing files, 67% completed. /
Installing files, 67% completed. -
Installing files, 67% completed. \
Installing files, 67% completed. |
Installing files, 67% completed. /
Installing files, 67% completed. -
Installing files, 67% completed. \
Installing files, 67% completed. |
Installing files, 67% completed. /
Installing files, 67% completed. -
Installing files, 67% completed. \
Installing files, 67% completed. |
Installing files, 67% completed. /
Installing files, 67% completed. -
Installing files, 67% completed. \
Installing files, 67% completed. |
Installing files, 67% completed. /
Installing files, 67% completed. -
Installing files, 67% completed. \
Installing files, 67% completed. |
Installing files, 67% completed. /
Installing files, 67% completed. -
Installing files, 67% completed. \
Installing files, 67% completed. |
Installing files, 67% completed. /
Installing files, 67% completed. -
Installing files, 67% completed. \
Installing files, 67% completed. |
Installing files, 67% completed. /
Installing files, 67% completed. -
Installing files, 67% completed. \
Installing files, 67% completed. |
Installing files, 67% completed. /
Installing files, 67% completed. -
Installing files, 67% completed. \
Installing files, 67% completed. |
Installing files, 67% completed. /
Installing files, 67% completed. -
Installing files, 67% completed. \
Installing files, 67% completed. |
Installing files, 67% completed. /
Installing files, 67% completed. -
Installing files, 67% completed. \
Installing files, 67% completed. |
Installing files, 68% completed. /
Installing files, 68% completed. -
Installing files, 68% completed. \
Installing files, 68% completed. |
Installing files, 68% completed. /
Installing files, 68% completed. -
Installing files, 68% completed. \
Installing files, 68% completed. |
Installing files, 68% completed. /
Installing files, 68% completed. -
Installing files, 68% completed. \
Installing files, 68% completed. |
Installing files, 68% completed. /
Installing files, 68% completed. -
Installing files, 68% completed. \
Installing files, 68% completed. |
Installing files, 68% completed. /
Installing files, 68% completed. -
Installing files, 68% completed. \
Installing files, 68% completed. |
Installing files, 68% completed. /
Installing files, 68% completed. -
Installing files, 68% completed. \
Installing files, 68% completed. |
Installing files, 68% completed. /
Installing files, 68% completed. -
Installing files, 68% completed. \
Installing files, 68% completed. |
Installing files, 68% completed. /
Installing files, 68% completed. -
Installing files, 68% completed. \
Installing files, 68% completed. |
Installing files, 68% completed. /
Installing files, 68% completed. -
Installing files, 68% completed. \
Installing files, 68% completed. |
Installing files, 68% completed. /
Installing files, 68% completed. -
Installing files, 68% completed. \
Installing files, 68% completed. |
Installing files, 68% completed. /
Installing files, 68% completed. -
Installing files, 68% completed. \
Installing files, 68% completed. |
Installing files, 68% completed. /
Installing files, 68% completed. -
Installing files, 68% completed. \
Installing files, 68% completed. |
Installing files, 68% completed. /
Installing files, 68% completed. -
Installing files, 68% completed. \
Installing files, 68% completed. |
Installing files, 68% completed. /
Installing files, 68% completed. -
Installing files, 68% completed. \
Installing files, 68% completed. |
Installing files, 68% completed. /
Installing files, 69% completed. -
Installing files, 69% completed. \
Installing files, 69% completed. |
Installing files, 69% completed. /
Installing files, 69% completed. -
Installing files, 69% completed. \
Installing files, 69% completed. |
Installing files, 69% completed. /
Installing files, 69% completed. -
Installing files, 69% completed. \
Installing files, 69% completed. |
Installing files, 69% completed. /
Installing files, 69% completed. -
Installing files, 69% completed. \
Installing files, 69% completed. |
Installing files, 69% completed. /
Installing files, 69% completed. -
Installing files, 69% completed. \
Installing files, 69% completed. |
Installing files, 69% completed. /
Installing files, 69% completed. -
Installing files, 69% completed. \
Installing files, 69% completed. |
Installing files, 69% completed. /
Installing files, 69% completed. -
Installing files, 69% completed. \
Installing files, 69% completed. |
Installing files, 69% completed. /
Installing files, 69% completed. -
Installing files, 69% completed. \
Installing files, 69% completed. |
Installing files, 69% completed. /
Installing files, 69% completed. -
Installing files, 70% completed. \
Installing files, 70% completed. |
Installing files, 70% completed. /
Installing files, 70% completed. -
Installing files, 70% completed. \
Installing files, 70% completed. |
Installing files, 70% completed. /
Installing files, 70% completed. -
Installing files, 71% completed. \
Installing files, 71% completed. |
Installing files, 71% completed. /
Installing files, 71% completed. -
Installing files, 71% completed. \
Installing files, 71% completed. |
Installing files, 71% completed. /
Installing files, 71% completed. -
Installing files, 71% completed. \
Installing files, 71% completed. |
Installing files, 71% completed. /
Installing files, 71% completed. -
Installing files, 71% completed. \
Installing files, 71% completed. |
Installing files, 71% completed. /
Installing files, 71% completed. -
Installing files, 71% completed. \
Installing files, 71% completed. |
Installing files, 71% completed. /
Installing files, 71% completed. -
Installing files, 71% completed. \
Installing files, 71% completed. |
Installing files, 71% completed. /
Installing files, 71% completed. -
Installing files, 71% completed. \
Installing files, 71% completed. |
Installing files, 71% completed. /
Installing files, 71% completed. -
Installing files, 71% completed. \
Installing files, 71% completed. |
Installing files, 71% completed. /
Installing files, 71% completed. -
Installing files, 71% completed. \
Installing files, 71% completed. |
Installing files, 71% completed. /
Installing files, 71% completed. -
Installing files, 72% completed. \
Installing files, 72% completed. |
Installing files, 72% completed. /
Installing files, 72% completed. -
Installing files, 72% completed. \
Installing files, 72% completed. |
Installing files, 72% completed. /
Installing files, 72% completed. -
Installing files, 72% completed. \
Installing files, 72% completed. |
Installing files, 72% completed. /
Installing files, 72% completed. -
Installing files, 72% completed. \
Installing files, 72% completed. |
Installing files, 72% completed. /
Installing files, 72% completed. -
Installing files, 72% completed. \
Installing files, 72% completed. |
Installing files, 72% completed. /
Installing files, 72% completed. -
Installing files, 72% completed. \
Installing files, 72% completed. |
Installing files, 72% completed. /
Installing files, 72% completed. -
Installing files, 72% completed. \
Installing files, 72% completed. |
Installing files, 72% completed. /
Installing files, 72% completed. -
Installing files, 72% completed. \
Installing files, 72% completed. |
Installing files, 72% completed. /
Installing files, 72% completed. -
Installing files, 72% completed. \
Installing files, 72% completed. |
Installing files, 72% completed. /
Installing files, 72% completed. -
Installing files, 72% completed. \
Installing files, 72% completed. |
Installing files, 72% completed. /
Installing files, 72% completed. -
Installing files, 72% completed. \
Installing files, 72% completed. |
Installing files, 72% completed. /
Installing files, 72% completed. -
Installing files, 72% completed. \
Installing files, 72% completed. |
Installing files, 72% completed. /
Installing files, 72% completed. -
Installing files, 72% completed. \
Installing files, 72% completed. |
Installing files, 72% completed. /
Installing files, 72% completed. -
Installing files, 72% completed. \
Installing files, 72% completed. |
Installing files, 73% completed. /
Installing files, 73% completed. -
Installing files, 73% completed. \
Installing files, 73% completed. |
Installing files, 73% completed. /
Installing files, 73% completed. -
Installing files, 73% completed. \
Installing files, 73% completed. |
Installing files, 73% completed. /
Installing files, 73% completed. -
Installing files, 73% completed. \
Installing files, 73% completed. |
Installing files, 73% completed. /
Installing files, 73% completed. -
Installing files, 73% completed. \
Installing files, 73% completed. |
Installing files, 73% completed. /
Installing files, 73% completed. -
Installing files, 73% completed. \
Installing files, 73% completed. |
Installing files, 73% completed. /
Installing files, 73% completed. -
Installing files, 73% completed. \
Installing files, 75% completed. |
Installing files, 75% completed. /
Installing files, 75% completed. -
Installing files, 75% completed. \
Installing files, 75% completed. |
Installing files, 75% completed. /
Installing files, 75% completed. -
Installing files, 75% completed. \
Installing files, 75% completed. |
Installing files, 75% completed. /
Installing files, 75% completed. -
Installing files, 75% completed. \
Installing files, 75% completed. |
Installing files, 75% completed. /
Installing files, 75% completed. -
Installing files, 75% completed. \
Installing files, 75% completed. |
Installing files, 75% completed. /
Installing files, 75% completed. -
Installing files, 75% completed. \
Installing files, 75% completed. |
Installing files, 75% completed. /
Installing files, 75% completed. -
Installing files, 75% completed. \
Installing files, 75% completed. |
Installing files, 75% completed. /
Installing files, 75% completed. -
Installing files, 75% completed. \
Installing files, 76% completed. |
Installing files, 76% completed. /
Installing files, 76% completed. -
Installing files, 76% completed. \
Installing files, 76% completed. |
Installing files, 76% completed. /
Installing files, 76% completed. -
Installing files, 76% completed. \
Installing files, 77% completed. |
Installing files, 77% completed. /
Installing files, 77% completed. -
Installing files, 77% completed. \
Installing files, 77% completed. |
Installing files, 77% completed. /
Installing files, 77% completed. -
Installing files, 77% completed. \
Installing files, 77% completed. |
Installing files, 77% completed. /
Installing files, 77% completed. -
Installing files, 77% completed. \
Installing files, 77% completed. |
Installing files, 77% completed. /
Installing files, 77% completed. -
Installing files, 77% completed. \
Installing files, 77% completed. |
Installing files, 77% completed. /
Installing files, 77% completed. -
Installing files, 77% completed. \
Installing files, 77% completed. |
Installing files, 77% completed. /
Installing files, 77% completed. -
Installing files, 77% completed. \
Installing files, 77% completed. |
Installing files, 77% completed. /
Installing files, 77% completed. -
Installing files, 77% completed. \
Installing files, 77% completed. |
Installing files, 77% completed. /
Installing files, 77% completed. -
Installing files, 77% completed. \
Installing files, 77% completed. |
Installing files, 77% completed. /
Installing files, 77% completed. -
Installing files, 77% completed. \
Installing files, 77% completed. |
Installing files, 77% completed. /
Installing files, 77% completed. -
Installing files, 77% completed. \
Installing files, 77% completed. |
Installing files, 77% completed. /
Installing files, 77% completed. -
Installing files, 77% completed. \
Installing files, 77% completed. |
Installing files, 77% completed. /
Installing files, 77% completed. -
Installing files, 77% completed. \
Installing files, 77% completed. |
Installing files, 78% completed. /
Installing files, 78% completed. -
Installing files, 78% completed. \
Installing files, 78% completed. |
Installing files, 78% completed. /
Installing files, 78% completed. -
Installing files, 78% completed. \
Installing files, 78% completed. |
Installing files, 78% completed. /
Installing files, 78% completed. -
Installing files, 78% completed. \
Installing files, 78% completed. |
Installing files, 78% completed. /
Installing files, 78% completed. -
Installing files, 78% completed. \
Installing files, 78% completed. |
Installing files, 78% completed. /
Installing files, 78% completed. -
Installing files, 78% completed. \
Installing files, 78% completed. |
Installing files, 78% completed. /
Installing files, 78% completed. -
Installing files, 78% completed. \
Installing files, 78% completed. |
Installing files, 78% completed. /
Installing files, 79% completed. -
Installing files, 79% completed. \
Installing files, 79% completed. |
Installing files, 79% completed. /
Installing files, 79% completed. -
Installing files, 79% completed. \
Installing files, 79% completed. |
Installing files, 79% completed. /
Installing files, 79% completed. -
Installing files, 79% completed. \
Installing files, 79% completed. |
Installing files, 79% completed. /
Installing files, 79% completed. -
Installing files, 79% completed. \
Installing files, 79% completed. |
Installing files, 79% completed. /
Installing files, 79% completed. -
Installing files, 79% completed. \
Installing files, 79% completed. |
Installing files, 79% completed. /
Installing files, 79% completed. -
Installing files, 79% completed. \
Installing files, 79% completed. |
Installing files, 79% completed. /
Installing files, 79% completed. -
Installing files, 79% completed. \
Installing files, 79% completed. |
Installing files, 79% completed. /
Installing files, 79% completed. -
Installing files, 79% completed. \
Installing files, 79% completed. |
Installing files, 79% completed. /
Installing files, 79% completed. -
Installing files, 79% completed. \
Installing files, 79% completed. |
Installing files, 79% completed. /
Installing files, 79% completed. -
Installing files, 80% completed. \
Installing files, 80% completed. |
Installing files, 80% completed. /
Installing files, 80% completed. -
Installing files, 80% completed. \
Installing files, 80% completed. |
Installing files, 81% completed. /
Installing files, 81% completed. -
Installing files, 81% completed. \
Installing files, 81% completed. |
Installing files, 81% completed. /
Installing files, 81% completed. -
Installing files, 81% completed. \
Installing files, 81% completed. |
Installing files, 81% completed. /
Installing files, 81% completed. -
Installing files, 81% completed. \
Installing files, 81% completed. |
Installing files, 81% completed. /
Installing files, 81% completed. -
Installing files, 81% completed. \
Installing files, 81% completed. |
Installing files, 81% completed. /
Installing files, 81% completed. -
Installing files, 81% completed. \
Installing files, 81% completed. |
Installing files, 81% completed. /
Installing files, 81% completed. -
Installing files, 81% completed. \
Installing files, 81% completed. |
Installing files, 81% completed. /
Installing files, 81% completed. -
Installing files, 81% completed. \
Installing files, 81% completed. |
Installing files, 81% completed. /
Installing files, 81% completed. -
Installing files, 81% completed. \
Installing files, 81% completed. |
Installing files, 81% completed. /
Installing files, 81% completed. -
Installing files, 81% completed. \
Installing files, 81% completed. |
Installing files, 81% completed. /
Installing files, 81% completed. -
Installing files, 81% completed. \
Installing files, 81% completed. |
Installing files, 81% completed. /
Installing files, 81% completed. -
Installing files, 81% completed. \
Installing files, 82% completed. |
Installing files, 82% completed. /
Installing files, 82% completed. -
Installing files, 82% completed. \
Installing files, 82% completed. |
Installing files, 82% completed. /
Installing files, 82% completed. -
Installing files, 82% completed. \
Installing files, 82% completed. |
Installing files, 82% completed. /
Installing files, 82% completed. -
Installing files, 82% completed. \
Installing files, 82% completed. |
Installing files, 82% completed. /
Installing files, 83% completed. -
Installing files, 83% completed. \
Installing files, 83% completed. |
Installing files, 83% completed. /
Installing files, 83% completed. -
Installing files, 83% completed. \
Installing files, 83% completed. |
Installing files, 83% completed. /
Installing files, 83% completed. -
Installing files, 83% completed. \
Installing files, 83% completed. |
Installing files, 83% completed. /
Installing files, 83% completed. -
Installing files, 83% completed. \
Installing files, 83% completed. |
Installing files, 83% completed. /
Installing files, 83% completed. -
Installing files, 83% completed. \
Installing files, 83% completed. |
Installing files, 83% completed. /
Installing files, 83% completed. -
Installing files, 83% completed. \
Installing files, 83% completed. |
Installing files, 83% completed. /
Installing files, 83% completed. -
Installing files, 84% completed. \
Installing files, 84% completed. |
Installing files, 84% completed. /
Installing files, 84% completed. -
Installing files, 84% completed. \
Installing files, 84% completed. |
Installing files, 84% completed. /
Installing files, 84% completed. -
Installing files, 84% completed. \
Installing files, 84% completed. |
Installing files, 84% completed. /
Installing files, 84% completed. -
Installing files, 84% completed. \
Installing files, 84% completed. |
Installing files, 84% completed. /
Installing files, 84% completed. -
Installing files, 84% completed. \
Installing files, 84% completed. |
Installing files, 84% completed. /
Installing files, 84% completed. -
Installing files, 84% completed. \
Installing files, 85% completed. |
Installing files, 85% completed. /
Installing files, 85% completed. -
Installing files, 85% completed. \
Installing files, 85% completed. |
Installing files, 85% completed. /
Installing files, 85% completed. -
Installing files, 85% completed. \
Installing files, 85% completed. |
Installing files, 85% completed. /
Installing files, 85% completed. -
Installing files, 85% completed. \
Installing files, 85% completed. |
Installing files, 85% completed. /
Installing files, 85% completed. -
Installing files, 85% completed. \
Installing files, 85% completed. |
Installing files, 85% completed. /
Installing files, 85% completed. -
Installing files, 85% completed. \
Installing files, 85% completed. |
Installing files, 85% completed. /
Installing files, 85% completed. -
Installing files, 85% completed. \
Installing files, 85% completed. |
Installing files, 85% completed. /
Installing files, 85% completed. -
Installing files, 85% completed. \
Installing files, 85% completed. |
Installing files, 85% completed. /
Installing files, 85% completed. -
Installing files, 85% completed. \
Installing files, 85% completed. |
Installing files, 85% completed. /
Installing files, 85% completed. -
Installing files, 85% completed. \
Installing files, 85% completed. |
Installing files, 85% completed. /
Installing files, 85% completed. -
Installing files, 85% completed. \
Installing files, 85% completed. |
Installing files, 85% completed. /
Installing files, 85% completed. -
Installing files, 85% completed. \
Installing files, 85% completed. |
Installing files, 85% completed. /
Installing files, 85% completed. -
Installing files, 85% completed. \
Installing files, 85% completed. |
Installing files, 85% completed. /
Installing files, 85% completed. -
Installing files, 85% completed. \
Installing files, 85% completed. |
Installing files, 85% completed. /
Installing files, 85% completed. -
Installing files, 85% completed. \
Installing files, 85% completed. |
Installing files, 85% completed. /
Installing files, 85% completed. -
Installing files, 85% completed. \
Installing files, 85% completed. |
Installing files, 85% completed. /
Installing files, 85% completed. -
Installing files, 85% completed. \
Installing files, 85% completed. |
Installing files, 85% completed. /
Installing files, 85% completed. -
Installing files, 85% completed. \
Installing files, 85% completed. |
Installing files, 85% completed. /
Installing files, 86% completed. -
Installing files, 86% completed. \
Installing files, 86% completed. |
Installing files, 86% completed. /
Installing files, 86% completed. -
Installing files, 86% completed. \
Installing files, 86% completed. |
Installing files, 86% completed. /
Installing files, 86% completed. -
Installing files, 86% completed. \
Installing files, 86% completed. |
Installing files, 86% completed. /
Installing files, 86% completed. -
Installing files, 86% completed. \
Installing files, 86% completed. |
Installing files, 86% completed. /
Installing files, 86% completed. -
Installing files, 86% completed. \
Installing files, 86% completed. |
Installing files, 86% completed. /
Installing files, 86% completed. -
Installing files, 86% completed. \
Installing files, 86% completed. |
Installing files, 86% completed. /
Installing files, 86% completed. -
Installing files, 86% completed. \
Installing files, 86% completed. |
Installing files, 86% completed. /
Installing files, 86% completed. -
Installing files, 86% completed. \
Installing files, 86% completed. |
Installing files, 86% completed. /
Installing files, 86% completed. -
Installing files, 86% completed. \
Installing files, 86% completed. |
Installing files, 86% completed. /
Installing files, 86% completed. -
Installing files, 86% completed. \
Installing files, 86% completed. |
Installing files, 87% completed. /
Installing files, 87% completed. -
Installing files, 87% completed. \
Installing files, 87% completed. |
Installing files, 88% completed. /
Installing files, 88% completed. -
Installing files, 88% completed. \
Installing files, 88% completed. |
Installing files, 88% completed. /
Installing files, 88% completed. -
Installing files, 88% completed. \
Installing files, 88% completed. |
Installing files, 88% completed. /
Installing files, 88% completed. -
Installing files, 88% completed. \
Installing files, 88% completed. |
Installing files, 88% completed. /
Installing files, 88% completed. -
Installing files, 88% completed. \
Installing files, 88% completed. |
Installing files, 88% completed. /
Installing files, 88% completed. -
Installing files, 88% completed. \
Installing files, 88% completed. |
Installing files, 88% completed. /
Installing files, 88% completed. -
Installing files, 88% completed. \
Installing files, 88% completed. |
Installing files, 88% completed. /
Installing files, 88% completed. -
Installing files, 88% completed. \
Installing files, 89% completed. |
Installing files, 89% completed. /
Installing files, 89% completed. -
Installing files, 89% completed. \
Installing files, 89% completed. |
Installing files, 89% completed. /
Installing files, 89% completed. -
Installing files, 89% completed. \
Installing files, 89% completed. |
Installing files, 89% completed. /
Installing files, 89% completed. -
Installing files, 89% completed. \
Installing files, 89% completed. |
Installing files, 89% completed. /
Installing files, 89% completed. -
Installing files, 89% completed. \
Installing files, 89% completed. |
Installing files, 89% completed. /
Installing files, 89% completed. -
Installing files, 89% completed. \
Installing files, 89% completed. |
Installing files, 89% completed. /
Installing files, 89% completed. -
Installing files, 89% completed. \
Installing files, 89% completed. |
Installing files, 89% completed. /
Installing files, 89% completed. -
Installing files, 89% completed. \
Installing files, 90% completed. |
Installing files, 90% completed. /
Installing files, 90% completed. -
Installing files, 90% completed. \
Installing files, 90% completed. |
Installing files, 90% completed. /
Installing files, 90% completed. -
Installing files, 90% completed. \
Installing files, 90% completed. |
Installing files, 90% completed. /
Installing files, 90% completed. -
Installing files, 90% completed. \
Installing files, 90% completed. |
Installing files, 90% completed. /
Installing files, 90% completed. -
Installing files, 90% completed. \
Installing files, 90% completed. |
Installing files, 90% completed. /
Installing files, 90% completed. -
Installing files, 90% completed. \
Installing files, 90% completed. |
Installing files, 90% completed. /
Installing files, 90% completed. -
Installing files, 90% completed. \
Installing files, 90% completed. |
Installing files, 90% completed. /
Installing files, 90% completed. -
Installing files, 90% completed. \
Installing files, 90% completed. |
Installing files, 90% completed. /
Installing files, 90% completed. -
Installing files, 90% completed. \
Installing files, 90% completed. |
Installing files, 90% completed. /
Installing files, 90% completed. -
Installing files, 90% completed. \
Installing files, 90% completed. |
Installing files, 90% completed. /
Installing files, 90% completed. -
Installing files, 90% completed. \
Installing files, 90% completed. |
Installing files, 90% completed. /
Installing files, 90% completed. -
Installing files, 90% completed. \
Installing files, 90% completed. |
Installing files, 90% completed. /
Installing files, 90% completed. -
Installing files, 90% completed. \
Installing files, 90% completed. |
Installing files, 90% completed. /
Installing files, 90% completed. -
Installing files, 90% completed. \
Installing files, 90% completed. |
Installing files, 90% completed. /
Installing files, 90% completed. -
Installing files, 90% completed. \
Installing files, 90% completed. |
Installing files, 90% completed. /
Installing files, 90% completed. -
Installing files, 90% completed. \
Installing files, 90% completed. |
Installing files, 90% completed. /
Installing files, 90% completed. -
Installing files, 90% completed. \
Installing files, 90% completed. |
Installing files, 90% completed. /
Installing files, 90% completed. -
Installing files, 90% completed. \
Installing files, 90% completed. |
Installing files, 90% completed. /
Installing files, 90% completed. -
Installing files, 90% completed. \
Installing files, 90% completed. |
Installing files, 90% completed. /
Installing files, 90% completed. -
Installing files, 90% completed. \
Installing files, 90% completed. |
Installing files, 92% completed. /
Installing files, 92% completed. -
Installing files, 92% completed. \
Installing files, 92% completed. |
Installing files, 92% completed. /
Installing files, 92% completed. -
Installing files, 92% completed. \
Installing files, 92% completed. |
Installing files, 92% completed. /
Installing files, 92% completed. -
Installing files, 92% completed. \
Installing files, 92% completed. |
Installing files, 92% completed. /
Installing files, 92% completed. -
Installing files, 92% completed. \
Installing files, 92% completed. |
Installing files, 93% completed. /
Installing files, 93% completed. -
Installing files, 93% completed. \
Installing files, 93% completed. |
Installing files, 93% completed. /
Installing files, 93% completed. -
Installing files, 93% completed. \
Installing files, 93% completed. |
Installing files, 93% completed. /
Installing files, 93% completed. -
Installing files, 93% completed. \
Installing files, 93% completed. |
Installing files, 93% completed. /
Installing files, 93% completed. -
Installing files, 93% completed. \
Installing files, 93% completed. |
Installing files, 94% completed. /
Installing files, 94% completed. -
Installing files, 94% completed. \
Installing files, 94% completed. |
Installing files, 94% completed. /
Installing files, 94% completed. -
Installing files, 94% completed. \
Installing files, 94% completed. |
Installing files, 94% completed. /
Installing files, 94% completed. -
Installing files, 94% completed. \
Installing files, 94% completed. |
Installing files, 94% completed. /
Installing files, 94% completed. -
Installing files, 94% completed. \
Installing files, 94% completed. |
Installing files, 94% completed. /
Installing files, 94% completed. -
Installing files, 94% completed. \
Installing files, 94% completed. |
Installing files, 94% completed. /
Installing files, 94% completed. -
Installing files, 94% completed. \
Installing files, 94% completed. |
Installing files, 94% completed. /
Installing files, 94% completed. -
Installing files, 94% completed. \
Installing files, 94% completed. |
Installing files, 94% completed. /
Installing files, 94% completed. -
Installing files, 94% completed. \
Installing files, 94% completed. |
Installing files, 94% completed. /
Installing files, 94% completed. -
Installing files, 94% completed. \
Installing files, 94% completed. |
Installing files, 94% completed. /
Installing files, 94% completed. -
Installing files, 94% completed. \
Installing files, 94% completed. |
Installing files, 94% completed. /
Installing files, 94% completed. -
Installing files, 94% completed. \
Installing files, 94% completed. |
Installing files, 94% completed. /
Installing files, 94% completed. -
Installing files, 94% completed. \
Installing files, 94% completed. |
Installing files, 94% completed. /
Installing files, 94% completed. -
Installing files, 94% completed. \
Installing files, 94% completed. |
Installing files, 94% completed. /
Installing files, 94% completed. -
Installing files, 94% completed. \
Installing files, 94% completed. |
Installing files, 96% completed. /
Installing files, 96% completed. -
Installing files, 97% completed. \
Installing files, 97% completed. |
Installing files, 97% completed. /
Installing files, 97% completed. -
Installing files, 97% completed. \
Installing files, 97% completed. |
Installing files, 97% completed. /
Installing files, 97% completed. -
Installing files, 97% completed. \
Installing files, 97% completed. |
Installing files, 97% completed. /
Installing files, 97% completed. -
Installing files, 97% completed. \
Installing files, 97% completed. |
Installing files, 97% completed. /
Installing files, 97% completed. -
Installing files, 97% completed. \
Installing files, 97% completed. |
Installing files, 97% completed. /
Installing files, 97% completed. -
Installing files, 97% completed. \
Installing files, 97% completed. |
Installing files, 97% completed. /
Installing files, 97% completed. -
Installing files, 97% completed. \
Installing files, 97% completed. |
Installing files, 97% completed. /
Installing files, 97% completed. -
Installing files, 97% completed. \
Installing files, 97% completed. |
Installing files, 97% completed. /
Installing files, 97% completed. -
Installing files, 97% completed. \
Installing files, 97% completed. |
Installing files, 97% completed. /
Installing files, 97% completed. -
Installing files, 97% completed. \
Installing files, 97% completed. |
Installing files, 97% completed. /
Installing files, 97% completed. -
Installing files, 98% completed. \
Installing files, 98% completed. |
Installing files, 98% completed. /
Installing files, 98% completed. -
Installing files, 98% completed. \
Installing files, 98% completed. |
Installing files, 98% completed. /
Installing files, 98% completed. -
Installing files, 98% completed. \
Installing files, 98% completed. |
Installing files, 98% completed. /
Installing files, 98% completed. -
Installing files, 98% completed. \
Installing files, 98% completed. |
Installing files, 98% completed. /
Installing files, 98% completed. -
Installing files, 98% completed. \
Installing files, 98% completed. |
Installing files, 98% completed. /
Installing files, 98% completed. -
Installing files, 98% completed. \
Installing files, 98% completed. |
Installing files, 98% completed. /
Installing files, 98% completed. -
Installing files, 98% completed. \
Installing files, 98% completed. |
Installing files, 98% completed. /
Installing files, 98% completed. -
Installing files, 98% completed. \
Installing files, 98% completed. |
Installing files, 98% completed. /
Installing files, 98% completed. -
Installing files, 98% completed. \
Installing files, 98% completed. |
Installing files, 98% completed. /
Installing files, 98% completed. -
Installing files, 98% completed. \
Installing files, 98% completed. |
Installing files, 98% completed. /
Installing files, 98% completed. -
Installing files, 98% completed. \
Installing files, 98% completed. |
Installing files, 98% completed. /
Installing files, 98% completed. -
Installing files, 98% completed. \
Installing files, 98% completed. |
Installing files, 98% completed. /
Installing files, 98% completed. -
Installing files, 98% completed. \
Installing files, 98% completed. |
Installing files, 98% completed. /
Installing files, 98% completed. -
Installing files, 98% completed. \
Installing files, 98% completed. |
Installing files, 98% completed. /
Installing files, 98% completed. -
Installing files, 98% completed. \
Installing files, 98% completed. |
Installing files, 98% completed. /
Installing files, 98% completed. -
Installing files, 98% completed. \
Installing files, 98% completed. |
Installing files, 98% completed. /
Installing files, 98% completed. -
Installing files, 98% completed. \
Installing files, 98% completed. |
Installing files, 98% completed. /
Installing files, 98% completed. -
Installing files, 98% completed. \
Installing files, 99% completed. |
Installing files, 99% completed. /
Installing files, 99% completed. (Done)
It took 6 minutes to install files.
INFO  - Log file is copied to : /home/shen/tools/Xilinx/2026.1/.xinstall/2026.1/xinstall.log
INFO  - Tool installation completed.To run the tool successfully, please run the script "installLibs.sh" under /home/shen/tools/Xilinx/2026.1/2026.1/Vitis/scripts to install the necessary OS packages, which requires the root privilege.
