2026-10-01 14:02:00,947 INFO : com.xilinx.installer.cli.g:-1 - User has accepted the EULAs.
2026-10-01 14:02:00,956 DEBUG: com.xilinx.installer.data.IDataManager:-1 - Checking to see if Serialized IDATA_LOCATION_FROM_USER is set.
2026-10-01 14:02:00,957 DEBUG: com.xilinx.installer.data.IDataManager:-1 - IDATA_LOCATION_FROM_USER is set to /home/shen/tools/Xilinx/installer-2026.1/data/idata.dat
2026-10-01 14:02:00,957 DEBUG: com.xilinx.installer.data.IDataManager:-1 - Serialized idata file found, /home/shen/tools/Xilinx/installer-2026.1/data/idata.ser.z
2026-10-01 14:02:03,932 DEBUG: com.xilinx.installer.data.IDataManager:-1 - deserialized file: /home/shen/tools/Xilinx/installer-2026.1/data/idata.ser.z in 0 min, 2 sec
2026-10-01 14:02:03,996 DEBUG: com.xilinx.installer.data.IDataManager:-1 - Adjusted idata file: /home/shen/tools/Xilinx/installer-2026.1/data/idata.ser.z in 29847242 min, 1 sec
2026-10-01 14:02:04,005 DEBUG: com.xilinx.installer.data.postInst.a:-1 - This is a fresh installation, no installation data file found.
2026-10-01 14:02:04,008 DEBUG: com.xilinx.installer.api.d:-1 - This is a fresh installation.
2026-10-01 14:02:04,054 DEBUG: com.xilinx.installer.registry.lin.adapter.UninstallRegistryAdapter:-1 - refKey:XiC_MODULE, getRegEntryName:/home/shen/tools/Xilinx/2026.1/.xinstall/xic, version:2026.1, buildVersion:2026.1_0616_1700, getUninstallString:/home/shen/tools/Xilinx/2026.1/.xinstall/xic/xuninstall, displayIcon:null, getXinstallPath:/home/shen/tools/Xilinx/2026.1/.xinstall/xic, installPath:/home/shen/tools/Xilinx/2026.1, progGroupFolder:AMD Adaptive SoC and FPGA Tools, launchVlmString:
2026-10-01 14:02:04,055 DEBUG: com.xilinx.installer.registry.lin.adapter.UninstallRegistryAdapter:-1 - refKey:Vitis_Edition, getRegEntryName:/home/shen/tools/Xilinx/2026.1/.xinstall/2026.1, version:2026.1, buildVersion:2026.1_0616_1700, getUninstallString:/home/shen/tools/Xilinx/2026.1/.xinstall/2026.1/xuninstall --filterPackage "Vitis_Edition", displayIcon:null, getXinstallPath:/home/shen/tools/Xilinx/2026.1/.xinstall/2026.1, installPath:/home/shen/tools/Xilinx/2026.1, progGroupFolder:AMD Adaptive SoC and FPGA Tools, launchVlmString:/home/shen/tools/Xilinx/2026.1/2026.1/Vivado/bin/vlm null
2026-10-01 14:02:04,055 DEBUG: com.xilinx.installer.registry.lin.a:-1 - Uninstall reg: /home/shen/.Xilinx/registry/installedSW.xml
2026-10-01 14:02:04,059 DEBUG: com.xilinx.installer.api.d:-1 - Selected Product is: Vitis
2026-10-01 14:02:04,059 DEBUG: com.xilinx.installer.api.d:-1 - Selected Package is: Vitis Unified Software Platform
2026-10-01 14:02:04,059 DEBUG: com.xilinx.installer.api.e:-1 - load the archive content info file /home/shen/tools/Xilinx/installer-2026.1/data/arc.dat
2026-10-01 14:02:06,198 DEBUG: com.xilinx.installer.api.e:-1 - Loaded archives content file in 0 min, 2 sec
2026-10-01 14:02:06,202 DEBUG: com.xilinx.installer.cli.CLIActionHandler:-1 - User module selection:
2026-10-01 14:02:06,202 DEBUG: com.xilinx.installer.cli.CLIActionHandler:-1 - InstallOption selection:
2026-10-01 14:02:06,202 DEBUG: com.xilinx.installer.cli.CLIActionHandler:-1 - Selected device modules:

2026-10-01 14:02:06,204 DEBUG: com.xilinx.installer.api.e:-1 - PAYLOAD_LOCATION_FROM_USER is not set.
2026-10-01 14:02:06,204 DEBUG: com.xilinx.installer.api.e:-1 - Payload was found within the image, /home/shen/tools/Xilinx/installer-2026.1/payload exists.
2026-10-01 14:02:06,294 DEBUG: com.xilinx.installer.shortcuts.lin.XMLShortcutRoot:-1 - Checking shortcut file: /home/shen/.config/menus/applications-merged/AMD Adaptive SoC and FPGA Tools.menu
2026-10-01 14:02:06,294 DEBUG: com.xilinx.installer.shortcuts.lin.XMLShortcutRoot:-1 - Checking shortcut file: /home/shen/.config/menus/applications-merged/AMD Adaptive SoC and FPGA Tools.menu
2026-10-01 14:02:06,311 INFO : com.xilinx.installer.workflow.j:-1 - Installing Edition: Vitis Embedded Development
2026-10-01 14:02:06,312 INFO : com.xilinx.installer.workflow.j:-1 - Installation directory is /home/shen/tools/Xilinx/vitis-embedded-2026.1
2026-10-01 14:02:06,312 DEBUG: com.xilinx.installer.workflow.j:-1 - rootDirNonEmpty values is: false
2026-10-01 14:02:06,312 DEBUG: com.xilinx.installer.workflow.j:-1 - The default xinstall directory will be set to /home/shen/tools/Xilinx/vitis-embedded-2026.1/.xinstall/2026.1
2026-10-01 14:02:06,315 DEBUG: com.xilinx.installer.cli.d:-1 - Ignoring call to enable/disable cancel button.
2026-10-01 14:02:06,316 DEBUG: com.xilinx.installer.workflow.Workflow:-1 - Added common folder to create symlink for, source: /home/shen/tools/Xilinx/vitis-embedded-2026.1/2026.1/Vitis/data, target: /home/shen/tools/Xilinx/vitis-embedded-2026.1/2026.1/data
2026-10-01 14:02:06,317 DEBUG: com.xilinx.installer.workflow.Workflow:-1 - Added common folder to create symlink for, source: /home/shen/tools/Xilinx/vitis-embedded-2026.1/2026.1/Vitis/gnu, target: /home/shen/tools/Xilinx/vitis-embedded-2026.1/2026.1/gnu
2026-10-01 14:02:06,317 DEBUG: com.xilinx.installer.workflow.Workflow:-1 - Added common folder to create symlink for, source: /home/shen/tools/Xilinx/vitis-embedded-2026.1/2026.1/Vitis/tps, target: /home/shen/tools/Xilinx/vitis-embedded-2026.1/2026.1/tps
2026-10-01 14:02:06,320 DEBUG: com.xilinx.installer.workflow.Workflow:-1 - Added common folder to create symlink for, source: /home/shen/tools/Xilinx/vitis-embedded-2026.1/2026.1/Vitis/lnx64, target: /home/shen/tools/Xilinx/vitis-embedded-2026.1/2026.1/lnx64
2026-10-01 14:02:06,321 DEBUG: com.xilinx.installer.workflow.j:-1 - Number of archives to extract: 508
2026-10-01 14:02:06,323 DEBUG: a.j:-1 - Using 6 cores to extract archives.
2026-10-01 14:02:06,327 DEBUG: a.j:-1 - Start to extract archives without symlink files. Totally 504 archives.
2026-10-01 14:02:06,328 DEBUG: a.k:-1 - Start extraction for file: /home/shen/tools/Xilinx/installer-2026.1/payload/data_2140_2026.1_0616_1700_encrypt.xz, to: /home/shen/tools/Xilinx/vitis-embedded-2026.1/2026.1
2026-10-01 14:02:06,328 DEBUG: a.k:-1 - Start extraction for file: /home/shen/tools/Xilinx/installer-2026.1/payload/data_2246_2026.1_0616_1700_encrypt.xz, to: /home/shen/tools/Xilinx/vitis-embedded-2026.1/2026.1
2026-10-01 14:02:06,328 DEBUG: a.k:-1 - Start extraction for file: /home/shen/tools/Xilinx/installer-2026.1/payload/data_1285_2026.1_0616_1700_encrypt.xz, to: /home/shen/tools/Xilinx/vitis-embedded-2026.1/2026.1
2026-10-01 14:02:06,328 DEBUG: a.k:-1 - Start extraction for file: /home/shen/tools/Xilinx/installer-2026.1/payload/vitis_0052_2026.1_0616_1700.xz, to: /home/shen/tools/Xilinx/vitis-embedded-2026.1/2026.1/Vitis
2026-10-01 14:02:06,328 DEBUG: a.k:-1 - Start extraction for file: /home/shen/tools/Xilinx/installer-2026.1/payload/sdk_gnu_0051_2026.1_0616_1700.xz, to: /home/shen/tools/Xilinx/vitis-embedded-2026.1/2026.1
2026-10-01 14:02:06,328 DEBUG: a.k:-1 - Start extraction for file: /home/shen/tools/Xilinx/installer-2026.1/payload/vitis_0067_2026.1_0616_1700.xz, to: /home/shen/tools/Xilinx/vitis-embedded-2026.1/2026.1
2026-10-01 14:02:06,497 DEBUG: a.k:-1 - Extracted file: /home/shen/tools/Xilinx/installer-2026.1/payload/data_2246_2026.1_0616_1700_encrypt.xz, to: /home/shen/tools/Xilinx/vitis-embedded-2026.1/2026.1, in 163 mili-sec
Memory usage -- Used memory: 46122 MB. Total memory: 47782 MB
Recent cpu usage for system: 0%
2026-10-01 14:02:06,497 DEBUG: a.k:-1 - Extracted file: /home/shen/tools/Xilinx/installer-2026.1/payload/data_1285_2026.1_0616_1700_encrypt.xz, to: /home/shen/tools/Xilinx/vitis-embedded-2026.1/2026.1, in 163 mili-sec
Memory usage -- Used memory: 46122 MB. Total memory: 47782 MB
Recent cpu usage for system: 0%
2026-10-01 14:02:06,497 DEBUG: a.k:-1 - Extracted file: /home/shen/tools/Xilinx/installer-2026.1/payload/data_2140_2026.1_0616_1700_encrypt.xz, to: /home/shen/tools/Xilinx/vitis-embedded-2026.1/2026.1, in 163 mili-sec
Memory usage -- Used memory: 46122 MB. Total memory: 47782 MB
Recent cpu usage for system: 50%
2026-10-01 14:02:06,500 DEBUG: a.l:-1 - number of files to extract:332835 number of files extracted: 11
2026-10-01 14:02:06,500 DEBUG: a.l:-1 - number of files to extract:332835 number of files extracted: 22
2026-10-01 14:02:06,500 DEBUG: a.k:-1 - Start extraction for file: /home/shen/tools/Xilinx/installer-2026.1/payload/data_1309_2026.1_0616_1700_encrypt.xz, to: /home/shen/tools/Xilinx/vitis-embedded-2026.1/2026.1
2026-10-01 14:02:06,501 DEBUG: a.k:-1 - Start extraction for file: /home/shen/tools/Xilinx/installer-2026.1/payload/data_2663_2026.1_0616_1700_encrypt.xz, to: /home/shen/tools/Xilinx/vitis-embedded-2026.1/2026.1
2026-10-01 14:02:06,501 DEBUG: a.l:-1 - number of files to extract:332835 number of files extracted: 33
2026-10-01 14:02:06,501 DEBUG: a.k:-1 - Start extraction for file: /home/shen/tools/Xilinx/installer-2026.1/payload/vitis_0088_2026.1_0616_1700.xz, to: /home/shen/tools/Xilinx/vitis-embedded-2026.1/2026.1
2026-10-01 14:02:06,502 DEBUG: a.k:-1 - Extracted file: /home/shen/tools/Xilinx/installer-2026.1/payload/data_1309_2026.1_0616_1700_encrypt.xz, to: /home/shen/tools/Xilinx/vitis-embedded-2026.1/2026.1, in 2 mili-sec
Memory usage -- Used memory: 46124 MB. Total memory: 47782 MB
Recent cpu usage for system: 33%
2026-10-01 14:02:06,503 DEBUG: a.l:-1 - number of files to extract:332835 number of files extracted: 44
2026-10-01 14:02:06,503 DEBUG: a.k:-1 - Start extraction for file: /home/shen/tools/Xilinx/installer-2026.1/payload/universal_0005_2026.1_0616_1700.xz, to: /home/shen/tools/Xilinx/vitis-embedded-2026.1/2026.1
2026-10-01 14:02:06,503 DEBUG: a.k:-1 - Extracted file: /home/shen/tools/Xilinx/installer-2026.1/payload/data_2663_2026.1_0616_1700_encrypt.xz, to: /home/shen/tools/Xilinx/vitis-embedded-2026.1/2026.1, in 2 mili-sec
Memory usage -- Used memory: 46124 MB. Total memory: 47782 MB
Recent cpu usage for system: 50%
2026-10-01 14:02:06,504 DEBUG: a.l:-1 - number of files to extract:332835 number of files extracted: 55
2026-10-01 14:02:06,504 DEBUG: a.k:-1 - Start extraction for file: /home/shen/tools/Xilinx/installer-2026.1/payload/sdk_gnu_0021_2026.1_0616_1700.xz, to: /home/shen/tools/Xilinx/vitis-embedded-2026.1/2026.1
2026-10-01 14:02:08,709 DEBUG: a.k:-1 - Extracted file: /home/shen/tools/Xilinx/installer-2026.1/payload/vitis_0052_2026.1_0616_1700.xz, to: /home/shen/tools/Xilinx/vitis-embedded-2026.1/2026.1/Vitis, in 2379 mili-sec
Memory usage -- Used memory: 47361 MB. Total memory: 47782 MB
Recent cpu usage for system: 31%
2026-10-01 14:02:08,710 DEBUG: a.l:-1 - number of files to extract:332835 number of files extracted: 68
2026-10-01 14:02:08,710 DEBUG: a.k:-1 - Start extraction for file: /home/shen/tools/Xilinx/installer-2026.1/payload/vitis_0055_2026.1_0616_1700.xz, to: /home/shen/tools/Xilinx/vitis-embedded-2026.1/2026.1
2026-10-01 14:02:08,940 DEBUG: a.k:-1 - Extracted file: /home/shen/tools/Xilinx/installer-2026.1/payload/universal_0005_2026.1_0616_1700.xz, to: /home/shen/tools/Xilinx/vitis-embedded-2026.1/2026.1, in 2437 mili-sec
Memory usage -- Used memory: 47449 MB. Total memory: 47782 MB
Recent cpu usage for system: 32%
2026-10-01 14:02:08,941 DEBUG: a.l:-1 - number of files to extract:332835 number of files extracted: 731
2026-10-01 14:02:08,943 DEBUG: a.k:-1 - Start extraction for file: /home/shen/tools/Xilinx/installer-2026.1/payload/data_2586_2026.1_0616_1700_encrypt.xz, to: /home/shen/tools/Xilinx/vitis-embedded-2026.1/2026.1
2026-10-01 14:02:08,945 DEBUG: a.k:-1 - Extracted file: /home/shen/tools/Xilinx/installer-2026.1/payload/data_2586_2026.1_0616_1700_encrypt.xz, to: /home/shen/tools/Xilinx/vitis-embedded-2026.1/2026.1, in 1 mili-sec
Memory usage -- Used memory: 47451 MB. Total memory: 47782 MB
Recent cpu usage for system: 33%
2026-10-01 14:02:08,945 DEBUG: a.l:-1 - number of files to extract:332835 number of files extracted: 742
2026-10-01 14:02:08,945 DEBUG: a.k:-1 - Start extraction for file: /home/shen/tools/Xilinx/installer-2026.1/payload/vitis_0113_2026.1_0616_1700.xz, to: /home/shen/tools/Xilinx/vitis-embedded-2026.1/2026.1
2026-10-01 14:02:08,983 DEBUG: a.k:-1 - Extracted file: /home/shen/tools/Xilinx/installer-2026.1/payload/sdk_gnu_0021_2026.1_0616_1700.xz, to: /home/shen/tools/Xilinx/vitis-embedded-2026.1/2026.1, in 2479 mili-sec
Memory usage -- Used memory: 47469 MB. Total memory: 47782 MB
Recent cpu usage for system: 31%
2026-10-01 14:02:08,984 DEBUG: a.l:-1 - number of files to extract:332835 number of files extracted: 4468
2026-10-01 14:02:08,984 DEBUG: a.k:-1 - Start extraction for file: /home/shen/tools/Xilinx/installer-2026.1/payload/data_0758_2026.1_0616_1700_encrypt.xz, to: /home/shen/tools/Xilinx/vitis-embedded-2026.1/2026.1
2026-10-01 14:02:08,985 DEBUG: a.k:-1 - Extracted file: /home/shen/tools/Xilinx/installer-2026.1/payload/data_0758_2026.1_0616_1700_encrypt.xz, to: /home/shen/tools/Xilinx/vitis-embedded-2026.1/2026.1, in 1 mili-sec
Memory usage -- Used memory: 47469 MB. Total memory: 47782 MB
Recent cpu usage for system: 33%
2026-10-01 14:02:08,985 DEBUG: a.l:-1 - number of files to extract:332835 number of files extracted: 4479
2026-10-01 14:02:08,985 DEBUG: a.k:-1 - Start extraction for file: /home/shen/tools/Xilinx/installer-2026.1/payload/data_2865_2026.1_0616_1700_encrypt.xz, to: /home/shen/tools/Xilinx/vitis-embedded-2026.1/2026.1
2026-10-01 14:02:08,986 DEBUG: a.k:-1 - Extracted file: /home/shen/tools/Xilinx/installer-2026.1/payload/data_2865_2026.1_0616_1700_encrypt.xz, to: /home/shen/tools/Xilinx/vitis-embedded-2026.1/2026.1, in 1 mili-sec
Memory usage -- Used memory: 47470 MB. Total memory: 47782 MB
Recent cpu usage for system: 50%
2026-10-01 14:02:08,987 DEBUG: a.l:-1 - number of files to extract:332835 number of files extracted: 4490
2026-10-01 14:02:08,987 DEBUG: a.k:-1 - Start extraction for file: /home/shen/tools/Xilinx/installer-2026.1/payload/data_2963_2026.1_0616_1700_encrypt.xz, to: /home/shen/tools/Xilinx/vitis-embedded-2026.1/2026.1
2026-10-01 14:02:08,988 DEBUG: a.k:-1 - Extracted file: /home/shen/tools/Xilinx/installer-2026.1/payload/data_2963_2026.1_0616_1700_encrypt.xz, to: /home/shen/tools/Xilinx/vitis-embedded-2026.1/2026.1, in 1 mili-sec
Memory usage -- Used memory: 47470 MB. Total memory: 47782 MB
Recent cpu usage for system: 0%
2026-10-01 14:02:08,988 DEBUG: a.l:-1 - number of files to extract:332835 number of files extracted: 4501
2026-10-01 14:02:08,989 DEBUG: a.k:-1 - Start extraction for file: /home/shen/tools/Xilinx/installer-2026.1/payload/data_3103_2026.1_0616_1700_encrypt.xz, to: /home/shen/tools/Xilinx/vitis-embedded-2026.1/2026.1
2026-10-01 14:02:08,990 DEBUG: a.k:-1 - Extracted file: /home/shen/tools/Xilinx/installer-2026.1/payload/data_3103_2026.1_0616_1700_encrypt.xz, to: /home/shen/tools/Xilinx/vitis-embedded-2026.1/2026.1, in 0 mili-sec
Memory usage -- Used memory: 47471 MB. Total memory: 47782 MB
Recent cpu usage for system: 33%
2026-10-01 14:02:08,990 DEBUG: a.l:-1 - number of files to extract:332835 number of files extracted: 4512
2026-10-01 14:02:08,990 DEBUG: a.k:-1 - Start extraction for file: /home/shen/tools/Xilinx/installer-2026.1/payload/data_1499_2026.1_0616_1700_encrypt.xz, to: /home/shen/tools/Xilinx/vitis-embedded-2026.1/2026.1
2026-10-01 14:02:08,991 DEBUG: a.k:-1 - Extracted file: /home/shen/tools/Xilinx/installer-2026.1/payload/data_1499_2026.1_0616_1700_encrypt.xz, to: /home/shen/tools/Xilinx/vitis-embedded-2026.1/2026.1, in 1 mili-sec
Memory usage -- Used memory: 47471 MB. Total memory: 47782 MB
Recent cpu usage for system: 33%
2026-10-01 14:02:08,991 DEBUG: a.l:-1 - number of files to extract:332835 number of files extracted: 4523
2026-10-01 14:02:08,991 DEBUG: a.k:-1 - Start extraction for file: /home/shen/tools/Xilinx/installer-2026.1/payload/data_2256_2026.1_0616_1700_encrypt.xz, to: /home/shen/tools/Xilinx/vitis-embedded-2026.1/2026.1
2026-10-01 14:02:08,994 DEBUG: a.k:-1 - Extracted file: /home/shen/tools/Xilinx/installer-2026.1/payload/data_2256_2026.1_0616_1700_encrypt.xz, to: /home/shen/tools/Xilinx/vitis-embedded-2026.1/2026.1, in 3 mili-sec
Memory usage -- Used memory: 47471 MB. Total memory: 47782 MB
Recent cpu usage for system: 33%
2026-10-01 14:02:08,994 DEBUG: a.l:-1 - number of files to extract:332835 number of files extracted: 4534
2026-10-01 14:02:08,994 DEBUG: a.k:-1 - Start extraction for file: /home/shen/tools/Xilinx/installer-2026.1/payload/data_0988_2026.1_0616_1700_encrypt.xz, to: /home/shen/tools/Xilinx/vitis-embedded-2026.1/2026.1
2026-10-01 14:02:08,995 DEBUG: a.k:-1 - Extracted file: /home/shen/tools/Xilinx/installer-2026.1/payload/data_0988_2026.1_0616_1700_encrypt.xz, to: /home/shen/tools/Xilinx/vitis-embedded-2026.1/2026.1, in 0 mili-sec
Memory usage -- Used memory: 47472 MB. Total memory: 47782 MB
Recent cpu usage for system: 0%
2026-10-01 14:02:08,996 DEBUG: a.l:-1 - number of files to extract:332835 number of files extracted: 4545
2026-10-01 14:02:08,996 DEBUG: a.k:-1 - Start extraction for file: /home/shen/tools/Xilinx/installer-2026.1/payload/data_1690_2026.1_0616_1700_encrypt.xz, to: /home/shen/tools/Xilinx/vitis-embedded-2026.1/2026.1
2026-10-01 14:02:08,997 DEBUG: a.k:-1 - Extracted file: /home/shen/tools/Xilinx/installer-2026.1/payload/data_1690_2026.1_0616_1700_encrypt.xz, to: /home/shen/tools/Xilinx/vitis-embedded-2026.1/2026.1, in 1 mili-sec
Memory usage -- Used memory: 47471 MB. Total memory: 47782 MB
Recent cpu usage for system: 50%
2026-10-01 14:02:08,998 DEBUG: a.l:-1 - number of files to extract:332835 number of files extracted: 4556
2026-10-01 14:02:08,998 DEBUG: a.k:-1 - Start extraction for file: /home/shen/tools/Xilinx/installer-2026.1/payload/sdk_gnu_0034_2026.1_0616_1700.xz, to: /home/shen/tools/Xilinx/vitis-embedded-2026.1/2026.1
2026-10-01 14:02:09,600 DEBUG: a.k:-1 - Extracted file: /home/shen/tools/Xilinx/installer-2026.1/payload/sdk_gnu_0051_2026.1_0616_1700.xz, to: /home/shen/tools/Xilinx/vitis-embedded-2026.1/2026.1, in 3271 mili-sec
Memory usage -- Used memory: 47463 MB. Total memory: 47782 MB
Recent cpu usage for system: 31%
2026-10-01 14:02:09,601 DEBUG: a.l:-1 - number of files to extract:332835 number of files extracted: 7775
2026-10-01 14:02:09,601 DEBUG: a.k:-1 - Start extraction for file: /home/shen/tools/Xilinx/installer-2026.1/payload/vitis_0138_2026.1_0616_1700.xz, to: /home/shen/tools/Xilinx/vitis-embedded-2026.1/2026.1
2026-10-01 14:02:09,864 DEBUG: a.k:-1 - Extracted file: /home/shen/tools/Xilinx/installer-2026.1/payload/vitis_0138_2026.1_0616_1700.xz, to: /home/shen/tools/Xilinx/vitis-embedded-2026.1/2026.1, in 262 mili-sec
Memory usage -- Used memory: 47195 MB. Total memory: 47782 MB
Recent cpu usage for system: 32%
2026-10-01 14:02:09,864 DEBUG: a.l:-1 - number of files to extract:332835 number of files extracted: 7944
2026-10-01 14:02:09,864 DEBUG: a.k:-1 - Start extraction for file: /home/shen/tools/Xilinx/installer-2026.1/payload/data_1227_2026.1_0616_1700_encrypt.xz, to: /home/shen/tools/Xilinx/vitis-embedded-2026.1/2026.1
2026-10-01 14:02:09,866 DEBUG: a.k:-1 - Extracted file: /home/shen/tools/Xilinx/installer-2026.1/payload/data_1227_2026.1_0616_1700_encrypt.xz, to: /home/shen/tools/Xilinx/vitis-embedded-2026.1/2026.1, in 2 mili-sec
Memory usage -- Used memory: 47198 MB. Total memory: 47782 MB
Recent cpu usage for system: 40%
2026-10-01 14:02:09,866 DEBUG: a.l:-1 - number of files to extract:332835 number of files extracted: 7955
2026-10-01 14:02:09,866 DEBUG: a.k:-1 - Start extraction for file: /home/shen/tools/Xilinx/installer-2026.1/payload/data_1438_2026.1_0616_1700_encrypt.xz, to: /home/shen/tools/Xilinx/vitis-embedded-2026.1/2026.1
2026-10-01 14:02:09,870 DEBUG: a.k:-1 - Extracted file: /home/shen/tools/Xilinx/installer-2026.1/payload/data_1438_2026.1_0616_1700_encrypt.xz, to: /home/shen/tools/Xilinx/vitis-embedded-2026.1/2026.1, in 4 mili-sec
Memory usage -- Used memory: 47198 MB. Total memory: 47782 MB
Recent cpu usage for system: 40%
2026-10-01 14:02:09,871 DEBUG: a.l:-1 - number of files to extract:332835 number of files extracted: 7966
2026-10-01 14:02:09,871 DEBUG: a.k:-1 - Start extraction for file: /home/shen/tools/Xilinx/installer-2026.1/payload/vitis_0071_2026.1_0616_1700_encrypt.xz, to: /home/shen/tools/Xilinx/vitis-embedded-2026.1/2026.1
2026-10-01 14:02:09,880 DEBUG: a.k:-1 - Extracted file: /home/shen/tools/Xilinx/installer-2026.1/payload/vitis_0071_2026.1_0616_1700_encrypt.xz, to: /home/shen/tools/Xilinx/vitis-embedded-2026.1/2026.1, in 9 mili-sec
Memory usage -- Used memory: 47199 MB. Total memory: 47782 MB
Recent cpu usage for system: 31%
2026-10-01 14:02:09,880 DEBUG: a.l:-1 - number of files to extract:332835 number of files extracted: 7977
2026-10-01 14:02:09,881 DEBUG: a.k:-1 - Start extraction for file: /home/shen/tools/Xilinx/installer-2026.1/payload/data_1987_2026.1_0616_1700_encrypt.xz, to: /home/shen/tools/Xilinx/vitis-embedded-2026.1/2026.1
2026-10-01 14:02:09,883 DEBUG: a.k:-1 - Extracted file: /home/shen/tools/Xilinx/installer-2026.1/payload/data_1987_2026.1_0616_1700_encrypt.xz, to: /home/shen/tools/Xilinx/vitis-embedded-2026.1/2026.1, in 1 mili-sec
Memory usage -- Used memory: 47199 MB. Total memory: 47782 MB
Recent cpu usage for system: 40%
2026-10-01 14:02:09,883 DEBUG: a.l:-1 - number of files to extract:332835 number of files extracted: 7988
2026-10-01 14:02:09,884 DEBUG: a.k:-1 - Start extraction for file: /home/shen/tools/Xilinx/installer-2026.1/payload/data_1618_2026.1_0616_1700_encrypt.xz, to: /home/shen/tools/Xilinx/vitis-embedded-2026.1/2026.1
2026-10-01 14:02:09,886 DEBUG: a.k:-1 - Extracted file: /home/shen/tools/Xilinx/installer-2026.1/payload/data_1618_2026.1_0616_1700_encrypt.xz, to: /home/shen/tools/Xilinx/vitis-embedded-2026.1/2026.1, in 2 mili-sec
Memory usage -- Used memory: 47200 MB. Total memory: 47782 MB
Recent cpu usage for system: 37%
2026-10-01 14:02:09,886 DEBUG: a.l:-1 - number of files to extract:332835 number of files extracted: 7999
2026-10-01 14:02:09,886 DEBUG: a.k:-1 - Start extraction for file: /home/shen/tools/Xilinx/installer-2026.1/payload/data_1202_2026.1_0616_1700_encrypt.xz, to: /home/shen/tools/Xilinx/vitis-embedded-2026.1/2026.1
2026-10-01 14:02:09,892 DEBUG: a.k:-1 - Extracted file: /home/shen/tools/Xilinx/installer-2026.1/payload/data_1202_2026.1_0616_1700_encrypt.xz, to: /home/shen/tools/Xilinx/vitis-embedded-2026.1/2026.1, in 5 mili-sec
Memory usage -- Used memory: 47202 MB. Total memory: 47782 MB
Recent cpu usage for system: 38%
2026-10-01 14:02:09,892 DEBUG: a.l:-1 - number of files to extract:332835 number of files extracted: 8010
2026-10-01 14:02:09,892 DEBUG: a.k:-1 - Start extraction for file: /home/shen/tools/Xilinx/installer-2026.1/payload/data_1806_2026.1_0616_1700_encrypt.xz, to: /home/shen/tools/Xilinx/vitis-embedded-2026.1/2026.1
2026-10-01 14:02:09,894 DEBUG: a.k:-1 - Extracted file: /home/shen/tools/Xilinx/installer-2026.1/payload/data_1806_2026.1_0616_1700_encrypt.xz, to: /home/shen/tools/Xilinx/vitis-embedded-2026.1/2026.1, in 1 mili-sec
Memory usage -- Used memory: 47204 MB. Total memory: 47782 MB
Recent cpu usage for system: 40%
2026-10-01 14:02:09,895 DEBUG: a.l:-1 - number of files to extract:332835 number of files extracted: 8021
2026-10-01 14:02:09,895 DEBUG: a.k:-1 - Start extraction for file: /home/shen/tools/Xilinx/installer-2026.1/payload/vitis_0085_2026.1_0616_1700_strip.xz, to: /home/shen/tools/Xilinx/vitis-embedded-2026.1/2026.1/Vitis
2026-10-01 14:02:09,997 DEBUG: a.k:-1 - Extracted file: /home/shen/tools/Xilinx/installer-2026.1/payload/vitis_0085_2026.1_0616_1700_strip.xz, to: /home/shen/tools/Xilinx/vitis-embedded-2026.1/2026.1/Vitis, in 102 mili-sec
Memory usage -- Used memory: 47249 MB. Total memory: 47782 MB
Recent cpu usage for system: 32%
2026-10-01 14:02:09,998 DEBUG: a.l:-1 - number of files to extract:332835 number of files extracted: 8032
2026-10-01 14:02:09,998 DEBUG: a.k:-1 - Start extraction for file: /home/shen/tools/Xilinx/installer-2026.1/payload/data_2844_2026.1_0616_1700_encrypt.xz, to: /home/shen/tools/Xilinx/vitis-embedded-2026.1/2026.1
2026-10-01 14:02:10,000 DEBUG: a.k:-1 - Extracted file: /home/shen/tools/Xilinx/installer-2026.1/payload/data_2844_2026.1_0616_1700_encrypt.xz, to: /home/shen/tools/Xilinx/vitis-embedded-2026.1/2026.1, in 1 mili-sec
Memory usage -- Used memory: 47252 MB. Total memory: 47782 MB
Recent cpu usage for system: 25%
2026-10-01 14:02:10,000 DEBUG: a.l:-1 - number of files to extract:332835 number of files extracted: 8043
2026-10-01 14:02:10,000 DEBUG: a.k:-1 - Start extraction for file: /home/shen/tools/Xilinx/installer-2026.1/payload/data_1059_2026.1_0616_1700_encrypt.xz, to: /home/shen/tools/Xilinx/vitis-embedded-2026.1/2026.1
2026-10-01 14:02:10,002 DEBUG: a.k:-1 - Extracted file: /home/shen/tools/Xilinx/installer-2026.1/payload/data_1059_2026.1_0616_1700_encrypt.xz, to: /home/shen/tools/Xilinx/vitis-embedded-2026.1/2026.1, in 1 mili-sec
Memory usage -- Used memory: 47254 MB. Total memory: 47782 MB
Recent cpu usage for system: 40%
2026-10-01 14:02:10,002 DEBUG: a.l:-1 - number of files to extract:332835 number of files extracted: 8054
2026-10-01 14:02:10,002 DEBUG: a.k:-1 - Start extraction for file: /home/shen/tools/Xilinx/installer-2026.1/payload/data_2945_2026.1_0616_1700_encrypt.xz, to: /home/shen/tools/Xilinx/vitis-embedded-2026.1/2026.1
2026-10-01 14:02:10,005 DEBUG: a.k:-1 - Extracted file: /home/shen/tools/Xilinx/installer-2026.1/payload/data_2945_2026.1_0616_1700_encrypt.xz, to: /home/shen/tools/Xilinx/vitis-embedded-2026.1/2026.1, in 3 mili-sec
Memory usage -- Used memory: 47257 MB. Total memory: 47782 MB
Recent cpu usage for system: 37%
2026-10-01 14:02:10,006 DEBUG: a.l:-1 - number of files to extract:332835 number of files extracted: 8065
2026-10-01 14:02:10,006 DEBUG: a.k:-1 - Start extraction for file: /home/shen/tools/Xilinx/installer-2026.1/payload/data_0451_2026.1_0616_1700_encrypt.xz, to: /home/shen/tools/Xilinx/vitis-embedded-2026.1/2026.1
2026-10-01 14:02:10,007 DEBUG: a.k:-1 - Extracted file: /home/shen/tools/Xilinx/installer-2026.1/payload/data_0451_2026.1_0616_1700_encrypt.xz, to: /home/shen/tools/Xilinx/vitis-embedded-2026.1/2026.1, in 1 mili-sec
Memory usage -- Used memory: 47263 MB. Total memory: 47782 MB
Recent cpu usage for system: 40%
2026-10-01 14:02:10,008 DEBUG: a.l:-1 - number of files to extract:332835 number of files extracted: 8076
2026-10-01 14:02:10,008 DEBUG: a.k:-1 - Start extraction for file: /home/shen/tools/Xilinx/installer-2026.1/payload/vitis_0148_2026.1_0616_1700.xz, to: /home/shen/tools/Xilinx/vitis-embedded-2026.1/2026.1/Vitis
2026-10-01 14:02:11,129 DEBUG: a.k:-1 - Extracted file: /home/shen/tools/Xilinx/installer-2026.1/payload/vitis_0067_2026.1_0616_1700.xz, to: /home/shen/tools/Xilinx/vitis-embedded-2026.1/2026.1, in 4800 mili-sec
Memory usage -- Used memory: 47373 MB. Total memory: 47782 MB
Recent cpu usage for system: 32%
2026-10-01 14:02:11,129 DEBUG: a.l:-1 - number of files to extract:332835 number of files extracted: 9765
2026-10-01 14:02:11,130 DEBUG: a.k:-1 - Start extraction for file: /home/shen/tools/Xilinx/installer-2026.1/payload/vitis_0092_2026.1_0616_1700.xz, to: /home/shen/tools/Xilinx/vitis-embedded-2026.1/2026.1/Vitis
2026-10-01 14:02:11,922 DEBUG: a.k:-1 - Extracted file: /home/shen/tools/Xilinx/installer-2026.1/payload/vitis_0088_2026.1_0616_1700.xz, to: /home/shen/tools/Xilinx/vitis-embedded-2026.1/2026.1, in 5420 mili-sec
Memory usage -- Used memory: 47408 MB. Total memory: 47782 MB
Recent cpu usage for system: 32%
2026-10-01 14:02:11,923 DEBUG: a.l:-1 - number of files to extract:332835 number of files extracted: 10783
2026-10-01 14:02:11,923 DEBUG: a.k:-1 - Start extraction for file: /home/shen/tools/Xilinx/installer-2026.1/payload/data_1534_2026.1_0616_1700_encrypt.xz, to: /home/shen/tools/Xilinx/vitis-embedded-2026.1/2026.1
2026-10-01 14:02:11,925 DEBUG: a.k:-1 - Extracted file: /home/shen/tools/Xilinx/installer-2026.1/payload/data_1534_2026.1_0616_1700_encrypt.xz, to: /home/shen/tools/Xilinx/vitis-embedded-2026.1/2026.1, in 1 mili-sec
Memory usage -- Used memory: 47409 MB. Total memory: 47782 MB
Recent cpu usage for system: 33%
2026-10-01 14:02:11,925 DEBUG: a.l:-1 - number of files to extract:332835 number of files extracted: 10794
2026-10-01 14:02:11,925 DEBUG: a.k:-1 - Start extraction for file: /home/shen/tools/Xilinx/installer-2026.1/payload/data_3180_2026.1_0616_1700_encrypt.xz, to: /home/shen/tools/Xilinx/vitis-embedded-2026.1/2026.1
2026-10-01 14:02:11,928 DEBUG: a.k:-1 - Extracted file: /home/shen/tools/Xilinx/installer-2026.1/payload/data_3180_2026.1_0616_1700_encrypt.xz, to: /home/shen/tools/Xilinx/vitis-embedded-2026.1/2026.1, in 2 mili-sec
Memory usage -- Used memory: 47411 MB. Total memory: 47782 MB
Recent cpu usage for system: 42%
2026-10-01 14:02:11,929 DEBUG: a.l:-1 - number of files to extract:332835 number of files extracted: 10799
2026-10-01 14:02:11,929 DEBUG: a.k:-1 - Start extraction for file: /home/shen/tools/Xilinx/installer-2026.1/payload/data_2460_2026.1_0616_1700_encrypt.xz, to: /home/shen/tools/Xilinx/vitis-embedded-2026.1/2026.1
2026-10-01 14:02:11,931 DEBUG: a.k:-1 - Extracted file: /home/shen/tools/Xilinx/installer-2026.1/payload/data_2460_2026.1_0616_1700_encrypt.xz, to: /home/shen/tools/Xilinx/vitis-embedded-2026.1/2026.1, in 1 mili-sec
Memory usage -- Used memory: 47412 MB. Total memory: 47782 MB
Recent cpu usage for system: 50%
2026-10-01 14:02:11,931 DEBUG: a.l:-1 - number of files to extract:332835 number of files extracted: 10810
2026-10-01 14:02:11,931 DEBUG: a.k:-1 - Start extraction for file: /home/shen/tools/Xilinx/installer-2026.1/payload/vitis_0022_2026.1_0616_1700.xz, to: /home/shen/tools/Xilinx/vitis-embedded-2026.1/2026.1
2026-10-01 14:02:11,938 DEBUG: a.k:-1 - Extracted file: /home/shen/tools/Xilinx/installer-2026.1/payload/vitis_0022_2026.1_0616_1700.xz, to: /home/shen/tools/Xilinx/vitis-embedded-2026.1/2026.1, in 7 mili-sec
Memory usage -- Used memory: 47420 MB. Total memory: 47782 MB
Recent cpu usage for system: 36%
2026-10-01 14:02:11,939 DEBUG: a.l:-1 - number of files to extract:332835 number of files extracted: 10902
2026-10-01 14:02:11,939 DEBUG: a.k:-1 - Start extraction for file: /home/shen/tools/Xilinx/installer-2026.1/payload/sdk_gnu_0057_2026.1_0616_1700.xz, to: /home/shen/tools/Xilinx/vitis-embedded-2026.1/2026.1
2026-10-01 14:02:12,103 DEBUG: a.k:-1 - Extracted file: /home/shen/tools/Xilinx/installer-2026.1/payload/sdk_gnu_0034_2026.1_0616_1700.xz, to: /home/shen/tools/Xilinx/vitis-embedded-2026.1/2026.1, in 3105 mili-sec
Memory usage -- Used memory: 47351 MB. Total memory: 47782 MB
Recent cpu usage for system: 31%
2026-10-01 14:02:12,104 DEBUG: a.l:-1 - number of files to extract:332835 number of files extracted: 14064
2026-10-01 14:02:12,104 DEBUG: a.k:-1 - Start extraction for file: /home/shen/tools/Xilinx/installer-2026.1/payload/data_0495_2026.1_0616_1700.xz, to: /home/shen/tools/Xilinx/vitis-embedded-2026.1/2026.1
2026-10-01 14:02:12,313 DEBUG: a.k:-1 - Extracted file: /home/shen/tools/Xilinx/installer-2026.1/payload/vitis_0055_2026.1_0616_1700.xz, to: /home/shen/tools/Xilinx/vitis-embedded-2026.1/2026.1, in 3602 mili-sec
Memory usage -- Used memory: 47453 MB. Total memory: 47782 MB
Recent cpu usage for system: 32%
2026-10-01 14:02:12,313 DEBUG: a.l:-1 - number of files to extract:332835 number of files extracted: 15448
2026-10-01 14:02:12,313 DEBUG: a.k:-1 - Start extraction for file: /home/shen/tools/Xilinx/installer-2026.1/payload/data_1128_2026.1_0616_1700_encrypt.xz, to: /home/shen/tools/Xilinx/vitis-embedded-2026.1/2026.1
2026-10-01 14:02:12,314 DEBUG: a.k:-1 - Extracted file: /home/shen/tools/Xilinx/installer-2026.1/payload/data_1128_2026.1_0616_1700_encrypt.xz, to: /home/shen/tools/Xilinx/vitis-embedded-2026.1/2026.1, in 1 mili-sec
Memory usage -- Used memory: 47455 MB. Total memory: 47782 MB
Recent cpu usage for system: 50%
2026-10-01 14:02:12,315 DEBUG: a.l:-1 - number of files to extract:332835 number of files extracted: 15459
2026-10-01 14:02:12,315 DEBUG: a.k:-1 - Start extraction for file: /home/shen/tools/Xilinx/installer-2026.1/payload/data_0851_2026.1_0616_1700_encrypt.xz, to: /home/shen/tools/Xilinx/vitis-embedded-2026.1/2026.1
2026-10-01 14:02:12,316 DEBUG: a.k:-1 - Extracted file: /home/shen/tools/Xilinx/installer-2026.1/payload/data_0851_2026.1_0616_1700_encrypt.xz, to: /home/shen/tools/Xilinx/vitis-embedded-2026.1/2026.1, in 1 mili-sec
Memory usage -- Used memory: 47455 MB. Total memory: 47782 MB
Recent cpu usage for system: 33%
2026-10-01 14:02:12,316 DEBUG: a.l:-1 - number of files to extract:332835 number of files extracted: 15470
2026-10-01 14:02:12,316 DEBUG: a.k:-1 - Start extraction for file: /home/shen/tools/Xilinx/installer-2026.1/payload/data_2201_2026.1_0616_1700_encrypt.xz, to: /home/shen/tools/Xilinx/vitis-embedded-2026.1/2026.1
2026-10-01 14:02:12,317 DEBUG: a.k:-1 - Extracted file: /home/shen/tools/Xilinx/installer-2026.1/payload/data_2201_2026.1_0616_1700_encrypt.xz, to: /home/shen/tools/Xilinx/vitis-embedded-2026.1/2026.1, in 1 mili-sec
Memory usage -- Used memory: 47456 MB. Total memory: 47782 MB
Recent cpu usage for system: 33%
2026-10-01 14:02:12,317 DEBUG: a.l:-1 - number of files to extract:332835 number of files extracted: 15481
2026-10-01 14:02:12,317 DEBUG: a.k:-1 - Start extraction for file: /home/shen/tools/Xilinx/installer-2026.1/payload/data_0887_2026.1_0616_1700.xz, to: /home/shen/tools/Xilinx/vitis-embedded-2026.1/2026.1
2026-10-01 14:02:12,759 DEBUG: a.k:-1 - Extracted file: /home/shen/tools/Xilinx/installer-2026.1/payload/vitis_0113_2026.1_0616_1700.xz, to: /home/shen/tools/Xilinx/vitis-embedded-2026.1/2026.1, in 3813 mili-sec
Memory usage -- Used memory: 47332 MB. Total memory: 47782 MB
Recent cpu usage for system: 31%
2026-10-01 14:02:12,759 DEBUG: a.l:-1 - number of files to extract:332835 number of files extracted: 16962
2026-10-01 14:02:12,760 DEBUG: a.k:-1 - Start extraction for file: /home/shen/tools/Xilinx/installer-2026.1/payload/data_3066_2026.1_0616_1700_encrypt.xz, to: /home/shen/tools/Xilinx/vitis-embedded-2026.1/2026.1
2026-10-01 14:02:12,766 DEBUG: a.k:-1 - Extracted file: /home/shen/tools/Xilinx/installer-2026.1/payload/data_3066_2026.1_0616_1700_encrypt.xz, to: /home/shen/tools/Xilinx/vitis-embedded-2026.1/2026.1, in 5 mili-sec
Memory usage -- Used memory: 47333 MB. Total memory: 47782 MB
Recent cpu usage for system: 35%
2026-10-01 14:02:12,766 DEBUG: a.l:-1 - number of files to extract:332835 number of files extracted: 16973
2026-10-01 14:02:12,766 DEBUG: a.k:-1 - Start extraction for file: /home/shen/tools/Xilinx/installer-2026.1/payload/data_1796_2026.1_0616_1700_encrypt.xz, to: /home/shen/tools/Xilinx/vitis-embedded-2026.1/2026.1
2026-10-01 14:02:12,767 DEBUG: a.k:-1 - Extracted file: /home/shen/tools/Xilinx/installer-2026.1/payload/data_1796_2026.1_0616_1700_encrypt.xz, to: /home/shen/tools/Xilinx/vitis-embedded-2026.1/2026.1, in 1 mili-sec
Memory usage -- Used memory: 47333 MB. Total memory: 47782 MB
Recent cpu usage for system: 25%
2026-10-01 14:02:12,768 DEBUG: a.l:-1 - number of files to extract:332835 number of files extracted: 16984
2026-10-01 14:02:12,768 DEBUG: a.k:-1 - Start extraction for file: /home/shen/tools/Xilinx/installer-2026.1/payload/data_1627_2026.1_0616_1700_encrypt.xz, to: /home/shen/tools/Xilinx/vitis-embedded-2026.1/2026.1
2026-10-01 14:02:12,769 DEBUG: a.k:-1 - Extracted file: /home/shen/tools/Xilinx/installer-2026.1/payload/data_1627_2026.1_0616_1700_encrypt.xz, to: /home/shen/tools/Xilinx/vitis-embedded-2026.1/2026.1, in 1 mili-sec
Memory usage -- Used memory: 47333 MB. Total memory: 47782 MB
Recent cpu usage for system: 50%
2026-10-01 14:02:12,769 DEBUG: a.l:-1 - number of files to extract:332835 number of files extracted: 16995
2026-10-01 14:02:12,770 DEBUG: a.k:-1 - Start extraction for file: /home/shen/tools/Xilinx/installer-2026.1/payload/data_1115_2026.1_0616_1700_encrypt.xz, to: /home/shen/tools/Xilinx/vitis-embedded-2026.1/2026.1
2026-10-01 14:02:12,771 DEBUG: a.k:-1 - Extracted file: /home/shen/tools/Xilinx/installer-2026.1/payload/data_1115_2026.1_0616_1700_encrypt.xz, to: /home/shen/tools/Xilinx/vitis-embedded-2026.1/2026.1, in 1 mili-sec
Memory usage -- Used memory: 47333 MB. Total memory: 47782 MB
Recent cpu usage for system: 0%
2026-10-01 14:02:12,771 DEBUG: a.l:-1 - number of files to extract:332835 number of files extracted: 17006
2026-10-01 14:02:12,772 DEBUG: a.k:-1 - Start extraction for file: /home/shen/tools/Xilinx/installer-2026.1/payload/data_1295_2026.1_0616_1700_encrypt.xz, to: /home/shen/tools/Xilinx/vitis-embedded-2026.1/2026.1
2026-10-01 14:02:12,773 DEBUG: a.k:-1 - Extracted file: /home/shen/tools/Xilinx/installer-2026.1/payload/data_1295_2026.1_0616_1700_encrypt.xz, to: /home/shen/tools/Xilinx/vitis-embedded-2026.1/2026.1, in 0 mili-sec
Memory usage -- Used memory: 47333 MB. Total memory: 47782 MB
Recent cpu usage for system: 33%
2026-10-01 14:02:12,773 DEBUG: a.l:-1 - number of files to extract:332835 number of files extracted: 17017
2026-10-01 14:02:12,773 DEBUG: a.k:-1 - Start extraction for file: /home/shen/tools/Xilinx/installer-2026.1/payload/data_2381_2026.1_0616_1700_encrypt.xz, to: /home/shen/tools/Xilinx/vitis-embedded-2026.1/2026.1
2026-10-01 14:02:12,774 DEBUG: a.k:-1 - Extracted file: /home/shen/tools/Xilinx/installer-2026.1/payload/data_2381_2026.1_0616_1700_encrypt.xz, to: /home/shen/tools/Xilinx/vitis-embedded-2026.1/2026.1, in 1 mili-sec
Memory usage -- Used memory: 47337 MB. Total memory: 47782 MB
Recent cpu usage for system: 25%
2026-10-01 14:02:12,775 DEBUG: a.l:-1 - number of files to extract:332835 number of files extracted: 17028
2026-10-01 14:02:12,775 DEBUG: a.k:-1 - Start extraction for file: /home/shen/tools/Xilinx/installer-2026.1/payload/data_0001_2026.1_0616_1700.xz, to: /home/shen/tools/Xilinx/vitis-embedded-2026.1/2026.1
2026-10-01 14:02:13,984 DEBUG: a.k:-1 - Extracted file: /home/shen/tools/Xilinx/installer-2026.1/payload/sdk_gnu_0057_2026.1_0616_1700.xz, to: /home/shen/tools/Xilinx/vitis-embedded-2026.1/2026.1, in 2045 mili-sec
Memory usage -- Used memory: 47253 MB. Total memory: 47782 MB
Recent cpu usage for system: 32%
2026-10-01 14:02:13,985 DEBUG: a.l:-1 - number of files to extract:332835 number of files extracted: 19255
2026-10-01 14:02:13,985 DEBUG: a.k:-1 - Start extraction for file: /home/shen/tools/Xilinx/installer-2026.1/payload/data_2557_2026.1_0616_1700_encrypt.xz, to: /home/shen/tools/Xilinx/vitis-embedded-2026.1/2026.1
2026-10-01 14:02:13,987 DEBUG: a.k:-1 - Extracted file: /home/shen/tools/Xilinx/installer-2026.1/payload/data_2557_2026.1_0616_1700_encrypt.xz, to: /home/shen/tools/Xilinx/vitis-embedded-2026.1/2026.1, in 2 mili-sec
Memory usage -- Used memory: 47253 MB. Total memory: 47782 MB
Recent cpu usage for system: 25%
2026-10-01 14:02:13,987 DEBUG: a.l:-1 - number of files to extract:332835 number of files extracted: 19266
2026-10-01 14:02:13,987 DEBUG: a.k:-1 - Start extraction for file: /home/shen/tools/Xilinx/installer-2026.1/payload/data_2762_2026.1_0616_1700_encrypt.xz, to: /home/shen/tools/Xilinx/vitis-embedded-2026.1/2026.1
2026-10-01 14:02:13,988 DEBUG: a.k:-1 - Extracted file: /home/shen/tools/Xilinx/installer-2026.1/payload/data_2762_2026.1_0616_1700_encrypt.xz, to: /home/shen/tools/Xilinx/vitis-embedded-2026.1/2026.1, in 1 mili-sec
Memory usage -- Used memory: 47253 MB. Total memory: 47782 MB
Recent cpu usage for system: 40%
2026-10-01 14:02:13,989 DEBUG: a.l:-1 - number of files to extract:332835 number of files extracted: 19277
2026-10-01 14:02:13,989 DEBUG: a.k:-1 - Start extraction for file: /home/shen/tools/Xilinx/installer-2026.1/payload/sdk_gnu_0046_2026.1_0616_1700.xz, to: /home/shen/tools/Xilinx/vitis-embedded-2026.1/2026.1
2026-10-01 14:02:14,483 DEBUG: a.k:-1 - Extracted file: /home/shen/tools/Xilinx/installer-2026.1/payload/vitis_0092_2026.1_0616_1700.xz, to: /home/shen/tools/Xilinx/vitis-embedded-2026.1/2026.1/Vitis, in 3352 mili-sec
Memory usage -- Used memory: 47055 MB. Total memory: 47782 MB
Recent cpu usage for system: 32%
2026-10-01 14:02:14,483 DEBUG: a.l:-1 - number of files to extract:332835 number of files extracted: 19369
2026-10-01 14:02:14,483 DEBUG: a.k:-1 - Start extraction for file: /home/shen/tools/Xilinx/installer-2026.1/payload/data_2080_2026.1_0616_1700_encrypt.xz, to: /home/shen/tools/Xilinx/vitis-embedded-2026.1/2026.1
2026-10-01 14:02:14,485 DEBUG: a.k:-1 - Extracted file: /home/shen/tools/Xilinx/installer-2026.1/payload/data_2080_2026.1_0616_1700_encrypt.xz, to: /home/shen/tools/Xilinx/vitis-embedded-2026.1/2026.1, in 2 mili-sec
Memory usage -- Used memory: 47057 MB. Total memory: 47782 MB
Recent cpu usage for system: 57%
2026-10-01 14:02:14,486 DEBUG: a.l:-1 - number of files to extract:332835 number of files extracted: 19380
2026-10-01 14:02:14,486 DEBUG: a.k:-1 - Start extraction for file: /home/shen/tools/Xilinx/installer-2026.1/payload/data_3151_2026.1_0616_1700_encrypt.xz, to: /home/shen/tools/Xilinx/vitis-embedded-2026.1/2026.1
2026-10-01 14:02:14,488 DEBUG: a.k:-1 - Extracted file: /home/shen/tools/Xilinx/installer-2026.1/payload/data_3151_2026.1_0616_1700_encrypt.xz, to: /home/shen/tools/Xilinx/vitis-embedded-2026.1/2026.1, in 1 mili-sec
Memory usage -- Used memory: 47057 MB. Total memory: 47782 MB
Recent cpu usage for system: 20%
2026-10-01 14:02:14,488 DEBUG: a.l:-1 - number of files to extract:332835 number of files extracted: 19391
2026-10-01 14:02:14,488 DEBUG: a.k:-1 - Start extraction for file: /home/shen/tools/Xilinx/installer-2026.1/payload/data_1039_2026.1_0616_1700_encrypt.xz, to: /home/shen/tools/Xilinx/vitis-embedded-2026.1/2026.1
2026-10-01 14:02:14,489 DEBUG: a.k:-1 - Extracted file: /home/shen/tools/Xilinx/installer-2026.1/payload/data_1039_2026.1_0616_1700_encrypt.xz, to: /home/shen/tools/Xilinx/vitis-embedded-2026.1/2026.1, in 1 mili-sec
Memory usage -- Used memory: 47058 MB. Total memory: 47782 MB
Recent cpu usage for system: 50%
2026-10-01 14:02:14,490 DEBUG: a.l:-1 - number of files to extract:332835 number of files extracted: 19402
2026-10-01 14:02:14,490 DEBUG: a.k:-1 - Start extraction for file: /home/shen/tools/Xilinx/installer-2026.1/payload/data_0203_2026.1_0616_1700.xz, to: /home/shen/tools/Xilinx/vitis-embedded-2026.1/2026.1
2026-10-01 14:02:14,491 DEBUG: a.k:-1 - Extracted file: /home/shen/tools/Xilinx/installer-2026.1/payload/data_0203_2026.1_0616_1700.xz, to: /home/shen/tools/Xilinx/vitis-embedded-2026.1/2026.1, in 1 mili-sec
Memory usage -- Used memory: 47061 MB. Total memory: 47782 MB
Recent cpu usage for system: 33%
2026-10-01 14:02:14,491 DEBUG: a.l:-1 - number of files to extract:332835 number of files extracted: 19411
2026-10-01 14:02:14,492 DEBUG: a.k:-1 - Start extraction for file: /home/shen/tools/Xilinx/installer-2026.1/payload/data_2876_2026.1_0616_1700_encrypt.xz, to: /home/shen/tools/Xilinx/vitis-embedded-2026.1/2026.1
2026-10-01 14:02:14,493 DEBUG: a.k:-1 - Extracted file: /home/shen/tools/Xilinx/installer-2026.1/payload/data_2876_2026.1_0616_1700_encrypt.xz, to: /home/shen/tools/Xilinx/vitis-embedded-2026.1/2026.1, in 1 mili-sec
Memory usage -- Used memory: 47061 MB. Total memory: 47782 MB
Recent cpu usage for system: 25%
2026-10-01 14:02:14,493 DEBUG: a.l:-1 - number of files to extract:332835 number of files extracted: 19422
2026-10-01 14:02:14,493 DEBUG: a.k:-1 - Start extraction for file: /home/shen/tools/Xilinx/installer-2026.1/payload/data_2254_2026.1_0616_1700_encrypt.xz, to: /home/shen/tools/Xilinx/vitis-embedded-2026.1/2026.1
2026-10-01 14:02:14,495 DEBUG: a.k:-1 - Extracted file: /home/shen/tools/Xilinx/installer-2026.1/payload/data_2254_2026.1_0616_1700_encrypt.xz, to: /home/shen/tools/Xilinx/vitis-embedded-2026.1/2026.1, in 1 mili-sec
Memory usage -- Used memory: 47061 MB. Total memory: 47782 MB
Recent cpu usage for system: 25%
2026-10-01 14:02:14,495 DEBUG: a.l:-1 - number of files to extract:332835 number of files extracted: 19433
2026-10-01 14:02:14,495 DEBUG: a.k:-1 - Start extraction for file: /home/shen/tools/Xilinx/installer-2026.1/payload/data_2103_2026.1_0616_1700_encrypt.xz, to: /home/shen/tools/Xilinx/vitis-embedded-2026.1/2026.1
2026-10-01 14:02:14,497 DEBUG: a.k:-1 - Extracted file: /home/shen/tools/Xilinx/installer-2026.1/payload/data_2103_2026.1_0616_1700_encrypt.xz, to: /home/shen/tools/Xilinx/vitis-embedded-2026.1/2026.1, in 1 mili-sec
Memory usage -- Used memory: 47063 MB. Total memory: 47782 MB
Recent cpu usage for system: 25%
2026-10-01 14:02:14,497 DEBUG: a.l:-1 - number of files to extract:332835 number of files extracted: 19444
2026-10-01 14:02:14,497 DEBUG: a.k:-1 - Start extraction for file: /home/shen/tools/Xilinx/installer-2026.1/payload/data_2101_2026.1_0616_1700_encrypt.xz, to: /home/shen/tools/Xilinx/vitis-embedded-2026.1/2026.1
2026-10-01 14:02:14,502 DEBUG: a.k:-1 - Extracted file: /home/shen/tools/Xilinx/installer-2026.1/payload/data_2101_2026.1_0616_1700_encrypt.xz, to: /home/shen/tools/Xilinx/vitis-embedded-2026.1/2026.1, in 5 mili-sec
Memory usage -- Used memory: 47069 MB. Total memory: 47782 MB
Recent cpu usage for system: 30%
2026-10-01 14:02:14,503 DEBUG: a.l:-1 - number of files to extract:332835 number of files extracted: 19455
2026-10-01 14:02:14,503 DEBUG: a.k:-1 - Start extraction for file: /home/shen/tools/Xilinx/installer-2026.1/payload/data_2916_2026.1_0616_1700_encrypt.xz, to: /home/shen/tools/Xilinx/vitis-embedded-2026.1/2026.1
2026-10-01 14:02:14,506 DEBUG: a.k:-1 - Extracted file: /home/shen/tools/Xilinx/installer-2026.1/payload/data_2916_2026.1_0616_1700_encrypt.xz, to: /home/shen/tools/Xilinx/vitis-embedded-2026.1/2026.1, in 3 mili-sec
Memory usage -- Used memory: 47072 MB. Total memory: 47782 MB
Recent cpu usage for system: 22%
2026-10-01 14:02:14,506 DEBUG: a.l:-1 - number of files to extract:332835 number of files extracted: 19466
2026-10-01 14:02:14,507 DEBUG: a.k:-1 - Start extraction for file: /home/shen/tools/Xilinx/installer-2026.1/payload/data_3090_2026.1_0616_1700_encrypt.xz, to: /home/shen/tools/Xilinx/vitis-embedded-2026.1/2026.1
2026-10-01 14:02:14,508 DEBUG: a.k:-1 - Extracted file: /home/shen/tools/Xilinx/installer-2026.1/payload/data_3090_2026.1_0616_1700_encrypt.xz, to: /home/shen/tools/Xilinx/vitis-embedded-2026.1/2026.1, in 1 mili-sec
Memory usage -- Used memory: 47072 MB. Total memory: 47782 MB
Recent cpu usage for system: 25%
2026-10-01 14:02:14,508 DEBUG: a.l:-1 - number of files to extract:332835 number of files extracted: 19477
2026-10-01 14:02:14,509 DEBUG: a.k:-1 - Start extraction for file: /home/shen/tools/Xilinx/installer-2026.1/payload/data_2596_2026.1_0616_1700_encrypt.xz, to: /home/shen/tools/Xilinx/vitis-embedded-2026.1/2026.1
2026-10-01 14:02:14,513 DEBUG: a.k:-1 - Extracted file: /home/shen/tools/Xilinx/installer-2026.1/payload/data_2596_2026.1_0616_1700_encrypt.xz, to: /home/shen/tools/Xilinx/vitis-embedded-2026.1/2026.1, in 4 mili-sec
Memory usage -- Used memory: 47075 MB. Total memory: 47782 MB
Recent cpu usage for system: 38%
2026-10-01 14:02:14,513 DEBUG: a.l:-1 - number of files to extract:332835 number of files extracted: 19488
2026-10-01 14:02:14,514 DEBUG: a.k:-1 - Start extraction for file: /home/shen/tools/Xilinx/installer-2026.1/payload/data_1684_2026.1_0616_1700_encrypt.xz, to: /home/shen/tools/Xilinx/vitis-embedded-2026.1/2026.1
2026-10-01 14:02:14,515 DEBUG: a.k:-1 - Extracted file: /home/shen/tools/Xilinx/installer-2026.1/payload/data_1684_2026.1_0616_1700_encrypt.xz, to: /home/shen/tools/Xilinx/vitis-embedded-2026.1/2026.1, in 1 mili-sec
Memory usage -- Used memory: 47078 MB. Total memory: 47782 MB
Recent cpu usage for system: 25%
2026-10-01 14:02:14,515 DEBUG: a.l:-1 - number of files to extract:332835 number of files extracted: 19499
2026-10-01 14:02:14,516 DEBUG: a.k:-1 - Start extraction for file: /home/shen/tools/Xilinx/installer-2026.1/payload/data_0867_2026.1_0616_1700_encrypt.xz, to: /home/shen/tools/Xilinx/vitis-embedded-2026.1/2026.1
2026-10-01 14:02:14,517 DEBUG: a.k:-1 - Extracted file: /home/shen/tools/Xilinx/installer-2026.1/payload/data_0867_2026.1_0616_1700_encrypt.xz, to: /home/shen/tools/Xilinx/vitis-embedded-2026.1/2026.1, in 1 mili-sec
Memory usage -- Used memory: 47078 MB. Total memory: 47782 MB
Recent cpu usage for system: 33%
2026-10-01 14:02:14,517 DEBUG: a.l:-1 - number of files to extract:332835 number of files extracted: 19510
2026-10-01 14:02:14,517 DEBUG: a.k:-1 - Start extraction for file: /home/shen/tools/Xilinx/installer-2026.1/payload/data_1453_2026.1_0616_1700_encrypt.xz, to: /home/shen/tools/Xilinx/vitis-embedded-2026.1/2026.1
2026-10-01 14:02:14,519 DEBUG: a.k:-1 - Extracted file: /home/shen/tools/Xilinx/installer-2026.1/payload/data_1453_2026.1_0616_1700_encrypt.xz, to: /home/shen/tools/Xilinx/vitis-embedded-2026.1/2026.1, in 2 mili-sec
Memory usage -- Used memory: 47079 MB. Total memory: 47782 MB
Recent cpu usage for system: 25%
2026-10-01 14:02:14,519 DEBUG: a.l:-1 - number of files to extract:332835 number of files extracted: 19521
2026-10-01 14:02:14,519 DEBUG: a.k:-1 - Start extraction for file: /home/shen/tools/Xilinx/installer-2026.1/payload/data_2038_2026.1_0616_1700_encrypt.xz, to: /home/shen/tools/Xilinx/vitis-embedded-2026.1/2026.1
2026-10-01 14:02:14,521 DEBUG: a.k:-1 - Extracted file: /home/shen/tools/Xilinx/installer-2026.1/payload/data_2038_2026.1_0616_1700_encrypt.xz, to: /home/shen/tools/Xilinx/vitis-embedded-2026.1/2026.1, in 2 mili-sec
Memory usage -- Used memory: 47081 MB. Total memory: 47782 MB
Recent cpu usage for system: 42%
2026-10-01 14:02:14,522 DEBUG: a.l:-1 - number of files to extract:332835 number of files extracted: 19532
2026-10-01 14:02:14,522 DEBUG: a.k:-1 - Start extraction for file: /home/shen/tools/Xilinx/installer-2026.1/payload/data_0484_2026.1_0616_1700_encrypt.xz, to: /home/shen/tools/Xilinx/vitis-embedded-2026.1/2026.1
2026-10-01 14:02:14,524 DEBUG: a.k:-1 - Extracted file: /home/shen/tools/Xilinx/installer-2026.1/payload/data_0484_2026.1_0616_1700_encrypt.xz, to: /home/shen/tools/Xilinx/vitis-embedded-2026.1/2026.1, in 1 mili-sec
Memory usage -- Used memory: 47083 MB. Total memory: 47782 MB
Recent cpu usage for system: 20%
2026-10-01 14:02:14,524 DEBUG: a.l:-1 - number of files to extract:332835 number of files extracted: 19543
2026-10-01 14:02:14,524 DEBUG: a.k:-1 - Start extraction for file: /home/shen/tools/Xilinx/installer-2026.1/payload/vitis_0104_2026.1_0616_1700_strip.xz, to: /home/shen/tools/Xilinx/vitis-embedded-2026.1/2026.1/Vitis
2026-10-01 14:02:14,574 DEBUG: a.k:-1 - Extracted file: /home/shen/tools/Xilinx/installer-2026.1/payload/data_0001_2026.1_0616_1700.xz, to: /home/shen/tools/Xilinx/vitis-embedded-2026.1/2026.1, in 1799 mili-sec
Memory usage -- Used memory: 47098 MB. Total memory: 47782 MB
Recent cpu usage for system: 28%
2026-10-01 14:02:14,574 DEBUG: a.l:-1 - number of files to extract:332835 number of files extracted: 31998
2026-10-01 14:02:14,575 DEBUG: a.k:-1 - Start extraction for file: /home/shen/tools/Xilinx/installer-2026.1/payload/data_2910_2026.1_0616_1700_encrypt.xz, to: /home/shen/tools/Xilinx/vitis-embedded-2026.1/2026.1
2026-10-01 14:02:14,577 DEBUG: a.k:-1 - Extracted file: /home/shen/tools/Xilinx/installer-2026.1/payload/data_2910_2026.1_0616_1700_encrypt.xz, to: /home/shen/tools/Xilinx/vitis-embedded-2026.1/2026.1, in 2 mili-sec
Memory usage -- Used memory: 47098 MB. Total memory: 47782 MB
Recent cpu usage for system: 33%
2026-10-01 14:02:14,577 DEBUG: a.l:-1 - number of files to extract:332835 number of files extracted: 32009
2026-10-01 14:02:14,577 DEBUG: a.k:-1 - Start extraction for file: /home/shen/tools/Xilinx/installer-2026.1/payload/data_0581_2026.1_0616_1700_encrypt.xz, to: /home/shen/tools/Xilinx/vitis-embedded-2026.1/2026.1
2026-10-01 14:02:14,578 DEBUG: a.k:-1 - Extracted file: /home/shen/tools/Xilinx/installer-2026.1/payload/data_0581_2026.1_0616_1700_encrypt.xz, to: /home/shen/tools/Xilinx/vitis-embedded-2026.1/2026.1, in 1 mili-sec
Memory usage -- Used memory: 47098 MB. Total memory: 47782 MB
Recent cpu usage for system: 50%
2026-10-01 14:02:14,578 DEBUG: a.l:-1 - number of files to extract:332835 number of files extracted: 32020
2026-10-01 14:02:14,578 DEBUG: a.k:-1 - Start extraction for file: /home/shen/tools/Xilinx/installer-2026.1/payload/data_2363_2026.1_0616_1700_encrypt.xz, to: /home/shen/tools/Xilinx/vitis-embedded-2026.1/2026.1
2026-10-01 14:02:14,580 DEBUG: a.k:-1 - Extracted file: /home/shen/tools/Xilinx/installer-2026.1/payload/data_2363_2026.1_0616_1700_encrypt.xz, to: /home/shen/tools/Xilinx/vitis-embedded-2026.1/2026.1, in 2 mili-sec
Memory usage -- Used memory: 47098 MB. Total memory: 47782 MB
Recent cpu usage for system: 25%
2026-10-01 14:02:14,580 DEBUG: a.l:-1 - number of files to extract:332835 number of files extracted: 32031
2026-10-01 14:02:14,580 DEBUG: a.k:-1 - Start extraction for file: /home/shen/tools/Xilinx/installer-2026.1/payload/data_1979_2026.1_0616_1700_encrypt.xz, to: /home/shen/tools/Xilinx/vitis-embedded-2026.1/2026.1
2026-10-01 14:02:14,581 DEBUG: a.k:-1 - Extracted file: /home/shen/tools/Xilinx/installer-2026.1/payload/data_1979_2026.1_0616_1700_encrypt.xz, to: /home/shen/tools/Xilinx/vitis-embedded-2026.1/2026.1, in 1 mili-sec
Memory usage -- Used memory: 47099 MB. Total memory: 47782 MB
Recent cpu usage for system: 0%
2026-10-01 14:02:14,581 DEBUG: a.l:-1 - number of files to extract:332835 number of files extracted: 32042
2026-10-01 14:02:14,581 DEBUG: a.k:-1 - Start extraction for file: /home/shen/tools/Xilinx/installer-2026.1/payload/vitis_0084_2026.1_0616_1700_encrypt.xz, to: /home/shen/tools/Xilinx/vitis-embedded-2026.1/2026.1
2026-10-01 14:02:14,582 DEBUG: a.k:-1 - Extracted file: /home/shen/tools/Xilinx/installer-2026.1/payload/vitis_0084_2026.1_0616_1700_encrypt.xz, to: /home/shen/tools/Xilinx/vitis-embedded-2026.1/2026.1, in 1 mili-sec
Memory usage -- Used memory: 47099 MB. Total memory: 47782 MB
Recent cpu usage for system: 0%
2026-10-01 14:02:14,582 DEBUG: a.l:-1 - number of files to extract:332835 number of files extracted: 32043
2026-10-01 14:02:14,582 DEBUG: a.k:-1 - Start extraction for file: /home/shen/tools/Xilinx/installer-2026.1/payload/data_1082_2026.1_0616_1700_encrypt.xz, to: /home/shen/tools/Xilinx/vitis-embedded-2026.1/2026.1
2026-10-01 14:02:14,585 DEBUG: a.k:-1 - Extracted file: /home/shen/tools/Xilinx/installer-2026.1/payload/data_1082_2026.1_0616_1700_encrypt.xz, to: /home/shen/tools/Xilinx/vitis-embedded-2026.1/2026.1, in 2 mili-sec
Memory usage -- Used memory: 47100 MB. Total memory: 47782 MB
Recent cpu usage for system: 33%
2026-10-01 14:02:14,585 DEBUG: a.l:-1 - number of files to extract:332835 number of files extracted: 32054
2026-10-01 14:02:14,585 DEBUG: a.k:-1 - Start extraction for file: /home/shen/tools/Xilinx/installer-2026.1/payload/data_1326_2026.1_0616_1700_encrypt.xz, to: /home/shen/tools/Xilinx/vitis-embedded-2026.1/2026.1
2026-10-01 14:02:14,585 DEBUG: a.k:-1 - Extracted file: /home/shen/tools/Xilinx/installer-2026.1/payload/data_1326_2026.1_0616_1700_encrypt.xz, to: /home/shen/tools/Xilinx/vitis-embedded-2026.1/2026.1, in 0 mili-sec
Memory usage -- Used memory: 47100 MB. Total memory: 47782 MB
Recent cpu usage for system: 33%
2026-10-01 14:02:14,586 DEBUG: a.l:-1 - number of files to extract:332835 number of files extracted: 32065
2026-10-01 14:02:14,586 DEBUG: a.k:-1 - Start extraction for file: /home/shen/tools/Xilinx/installer-2026.1/payload/vitis_0003_2026.1_0616_1700.xz, to: /home/shen/tools/Xilinx/vitis-embedded-2026.1/2026.1/Vitis
2026-10-01 14:02:14,729 DEBUG: a.k:-1 - Extracted file: /home/shen/tools/Xilinx/installer-2026.1/payload/vitis_0104_2026.1_0616_1700_strip.xz, to: /home/shen/tools/Xilinx/vitis-embedded-2026.1/2026.1/Vitis, in 205 mili-sec
Memory usage -- Used memory: 47211 MB. Total memory: 47782 MB
Recent cpu usage for system: 32%
2026-10-01 14:02:14,730 DEBUG: a.l:-1 - number of files to extract:332835 number of files extracted: 32076
2026-10-01 14:02:14,730 DEBUG: a.k:-1 - Start extraction for file: /home/shen/tools/Xilinx/installer-2026.1/payload/sdk_gnu_0062_2026.1_0616_1700.xz, to: /home/shen/tools/Xilinx/vitis-embedded-2026.1/2026.1
2026-10-01 14:02:15,231 DEBUG: a.k:-1 - Extracted file: /home/shen/tools/Xilinx/installer-2026.1/payload/vitis_0148_2026.1_0616_1700.xz, to: /home/shen/tools/Xilinx/vitis-embedded-2026.1/2026.1/Vitis, in 5223 mili-sec
Memory usage -- Used memory: 47033 MB. Total memory: 47782 MB
Recent cpu usage for system: 32%
2026-10-01 14:02:15,232 DEBUG: a.l:-1 - number of files to extract:332835 number of files extracted: 37664
2026-10-01 14:02:15,232 DEBUG: a.k:-1 - Start extraction for file: /home/shen/tools/Xilinx/installer-2026.1/payload/data_2336_2026.1_0616_1700_encrypt.xz, to: /home/shen/tools/Xilinx/vitis-embedded-2026.1/2026.1
2026-10-01 14:02:15,234 DEBUG: a.k:-1 - Extracted file: /home/shen/tools/Xilinx/installer-2026.1/payload/data_2336_2026.1_0616_1700_encrypt.xz, to: /home/shen/tools/Xilinx/vitis-embedded-2026.1/2026.1, in 1 mili-sec
Memory usage -- Used memory: 47035 MB. Total memory: 47782 MB
Recent cpu usage for system: 40%
2026-10-01 14:02:15,234 DEBUG: a.l:-1 - number of files to extract:332835 number of files extracted: 37675
2026-10-01 14:02:15,234 DEBUG: a.k:-1 - Start extraction for file: /home/shen/tools/Xilinx/installer-2026.1/payload/vitis_0032_2026.1_0616_1700.xz, to: /home/shen/tools/Xilinx/vitis-embedded-2026.1/2026.1
2026-10-01 14:02:16,043 DEBUG: a.k:-1 - Extracted file: /home/shen/tools/Xilinx/installer-2026.1/payload/sdk_gnu_0046_2026.1_0616_1700.xz, to: /home/shen/tools/Xilinx/vitis-embedded-2026.1/2026.1, in 2053 mili-sec
Memory usage -- Used memory: 46826 MB. Total memory: 47782 MB
Recent cpu usage for system: 32%
2026-10-01 14:02:16,043 DEBUG: a.l:-1 - number of files to extract:332835 number of files extracted: 39752
2026-10-01 14:02:16,043 DEBUG: a.k:-1 - Start extraction for file: /home/shen/tools/Xilinx/installer-2026.1/payload/data_1356_2026.1_0616_1700_encrypt.xz, to: /home/shen/tools/Xilinx/vitis-embedded-2026.1/2026.1
2026-10-01 14:02:16,045 DEBUG: a.k:-1 - Extracted file: /home/shen/tools/Xilinx/installer-2026.1/payload/data_1356_2026.1_0616_1700_encrypt.xz, to: /home/shen/tools/Xilinx/vitis-embedded-2026.1/2026.1, in 1 mili-sec
Memory usage -- Used memory: 46826 MB. Total memory: 47782 MB
Recent cpu usage for system: 25%
2026-10-01 14:02:16,045 DEBUG: a.l:-1 - number of files to extract:332835 number of files extracted: 39763
2026-10-01 14:02:16,045 DEBUG: a.k:-1 - Start extraction for file: /home/shen/tools/Xilinx/installer-2026.1/payload/sdk_gnu_0048_2026.1_0616_1700.xz, to: /home/shen/tools/Xilinx/vitis-embedded-2026.1/2026.1
2026-10-01 14:02:17,879 DEBUG: a.k:-1 - Extracted file: /home/shen/tools/Xilinx/installer-2026.1/payload/vitis_0003_2026.1_0616_1700.xz, to: /home/shen/tools/Xilinx/vitis-embedded-2026.1/2026.1/Vitis, in 3292 mili-sec
Memory usage -- Used memory: 47416 MB. Total memory: 47782 MB
Recent cpu usage for system: 32%
2026-10-01 14:02:17,879 DEBUG: a.l:-1 - number of files to extract:332835 number of files extracted: 48057
2026-10-01 14:02:17,879 DEBUG: a.k:-1 - Start extraction for file: /home/shen/tools/Xilinx/installer-2026.1/payload/data_2439_2026.1_0616_1700_encrypt.xz, to: /home/shen/tools/Xilinx/vitis-embedded-2026.1/2026.1
2026-10-01 14:02:17,880 DEBUG: a.k:-1 - Extracted file: /home/shen/tools/Xilinx/installer-2026.1/payload/data_2439_2026.1_0616_1700_encrypt.xz, to: /home/shen/tools/Xilinx/vitis-embedded-2026.1/2026.1, in 1 mili-sec
Memory usage -- Used memory: 47416 MB. Total memory: 47782 MB
Recent cpu usage for system: 66%
2026-10-01 14:02:17,880 DEBUG: a.l:-1 - number of files to extract:332835 number of files extracted: 48068
2026-10-01 14:02:17,880 DEBUG: a.k:-1 - Start extraction for file: /home/shen/tools/Xilinx/installer-2026.1/payload/data_1668_2026.1_0616_1700_encrypt.xz, to: /home/shen/tools/Xilinx/vitis-embedded-2026.1/2026.1
2026-10-01 14:02:17,881 DEBUG: a.k:-1 - Extracted file: /home/shen/tools/Xilinx/installer-2026.1/payload/data_1668_2026.1_0616_1700_encrypt.xz, to: /home/shen/tools/Xilinx/vitis-embedded-2026.1/2026.1, in 1 mili-sec
Memory usage -- Used memory: 47416 MB. Total memory: 47782 MB
Recent cpu usage for system: 0%
2026-10-01 14:02:17,881 DEBUG: a.l:-1 - number of files to extract:332835 number of files extracted: 48079
2026-10-01 14:02:17,882 DEBUG: a.k:-1 - Start extraction for file: /home/shen/tools/Xilinx/installer-2026.1/payload/data_2373_2026.1_0616_1700_encrypt.xz, to: /home/shen/tools/Xilinx/vitis-embedded-2026.1/2026.1
2026-10-01 14:02:17,883 DEBUG: a.k:-1 - Extracted file: /home/shen/tools/Xilinx/installer-2026.1/payload/data_2373_2026.1_0616_1700_encrypt.xz, to: /home/shen/tools/Xilinx/vitis-embedded-2026.1/2026.1, in 0 mili-sec
Memory usage -- Used memory: 47416 MB. Total memory: 47782 MB
Recent cpu usage for system: 33%
2026-10-01 14:02:17,883 DEBUG: a.l:-1 - number of files to extract:332835 number of files extracted: 48090
2026-10-01 14:02:17,883 DEBUG: a.k:-1 - Start extraction for file: /home/shen/tools/Xilinx/installer-2026.1/payload/data_3177_2026.1_0616_1700_encrypt.xz, to: /home/shen/tools/Xilinx/vitis-embedded-2026.1/2026.1
2026-10-01 14:02:17,884 DEBUG: a.k:-1 - Extracted file: /home/shen/tools/Xilinx/installer-2026.1/payload/data_3177_2026.1_0616_1700_encrypt.xz, to: /home/shen/tools/Xilinx/vitis-embedded-2026.1/2026.1, in 1 mili-sec
Memory usage -- Used memory: 47416 MB. Total memory: 47782 MB
Recent cpu usage for system: 40%
2026-10-01 14:02:17,884 DEBUG: a.l:-1 - number of files to extract:332835 number of files extracted: 48101
2026-10-01 14:02:17,885 DEBUG: a.k:-1 - Start extraction for file: /home/shen/tools/Xilinx/installer-2026.1/payload/data_0433_2026.1_0616_1700_encrypt.xz, to: /home/shen/tools/Xilinx/vitis-embedded-2026.1/2026.1
2026-10-01 14:02:17,886 DEBUG: a.k:-1 - Extracted file: /home/shen/tools/Xilinx/installer-2026.1/payload/data_0433_2026.1_0616_1700_encrypt.xz, to: /home/shen/tools/Xilinx/vitis-embedded-2026.1/2026.1, in 0 mili-sec
Memory usage -- Used memory: 47416 MB. Total memory: 47782 MB
Recent cpu usage for system: 0%
2026-10-01 14:02:17,886 DEBUG: a.l:-1 - number of files to extract:332835 number of files extracted: 48112
2026-10-01 14:02:17,886 DEBUG: a.k:-1 - Start extraction for file: /home/shen/tools/Xilinx/installer-2026.1/payload/data_2692_2026.1_0616_1700_encrypt.xz, to: /home/shen/tools/Xilinx/vitis-embedded-2026.1/2026.1
2026-10-01 14:02:17,886 DEBUG: a.k:-1 - Extracted file: /home/shen/tools/Xilinx/installer-2026.1/payload/data_2692_2026.1_0616_1700_encrypt.xz, to: /home/shen/tools/Xilinx/vitis-embedded-2026.1/2026.1, in 0 mili-sec
Memory usage -- Used memory: 47416 MB. Total memory: 47782 MB
Recent cpu usage for system: 50%
2026-10-01 14:02:17,887 DEBUG: a.l:-1 - number of files to extract:332835 number of files extracted: 48123
2026-10-01 14:02:17,887 DEBUG: a.k:-1 - Start extraction for file: /home/shen/tools/Xilinx/installer-2026.1/payload/data_2218_2026.1_0616_1700_encrypt.xz, to: /home/shen/tools/Xilinx/vitis-embedded-2026.1/2026.1
2026-10-01 14:02:17,887 DEBUG: a.k:-1 - Extracted file: /home/shen/tools/Xilinx/installer-2026.1/payload/data_2218_2026.1_0616_1700_encrypt.xz, to: /home/shen/tools/Xilinx/vitis-embedded-2026.1/2026.1, in 0 mili-sec
Memory usage -- Used memory: 47416 MB. Total memory: 47782 MB
Recent cpu usage for system: 33%
2026-10-01 14:02:17,888 DEBUG: a.l:-1 - number of files to extract:332835 number of files extracted: 48134
2026-10-01 14:02:17,888 DEBUG: a.k:-1 - Start extraction for file: /home/shen/tools/Xilinx/installer-2026.1/payload/data_0223_2026.1_0616_1700_encrypt.xz, to: /home/shen/tools/Xilinx/vitis-embedded-2026.1/2026.1
2026-10-01 14:02:17,888 DEBUG: a.k:-1 - Extracted file: /home/shen/tools/Xilinx/installer-2026.1/payload/data_0223_2026.1_0616_1700_encrypt.xz, to: /home/shen/tools/Xilinx/vitis-embedded-2026.1/2026.1, in 0 mili-sec
Memory usage -- Used memory: 47416 MB. Total memory: 47782 MB
Recent cpu usage for system: 50%
2026-10-01 14:02:17,888 DEBUG: a.l:-1 - number of files to extract:332835 number of files extracted: 48145
2026-10-01 14:02:17,889 DEBUG: a.k:-1 - Start extraction for file: /home/shen/tools/Xilinx/installer-2026.1/payload/data_1825_2026.1_0616_1700_encrypt.xz, to: /home/shen/tools/Xilinx/vitis-embedded-2026.1/2026.1
2026-10-01 14:02:17,889 DEBUG: a.k:-1 - Extracted file: /home/shen/tools/Xilinx/installer-2026.1/payload/data_1825_2026.1_0616_1700_encrypt.xz, to: /home/shen/tools/Xilinx/vitis-embedded-2026.1/2026.1, in 0 mili-sec
Memory usage -- Used memory: 47416 MB. Total memory: 47782 MB
Recent cpu usage for system: 0%
2026-10-01 14:02:17,889 DEBUG: a.l:-1 - number of files to extract:332835 number of files extracted: 48156
2026-10-01 14:02:17,889 DEBUG: a.k:-1 - Start extraction for file: /home/shen/tools/Xilinx/installer-2026.1/payload/data_2817_2026.1_0616_1700_encrypt.xz, to: /home/shen/tools/Xilinx/vitis-embedded-2026.1/2026.1
2026-10-01 14:02:17,890 DEBUG: a.k:-1 - Extracted file: /home/shen/tools/Xilinx/installer-2026.1/payload/data_2817_2026.1_0616_1700_encrypt.xz, to: /home/shen/tools/Xilinx/vitis-embedded-2026.1/2026.1, in 1 mili-sec
Memory usage -- Used memory: 47417 MB. Total memory: 47782 MB
Recent cpu usage for system: 0%
2026-10-01 14:02:17,890 DEBUG: a.l:-1 - number of files to extract:332835 number of files extracted: 48167
2026-10-01 14:02:17,890 DEBUG: a.k:-1 - Start extraction for file: /home/shen/tools/Xilinx/installer-2026.1/payload/data_3050_2026.1_0616_1700_encrypt.xz, to: /home/shen/tools/Xilinx/vitis-embedded-2026.1/2026.1
2026-10-01 14:02:17,891 DEBUG: a.k:-1 - Extracted file: /home/shen/tools/Xilinx/installer-2026.1/payload/data_3050_2026.1_0616_1700_encrypt.xz, to: /home/shen/tools/Xilinx/vitis-embedded-2026.1/2026.1, in 1 mili-sec
Memory usage -- Used memory: 47417 MB. Total memory: 47782 MB
Recent cpu usage for system: 0%
2026-10-01 14:02:17,891 DEBUG: a.l:-1 - number of files to extract:332835 number of files extracted: 48178
2026-10-01 14:02:17,891 DEBUG: a.k:-1 - Start extraction for file: /home/shen/tools/Xilinx/installer-2026.1/payload/sdk_gnu_0028_2026.1_0616_1700.xz, to: /home/shen/tools/Xilinx/vitis-embedded-2026.1/2026.1
2026-10-01 14:02:18,041 DEBUG: a.k:-1 - Extracted file: /home/shen/tools/Xilinx/installer-2026.1/payload/sdk_gnu_0062_2026.1_0616_1700.xz, to: /home/shen/tools/Xilinx/vitis-embedded-2026.1/2026.1, in 3310 mili-sec
Memory usage -- Used memory: 47347 MB. Total memory: 47782 MB
Recent cpu usage for system: 32%
2026-10-01 14:02:18,041 DEBUG: a.l:-1 - number of files to extract:332835 number of files extracted: 51888
2026-10-01 14:02:18,041 DEBUG: a.k:-1 - Start extraction for file: /home/shen/tools/Xilinx/installer-2026.1/payload/installer_0003_2026.1_0616_1700.xz, to: /home/shen/tools/Xilinx/vitis-embedded-2026.1/.xinstall/2026.1
2026-10-01 14:02:18,353 DEBUG: a.k:-1 - Extracted file: /home/shen/tools/Xilinx/installer-2026.1/payload/sdk_gnu_0048_2026.1_0616_1700.xz, to: /home/shen/tools/Xilinx/vitis-embedded-2026.1/2026.1, in 2308 mili-sec
Memory usage -- Used memory: 47465 MB. Total memory: 47782 MB
Recent cpu usage for system: 32%
2026-10-01 14:02:18,354 DEBUG: a.l:-1 - number of files to extract:332835 number of files extracted: 53948
2026-10-01 14:02:18,354 DEBUG: a.k:-1 - Start extraction for file: /home/shen/tools/Xilinx/installer-2026.1/payload/data_1377_2026.1_0616_1700_encrypt.xz, to: /home/shen/tools/Xilinx/vitis-embedded-2026.1/2026.1
2026-10-01 14:02:18,355 DEBUG: a.k:-1 - Extracted file: /home/shen/tools/Xilinx/installer-2026.1/payload/data_1377_2026.1_0616_1700_encrypt.xz, to: /home/shen/tools/Xilinx/vitis-embedded-2026.1/2026.1, in 1 mili-sec
Memory usage -- Used memory: 47465 MB. Total memory: 47782 MB
Recent cpu usage for system: 33%
2026-10-01 14:02:18,355 DEBUG: a.l:-1 - number of files to extract:332835 number of files extracted: 53959
2026-10-01 14:02:18,355 DEBUG: a.k:-1 - Start extraction for file: /home/shen/tools/Xilinx/installer-2026.1/payload/data_2008_2026.1_0616_1700_encrypt.xz, to: /home/shen/tools/Xilinx/vitis-embedded-2026.1/2026.1
2026-10-01 14:02:18,356 DEBUG: a.k:-1 - Extracted file: /home/shen/tools/Xilinx/installer-2026.1/payload/data_2008_2026.1_0616_1700_encrypt.xz, to: /home/shen/tools/Xilinx/vitis-embedded-2026.1/2026.1, in 1 mili-sec
Memory usage -- Used memory: 47465 MB. Total memory: 47782 MB
Recent cpu usage for system: 33%
2026-10-01 14:02:18,356 DEBUG: a.l:-1 - number of files to extract:332835 number of files extracted: 53970
2026-10-01 14:02:18,356 DEBUG: a.k:-1 - Start extraction for file: /home/shen/tools/Xilinx/installer-2026.1/payload/data_0148_2026.1_0616_1700_encrypt.xz, to: /home/shen/tools/Xilinx/vitis-embedded-2026.1/2026.1
2026-10-01 14:02:18,359 DEBUG: a.k:-1 - Extracted file: /home/shen/tools/Xilinx/installer-2026.1/payload/data_0148_2026.1_0616_1700_encrypt.xz, to: /home/shen/tools/Xilinx/vitis-embedded-2026.1/2026.1, in 3 mili-sec
Memory usage -- Used memory: 47467 MB. Total memory: 47782 MB
Recent cpu usage for system: 25%
2026-10-01 14:02:18,360 DEBUG: a.l:-1 - number of files to extract:332835 number of files extracted: 53981
2026-10-01 14:02:18,360 DEBUG: a.k:-1 - Start extraction for file: /home/shen/tools/Xilinx/installer-2026.1/payload/data_0877_2026.1_0616_1700_encrypt.xz, to: /home/shen/tools/Xilinx/vitis-embedded-2026.1/2026.1
2026-10-01 14:02:18,361 DEBUG: a.k:-1 - Extracted file: /home/shen/tools/Xilinx/installer-2026.1/payload/data_0877_2026.1_0616_1700_encrypt.xz, to: /home/shen/tools/Xilinx/vitis-embedded-2026.1/2026.1, in 1 mili-sec
Memory usage -- Used memory: 47474 MB. Total memory: 47782 MB
Recent cpu usage for system: 33%
2026-10-01 14:02:18,361 DEBUG: a.l:-1 - number of files to extract:332835 number of files extracted: 53992
2026-10-01 14:02:18,361 DEBUG: a.k:-1 - Start extraction for file: /home/shen/tools/Xilinx/installer-2026.1/payload/data_3036_2026.1_0616_1700_encrypt.xz, to: /home/shen/tools/Xilinx/vitis-embedded-2026.1/2026.1
2026-10-01 14:02:18,362 DEBUG: a.k:-1 - Extracted file: /home/shen/tools/Xilinx/installer-2026.1/payload/data_3036_2026.1_0616_1700_encrypt.xz, to: /home/shen/tools/Xilinx/vitis-embedded-2026.1/2026.1, in 1 mili-sec
Memory usage -- Used memory: 47450 MB. Total memory: 47782 MB
Recent cpu usage for system: 50%
2026-10-01 14:02:18,362 DEBUG: a.l:-1 - number of files to extract:332835 number of files extracted: 54003
2026-10-01 14:02:18,362 DEBUG: a.k:-1 - Start extraction for file: /home/shen/tools/Xilinx/installer-2026.1/payload/data_1259_2026.1_0616_1700_encrypt.xz, to: /home/shen/tools/Xilinx/vitis-embedded-2026.1/2026.1
2026-10-01 14:02:18,363 DEBUG: a.k:-1 - Extracted file: /home/shen/tools/Xilinx/installer-2026.1/payload/data_1259_2026.1_0616_1700_encrypt.xz, to: /home/shen/tools/Xilinx/vitis-embedded-2026.1/2026.1, in 1 mili-sec
Memory usage -- Used memory: 47428 MB. Total memory: 47782 MB
Recent cpu usage for system: 0%
2026-10-01 14:02:18,363 DEBUG: a.l:-1 - number of files to extract:332835 number of files extracted: 54014
2026-10-01 14:02:18,363 DEBUG: a.k:-1 - Start extraction for file: /home/shen/tools/Xilinx/installer-2026.1/payload/vitis_0078_2026.1_0616_1700.xz, to: /home/shen/tools/Xilinx/vitis-embedded-2026.1/2026.1/Vitis
2026-10-01 14:02:18,364 DEBUG: a.k:-1 - Extracted file: /home/shen/tools/Xilinx/installer-2026.1/payload/vitis_0078_2026.1_0616_1700.xz, to: /home/shen/tools/Xilinx/vitis-embedded-2026.1/2026.1/Vitis, in 1 mili-sec
Memory usage -- Used memory: 47413 MB. Total memory: 47782 MB
Recent cpu usage for system: 0%
2026-10-01 14:02:18,364 DEBUG: a.l:-1 - number of files to extract:332835 number of files extracted: 54015
2026-10-01 14:02:18,364 DEBUG: a.k:-1 - Start extraction for file: /home/shen/tools/Xilinx/installer-2026.1/payload/vitis_0045_2026.1_0616_1700_strip.xz, to: /home/shen/tools/Xilinx/vitis-embedded-2026.1/2026.1/Vitis
2026-10-01 14:02:18,426 DEBUG: a.k:-1 - Extracted file: /home/shen/tools/Xilinx/installer-2026.1/payload/data_0495_2026.1_0616_1700.xz, to: /home/shen/tools/Xilinx/vitis-embedded-2026.1/2026.1, in 6322 mili-sec
Memory usage -- Used memory: 47354 MB. Total memory: 47782 MB
Recent cpu usage for system: 32%
2026-10-01 14:02:18,426 DEBUG: a.l:-1 - number of files to extract:332835 number of files extracted: 54051
2026-10-01 14:02:18,427 DEBUG: a.k:-1 - Start extraction for file: /home/shen/tools/Xilinx/installer-2026.1/payload/data_3015_2026.1_0616_1700_encrypt.xz, to: /home/shen/tools/Xilinx/vitis-embedded-2026.1/2026.1
2026-10-01 14:02:18,428 DEBUG: a.k:-1 - Extracted file: /home/shen/tools/Xilinx/installer-2026.1/payload/data_3015_2026.1_0616_1700_encrypt.xz, to: /home/shen/tools/Xilinx/vitis-embedded-2026.1/2026.1, in 1 mili-sec
Memory usage -- Used memory: 47355 MB. Total memory: 47782 MB
Recent cpu usage for system: 0%
2026-10-01 14:02:18,428 DEBUG: a.k:-1 - Extracted file: /home/shen/tools/Xilinx/installer-2026.1/payload/vitis_0045_2026.1_0616_1700_strip.xz, to: /home/shen/tools/Xilinx/vitis-embedded-2026.1/2026.1/Vitis, in 64 mili-sec
Memory usage -- Used memory: 47355 MB. Total memory: 47782 MB
Recent cpu usage for system: 25%
2026-10-01 14:02:18,429 DEBUG: a.l:-1 - number of files to extract:332835 number of files extracted: 54062
2026-10-01 14:02:18,429 DEBUG: a.l:-1 - number of files to extract:332835 number of files extracted: 54073
2026-10-01 14:02:18,429 DEBUG: a.k:-1 - Start extraction for file: /home/shen/tools/Xilinx/installer-2026.1/payload/data_1591_2026.1_0616_1700_encrypt.xz, to: /home/shen/tools/Xilinx/vitis-embedded-2026.1/2026.1
2026-10-01 14:02:18,429 DEBUG: a.k:-1 - Start extraction for file: /home/shen/tools/Xilinx/installer-2026.1/payload/data_1681_2026.1_0616_1700_encrypt.xz, to: /home/shen/tools/Xilinx/vitis-embedded-2026.1/2026.1
2026-10-01 14:02:18,430 DEBUG: a.k:-1 - Extracted file: /home/shen/tools/Xilinx/installer-2026.1/payload/data_1591_2026.1_0616_1700_encrypt.xz, to: /home/shen/tools/Xilinx/vitis-embedded-2026.1/2026.1, in 1 mili-sec
Memory usage -- Used memory: 47355 MB. Total memory: 47782 MB
Recent cpu usage for system: 33%
2026-10-01 14:02:18,430 DEBUG: a.l:-1 - number of files to extract:332835 number of files extracted: 54084
2026-10-01 14:02:18,430 DEBUG: a.k:-1 - Start extraction for file: /home/shen/tools/Xilinx/installer-2026.1/payload/vitis_0038_2026.1_0616_1700_encrypt.xz, to: /home/shen/tools/Xilinx/vitis-embedded-2026.1/2026.1/Vitis
2026-10-01 14:02:18,432 DEBUG: a.k:-1 - Extracted file: /home/shen/tools/Xilinx/installer-2026.1/payload/data_1681_2026.1_0616_1700_encrypt.xz, to: /home/shen/tools/Xilinx/vitis-embedded-2026.1/2026.1, in 3 mili-sec
Memory usage -- Used memory: 47357 MB. Total memory: 47782 MB
Recent cpu usage for system: 40%
2026-10-01 14:02:18,432 DEBUG: a.l:-1 - number of files to extract:332835 number of files extracted: 54095
2026-10-01 14:02:18,432 DEBUG: a.k:-1 - Start extraction for file: /home/shen/tools/Xilinx/installer-2026.1/payload/data_1831_2026.1_0616_1700_encrypt.xz, to: /home/shen/tools/Xilinx/vitis-embedded-2026.1/2026.1
2026-10-01 14:02:18,434 DEBUG: a.k:-1 - Extracted file: /home/shen/tools/Xilinx/installer-2026.1/payload/data_1831_2026.1_0616_1700_encrypt.xz, to: /home/shen/tools/Xilinx/vitis-embedded-2026.1/2026.1, in 2 mili-sec
Memory usage -- Used memory: 47357 MB. Total memory: 47782 MB
Recent cpu usage for system: 33%
2026-10-01 14:02:18,434 DEBUG: a.l:-1 - number of files to extract:332835 number of files extracted: 54106
2026-10-01 14:02:18,434 DEBUG: a.k:-1 - Start extraction for file: /home/shen/tools/Xilinx/installer-2026.1/payload/data_0103_2026.1_0616_1700_encrypt.xz, to: /home/shen/tools/Xilinx/vitis-embedded-2026.1/2026.1
2026-10-01 14:02:18,437 DEBUG: a.k:-1 - Extracted file: /home/shen/tools/Xilinx/installer-2026.1/payload/data_0103_2026.1_0616_1700_encrypt.xz, to: /home/shen/tools/Xilinx/vitis-embedded-2026.1/2026.1, in 3 mili-sec
Memory usage -- Used memory: 47358 MB. Total memory: 47782 MB
Recent cpu usage for system: 25%
2026-10-01 14:02:18,437 DEBUG: a.l:-1 - number of files to extract:332835 number of files extracted: 54117
2026-10-01 14:02:18,437 DEBUG: a.k:-1 - Start extraction for file: /home/shen/tools/Xilinx/installer-2026.1/payload/vitis_0023_2026.1_0616_1700.xz, to: /home/shen/tools/Xilinx/vitis-embedded-2026.1/2026.1/Vitis
2026-10-01 14:02:18,450 DEBUG: a.k:-1 - Extracted file: /home/shen/tools/Xilinx/installer-2026.1/payload/vitis_0023_2026.1_0616_1700.xz, to: /home/shen/tools/Xilinx/vitis-embedded-2026.1/2026.1/Vitis, in 13 mili-sec
Memory usage -- Used memory: 47364 MB. Total memory: 47782 MB
Recent cpu usage for system: 37%
2026-10-01 14:02:18,450 DEBUG: a.l:-1 - number of files to extract:332835 number of files extracted: 54339
2026-10-01 14:02:18,450 DEBUG: a.k:-1 - Start extraction for file: /home/shen/tools/Xilinx/installer-2026.1/payload/data_2549_2026.1_0616_1700_encrypt.xz, to: /home/shen/tools/Xilinx/vitis-embedded-2026.1/2026.1
2026-10-01 14:02:18,456 DEBUG: a.k:-1 - Extracted file: /home/shen/tools/Xilinx/installer-2026.1/payload/data_2549_2026.1_0616_1700_encrypt.xz, to: /home/shen/tools/Xilinx/vitis-embedded-2026.1/2026.1, in 5 mili-sec
Memory usage -- Used memory: 47364 MB. Total memory: 47782 MB
Recent cpu usage for system: 31%
2026-10-01 14:02:18,457 DEBUG: a.l:-1 - number of files to extract:332835 number of files extracted: 54350
2026-10-01 14:02:18,457 DEBUG: a.k:-1 - Start extraction for file: /home/shen/tools/Xilinx/installer-2026.1/payload/data_2934_2026.1_0616_1700_encrypt.xz, to: /home/shen/tools/Xilinx/vitis-embedded-2026.1/2026.1
2026-10-01 14:02:18,459 DEBUG: a.k:-1 - Extracted file: /home/shen/tools/Xilinx/installer-2026.1/payload/data_2934_2026.1_0616_1700_encrypt.xz, to: /home/shen/tools/Xilinx/vitis-embedded-2026.1/2026.1, in 1 mili-sec
Memory usage -- Used memory: 47365 MB. Total memory: 47782 MB
Recent cpu usage for system: 40%
2026-10-01 14:02:18,459 DEBUG: a.l:-1 - number of files to extract:332835 number of files extracted: 54361
2026-10-01 14:02:18,459 DEBUG: a.k:-1 - Start extraction for file: /home/shen/tools/Xilinx/installer-2026.1/payload/data_3007_2026.1_0616_1700_encrypt.xz, to: /home/shen/tools/Xilinx/vitis-embedded-2026.1/2026.1
2026-10-01 14:02:18,461 DEBUG: a.k:-1 - Extracted file: /home/shen/tools/Xilinx/installer-2026.1/payload/data_3007_2026.1_0616_1700_encrypt.xz, to: /home/shen/tools/Xilinx/vitis-embedded-2026.1/2026.1, in 1 mili-sec
Memory usage -- Used memory: 47367 MB. Total memory: 47782 MB
Recent cpu usage for system: 40%
2026-10-01 14:02:18,461 DEBUG: a.l:-1 - number of files to extract:332835 number of files extracted: 54372
2026-10-01 14:02:18,461 DEBUG: a.k:-1 - Start extraction for file: /home/shen/tools/Xilinx/installer-2026.1/payload/vitis_0149_2026.1_0616_1700.xz, to: /home/shen/tools/Xilinx/vitis-embedded-2026.1/2026.1
2026-10-01 14:02:18,623 DEBUG: a.k:-1 - Extracted file: /home/shen/tools/Xilinx/installer-2026.1/payload/vitis_0038_2026.1_0616_1700_encrypt.xz, to: /home/shen/tools/Xilinx/vitis-embedded-2026.1/2026.1/Vitis, in 193 mili-sec
Memory usage -- Used memory: 47454 MB. Total memory: 47782 MB
Recent cpu usage for system: 32%
2026-10-01 14:02:18,624 DEBUG: a.l:-1 - number of files to extract:332835 number of files extracted: 54383
2026-10-01 14:02:18,624 DEBUG: a.k:-1 - Start extraction for file: /home/shen/tools/Xilinx/installer-2026.1/payload/data_1025_2026.1_0616_1700_encrypt.xz, to: /home/shen/tools/Xilinx/vitis-embedded-2026.1/2026.1
2026-10-01 14:02:18,625 DEBUG: a.k:-1 - Extracted file: /home/shen/tools/Xilinx/installer-2026.1/payload/data_1025_2026.1_0616_1700_encrypt.xz, to: /home/shen/tools/Xilinx/vitis-embedded-2026.1/2026.1, in 1 mili-sec
Memory usage -- Used memory: 47454 MB. Total memory: 47782 MB
Recent cpu usage for system: 33%
2026-10-01 14:02:18,625 DEBUG: a.l:-1 - number of files to extract:332835 number of files extracted: 54394
2026-10-01 14:02:18,626 DEBUG: a.k:-1 - Start extraction for file: /home/shen/tools/Xilinx/installer-2026.1/payload/sdk_gnu_0040_2026.1_0616_1700.xz, to: /home/shen/tools/Xilinx/vitis-embedded-2026.1/2026.1
2026-10-01 14:02:19,442 DEBUG: a.k:-1 - Extracted file: /home/shen/tools/Xilinx/installer-2026.1/payload/vitis_0032_2026.1_0616_1700.xz, to: /home/shen/tools/Xilinx/vitis-embedded-2026.1/2026.1, in 4207 mili-sec
Memory usage -- Used memory: 47404 MB. Total memory: 47782 MB
Recent cpu usage for system: 32%
2026-10-01 14:02:19,442 DEBUG: a.l:-1 - number of files to extract:332835 number of files extracted: 56482
2026-10-01 14:02:19,442 DEBUG: a.k:-1 - Start extraction for file: /home/shen/tools/Xilinx/installer-2026.1/payload/data_0105_2026.1_0616_1700_encrypt.xz, to: /home/shen/tools/Xilinx/vitis-embedded-2026.1/2026.1
2026-10-01 14:02:19,444 DEBUG: a.k:-1 - Extracted file: /home/shen/tools/Xilinx/installer-2026.1/payload/data_0105_2026.1_0616_1700_encrypt.xz, to: /home/shen/tools/Xilinx/vitis-embedded-2026.1/2026.1, in 2 mili-sec
Memory usage -- Used memory: 47405 MB. Total memory: 47782 MB
Recent cpu usage for system: 40%
2026-10-01 14:02:19,444 DEBUG: a.l:-1 - number of files to extract:332835 number of files extracted: 56493
2026-10-01 14:02:19,445 DEBUG: a.k:-1 - Start extraction for file: /home/shen/tools/Xilinx/installer-2026.1/payload/data_1728_2026.1_0616_1700_encrypt.xz, to: /home/shen/tools/Xilinx/vitis-embedded-2026.1/2026.1
2026-10-01 14:02:19,450 DEBUG: a.k:-1 - Extracted file: /home/shen/tools/Xilinx/installer-2026.1/payload/data_1728_2026.1_0616_1700_encrypt.xz, to: /home/shen/tools/Xilinx/vitis-embedded-2026.1/2026.1, in 5 mili-sec
Memory usage -- Used memory: 47405 MB. Total memory: 47782 MB
Recent cpu usage for system: 28%
2026-10-01 14:02:19,451 DEBUG: a.l:-1 - number of files to extract:332835 number of files extracted: 56504
2026-10-01 14:02:19,451 DEBUG: a.k:-1 - Start extraction for file: /home/shen/tools/Xilinx/installer-2026.1/payload/data_3140_2026.1_0616_1700_encrypt.xz, to: /home/shen/tools/Xilinx/vitis-embedded-2026.1/2026.1
2026-10-01 14:02:19,454 DEBUG: a.k:-1 - Extracted file: /home/shen/tools/Xilinx/installer-2026.1/payload/data_3140_2026.1_0616_1700_encrypt.xz, to: /home/shen/tools/Xilinx/vitis-embedded-2026.1/2026.1, in 3 mili-sec
Memory usage -- Used memory: 47406 MB. Total memory: 47782 MB
Recent cpu usage for system: 25%
2026-10-01 14:02:19,454 DEBUG: a.l:-1 - number of files to extract:332835 number of files extracted: 56515
2026-10-01 14:02:19,454 DEBUG: a.k:-1 - Start extraction for file: /home/shen/tools/Xilinx/installer-2026.1/payload/data_2455_2026.1_0616_1700_encrypt.xz, to: /home/shen/tools/Xilinx/vitis-embedded-2026.1/2026.1
2026-10-01 14:02:19,455 DEBUG: a.k:-1 - Extracted file: /home/shen/tools/Xilinx/installer-2026.1/payload/data_2455_2026.1_0616_1700_encrypt.xz, to: /home/shen/tools/Xilinx/vitis-embedded-2026.1/2026.1, in 1 mili-sec
Memory usage -- Used memory: 47407 MB. Total memory: 47782 MB
Recent cpu usage for system: 50%
2026-10-01 14:02:19,456 DEBUG: a.l:-1 - number of files to extract:332835 number of files extracted: 56526
2026-10-01 14:02:19,456 DEBUG: a.k:-1 - Start extraction for file: /home/shen/tools/Xilinx/installer-2026.1/payload/data_0815_2026.1_0616_1700_encrypt.xz, to: /home/shen/tools/Xilinx/vitis-embedded-2026.1/2026.1
2026-10-01 14:02:19,457 DEBUG: a.k:-1 - Extracted file: /home/shen/tools/Xilinx/installer-2026.1/payload/data_0815_2026.1_0616_1700_encrypt.xz, to: /home/shen/tools/Xilinx/vitis-embedded-2026.1/2026.1, in 1 mili-sec
Memory usage -- Used memory: 47408 MB. Total memory: 47782 MB
Recent cpu usage for system: 25%
2026-10-01 14:02:19,458 DEBUG: a.l:-1 - number of files to extract:332835 number of files extracted: 56537
2026-10-01 14:02:19,458 DEBUG: a.k:-1 - Start extraction for file: /home/shen/tools/Xilinx/installer-2026.1/payload/data_0972_2026.1_0616_1700_encrypt.xz, to: /home/shen/tools/Xilinx/vitis-embedded-2026.1/2026.1
2026-10-01 14:02:19,461 DEBUG: a.k:-1 - Extracted file: /home/shen/tools/Xilinx/installer-2026.1/payload/data_0972_2026.1_0616_1700_encrypt.xz, to: /home/shen/tools/Xilinx/vitis-embedded-2026.1/2026.1, in 3 mili-sec
Memory usage -- Used memory: 47408 MB. Total memory: 47782 MB
Recent cpu usage for system: 37%
2026-10-01 14:02:19,461 DEBUG: a.l:-1 - number of files to extract:332835 number of files extracted: 56548
2026-10-01 14:02:19,461 DEBUG: a.k:-1 - Start extraction for file: /home/shen/tools/Xilinx/installer-2026.1/payload/data_1207_2026.1_0616_1700_encrypt.xz, to: /home/shen/tools/Xilinx/vitis-embedded-2026.1/2026.1
2026-10-01 14:02:19,462 DEBUG: a.k:-1 - Extracted file: /home/shen/tools/Xilinx/installer-2026.1/payload/data_1207_2026.1_0616_1700_encrypt.xz, to: /home/shen/tools/Xilinx/vitis-embedded-2026.1/2026.1, in 1 mili-sec
Memory usage -- Used memory: 47408 MB. Total memory: 47782 MB
Recent cpu usage for system: 33%
2026-10-01 14:02:19,463 DEBUG: a.l:-1 - number of files to extract:332835 number of files extracted: 56559
2026-10-01 14:02:19,463 DEBUG: a.k:-1 - Start extraction for file: /home/shen/tools/Xilinx/installer-2026.1/payload/data_3005_2026.1_0616_1700_encrypt.xz, to: /home/shen/tools/Xilinx/vitis-embedded-2026.1/2026.1
2026-10-01 14:02:19,467 DEBUG: a.k:-1 - Extracted file: /home/shen/tools/Xilinx/installer-2026.1/payload/data_3005_2026.1_0616_1700_encrypt.xz, to: /home/shen/tools/Xilinx/vitis-embedded-2026.1/2026.1, in 4 mili-sec
Memory usage -- Used memory: 47410 MB. Total memory: 47782 MB
Recent cpu usage for system: 46%
2026-10-01 14:02:19,468 DEBUG: a.l:-1 - number of files to extract:332835 number of files extracted: 56570
2026-10-01 14:02:19,468 DEBUG: a.k:-1 - Start extraction for file: /home/shen/tools/Xilinx/installer-2026.1/payload/data_2769_2026.1_0616_1700_encrypt.xz, to: /home/shen/tools/Xilinx/vitis-embedded-2026.1/2026.1
2026-10-01 14:02:19,470 DEBUG: a.k:-1 - Extracted file: /home/shen/tools/Xilinx/installer-2026.1/payload/data_2769_2026.1_0616_1700_encrypt.xz, to: /home/shen/tools/Xilinx/vitis-embedded-2026.1/2026.1, in 1 mili-sec
Memory usage -- Used memory: 47411 MB. Total memory: 47782 MB
Recent cpu usage for system: 20%
2026-10-01 14:02:19,470 DEBUG: a.l:-1 - number of files to extract:332835 number of files extracted: 56581
2026-10-01 14:02:19,470 DEBUG: a.k:-1 - Start extraction for file: /home/shen/tools/Xilinx/installer-2026.1/payload/vitis_0119_2026.1_0616_1700_strip.xz, to: /home/shen/tools/Xilinx/vitis-embedded-2026.1/2026.1/Vitis
2026-10-01 14:02:20,402 DEBUG: a.k:-1 - Extracted file: /home/shen/tools/Xilinx/installer-2026.1/payload/sdk_gnu_0028_2026.1_0616_1700.xz, to: /home/shen/tools/Xilinx/vitis-embedded-2026.1/2026.1, in 2510 mili-sec
Memory usage -- Used memory: 47324 MB. Total memory: 47782 MB
Recent cpu usage for system: 32%
2026-10-01 14:02:20,402 DEBUG: a.l:-1 - number of files to extract:332835 number of files extracted: 58718
2026-10-01 14:02:20,403 DEBUG: a.k:-1 - Start extraction for file: /home/shen/tools/Xilinx/installer-2026.1/payload/data_2207_2026.1_0616_1700_encrypt.xz, to: /home/shen/tools/Xilinx/vitis-embedded-2026.1/2026.1
2026-10-01 14:02:20,406 DEBUG: a.k:-1 - Extracted file: /home/shen/tools/Xilinx/installer-2026.1/payload/data_2207_2026.1_0616_1700_encrypt.xz, to: /home/shen/tools/Xilinx/vitis-embedded-2026.1/2026.1, in 3 mili-sec
Memory usage -- Used memory: 47326 MB. Total memory: 47782 MB
Recent cpu usage for system: 30%
2026-10-01 14:02:20,407 DEBUG: a.l:-1 - number of files to extract:332835 number of files extracted: 58729
2026-10-01 14:02:20,407 DEBUG: a.k:-1 - Start extraction for file: /home/shen/tools/Xilinx/installer-2026.1/payload/data_0335_2026.1_0616_1700_encrypt.xz, to: /home/shen/tools/Xilinx/vitis-embedded-2026.1/2026.1
2026-10-01 14:02:20,409 DEBUG: a.k:-1 - Extracted file: /home/shen/tools/Xilinx/installer-2026.1/payload/data_0335_2026.1_0616_1700_encrypt.xz, to: /home/shen/tools/Xilinx/vitis-embedded-2026.1/2026.1, in 2 mili-sec
Memory usage -- Used memory: 47326 MB. Total memory: 47782 MB
Recent cpu usage for system: 42%
2026-10-01 14:02:20,410 DEBUG: a.l:-1 - number of files to extract:332835 number of files extracted: 58740
2026-10-01 14:02:20,410 DEBUG: a.k:-1 - Start extraction for file: /home/shen/tools/Xilinx/installer-2026.1/payload/data_3138_2026.1_0616_1700_encrypt.xz, to: /home/shen/tools/Xilinx/vitis-embedded-2026.1/2026.1
2026-10-01 14:02:20,412 DEBUG: a.k:-1 - Extracted file: /home/shen/tools/Xilinx/installer-2026.1/payload/data_3138_2026.1_0616_1700_encrypt.xz, to: /home/shen/tools/Xilinx/vitis-embedded-2026.1/2026.1, in 2 mili-sec
Memory usage -- Used memory: 47326 MB. Total memory: 47782 MB
Recent cpu usage for system: 33%
2026-10-01 14:02:20,413 DEBUG: a.l:-1 - number of files to extract:332835 number of files extracted: 58751
2026-10-01 14:02:20,413 DEBUG: a.k:-1 - Start extraction for file: /home/shen/tools/Xilinx/installer-2026.1/payload/data_2490_2026.1_0616_1700_encrypt.xz, to: /home/shen/tools/Xilinx/vitis-embedded-2026.1/2026.1
2026-10-01 14:02:20,415 DEBUG: a.k:-1 - Extracted file: /home/shen/tools/Xilinx/installer-2026.1/payload/data_2490_2026.1_0616_1700_encrypt.xz, to: /home/shen/tools/Xilinx/vitis-embedded-2026.1/2026.1, in 1 mili-sec
Memory usage -- Used memory: 47328 MB. Total memory: 47782 MB
Recent cpu usage for system: 33%
2026-10-01 14:02:20,415 DEBUG: a.l:-1 - number of files to extract:332835 number of files extracted: 58762
2026-10-01 14:02:20,415 DEBUG: a.k:-1 - Start extraction for file: /home/shen/tools/Xilinx/installer-2026.1/payload/data_3086_2026.1_0616_1700_encrypt.xz, to: /home/shen/tools/Xilinx/vitis-embedded-2026.1/2026.1
2026-10-01 14:02:20,417 DEBUG: a.k:-1 - Extracted file: /home/shen/tools/Xilinx/installer-2026.1/payload/data_3086_2026.1_0616_1700_encrypt.xz, to: /home/shen/tools/Xilinx/vitis-embedded-2026.1/2026.1, in 2 mili-sec
Memory usage -- Used memory: 47329 MB. Total memory: 47782 MB
Recent cpu usage for system: 40%
2026-10-01 14:02:20,417 DEBUG: a.l:-1 - number of files to extract:332835 number of files extracted: 58773
2026-10-01 14:02:20,417 DEBUG: a.k:-1 - Start extraction for file: /home/shen/tools/Xilinx/installer-2026.1/payload/data_2614_2026.1_0616_1700_encrypt.xz, to: /home/shen/tools/Xilinx/vitis-embedded-2026.1/2026.1
2026-10-01 14:02:20,419 DEBUG: a.k:-1 - Extracted file: /home/shen/tools/Xilinx/installer-2026.1/payload/data_2614_2026.1_0616_1700_encrypt.xz, to: /home/shen/tools/Xilinx/vitis-embedded-2026.1/2026.1, in 2 mili-sec
Memory usage -- Used memory: 47329 MB. Total memory: 47782 MB
Recent cpu usage for system: 33%
2026-10-01 14:02:20,419 DEBUG: a.l:-1 - number of files to extract:332835 number of files extracted: 58784
2026-10-01 14:02:20,419 DEBUG: a.k:-1 - Start extraction for file: /home/shen/tools/Xilinx/installer-2026.1/payload/data_3141_2026.1_0616_1700_encrypt.xz, to: /home/shen/tools/Xilinx/vitis-embedded-2026.1/2026.1
2026-10-01 14:02:20,421 DEBUG: a.k:-1 - Extracted file: /home/shen/tools/Xilinx/installer-2026.1/payload/data_3141_2026.1_0616_1700_encrypt.xz, to: /home/shen/tools/Xilinx/vitis-embedded-2026.1/2026.1, in 1 mili-sec
Memory usage -- Used memory: 47329 MB. Total memory: 47782 MB
Recent cpu usage for system: 60%
2026-10-01 14:02:20,421 DEBUG: a.l:-1 - number of files to extract:332835 number of files extracted: 58795
2026-10-01 14:02:20,421 DEBUG: a.k:-1 - Start extraction for file: /home/shen/tools/Xilinx/installer-2026.1/payload/data_2417_2026.1_0616_1700_encrypt.xz, to: /home/shen/tools/Xilinx/vitis-embedded-2026.1/2026.1
2026-10-01 14:02:20,422 DEBUG: a.k:-1 - Extracted file: /home/shen/tools/Xilinx/installer-2026.1/payload/data_2417_2026.1_0616_1700_encrypt.xz, to: /home/shen/tools/Xilinx/vitis-embedded-2026.1/2026.1, in 1 mili-sec
Memory usage -- Used memory: 47329 MB. Total memory: 47782 MB
Recent cpu usage for system: 0%
2026-10-01 14:02:20,422 DEBUG: a.l:-1 - number of files to extract:332835 number of files extracted: 58806
2026-10-01 14:02:20,422 DEBUG: a.k:-1 - Start extraction for file: /home/shen/tools/Xilinx/installer-2026.1/payload/installer_0016_2026.1_0616_1700.xz, to: /home/shen/tools/Xilinx/vitis-embedded-2026.1/.xinstall/2026.1
2026-10-01 14:02:21,232 DEBUG: a.k:-1 - Extracted file: /home/shen/tools/Xilinx/installer-2026.1/payload/sdk_gnu_0040_2026.1_0616_1700.xz, to: /home/shen/tools/Xilinx/vitis-embedded-2026.1/2026.1, in 2606 mili-sec
Memory usage -- Used memory: 47445 MB. Total memory: 47782 MB
Recent cpu usage for system: 32%
2026-10-01 14:02:21,233 DEBUG: a.l:-1 - number of files to extract:332835 number of files extracted: 61515
2026-10-01 14:02:21,233 DEBUG: a.k:-1 - Start extraction for file: /home/shen/tools/Xilinx/installer-2026.1/payload/sdk_gnu_0039_2026.1_0616_1700.xz, to: /home/shen/tools/Xilinx/vitis-embedded-2026.1/2026.1
2026-10-01 14:02:21,665 DEBUG: a.k:-1 - Extracted file: /home/shen/tools/Xilinx/installer-2026.1/payload/vitis_0119_2026.1_0616_1700_strip.xz, to: /home/shen/tools/Xilinx/vitis-embedded-2026.1/2026.1/Vitis, in 2194 mili-sec
Memory usage -- Used memory: 47440 MB. Total memory: 47782 MB
Recent cpu usage for system: 32%
2026-10-01 14:02:21,665 DEBUG: a.l:-1 - number of files to extract:332835 number of files extracted: 61526
2026-10-01 14:02:21,665 DEBUG: a.k:-1 - Start extraction for file: /home/shen/tools/Xilinx/installer-2026.1/payload/data_1789_2026.1_0616_1700_encrypt.xz, to: /home/shen/tools/Xilinx/vitis-embedded-2026.1/2026.1
2026-10-01 14:02:21,667 DEBUG: a.k:-1 - Extracted file: /home/shen/tools/Xilinx/installer-2026.1/payload/data_1789_2026.1_0616_1700_encrypt.xz, to: /home/shen/tools/Xilinx/vitis-embedded-2026.1/2026.1, in 2 mili-sec
Memory usage -- Used memory: 47444 MB. Total memory: 47782 MB
Recent cpu usage for system: 40%
2026-10-01 14:02:21,667 DEBUG: a.l:-1 - number of files to extract:332835 number of files extracted: 61537
2026-10-01 14:02:21,668 DEBUG: a.k:-1 - Start extraction for file: /home/shen/tools/Xilinx/installer-2026.1/payload/data_1882_2026.1_0616_1700_encrypt.xz, to: /home/shen/tools/Xilinx/vitis-embedded-2026.1/2026.1
2026-10-01 14:02:21,669 DEBUG: a.k:-1 - Extracted file: /home/shen/tools/Xilinx/installer-2026.1/payload/data_1882_2026.1_0616_1700_encrypt.xz, to: /home/shen/tools/Xilinx/vitis-embedded-2026.1/2026.1, in 1 mili-sec
Memory usage -- Used memory: 47445 MB. Total memory: 47782 MB
Recent cpu usage for system: 33%
2026-10-01 14:02:21,669 DEBUG: a.l:-1 - number of files to extract:332835 number of files extracted: 61548
2026-10-01 14:02:21,669 DEBUG: a.k:-1 - Start extraction for file: /home/shen/tools/Xilinx/installer-2026.1/payload/data_1731_2026.1_0616_1700_encrypt.xz, to: /home/shen/tools/Xilinx/vitis-embedded-2026.1/2026.1
2026-10-01 14:02:21,671 DEBUG: a.k:-1 - Extracted file: /home/shen/tools/Xilinx/installer-2026.1/payload/data_1731_2026.1_0616_1700_encrypt.xz, to: /home/shen/tools/Xilinx/vitis-embedded-2026.1/2026.1, in 2 mili-sec
Memory usage -- Used memory: 47446 MB. Total memory: 47782 MB
Recent cpu usage for system: 33%
2026-10-01 14:02:21,671 DEBUG: a.l:-1 - number of files to extract:332835 number of files extracted: 61559
2026-10-01 14:02:21,672 DEBUG: a.k:-1 - Start extraction for file: /home/shen/tools/Xilinx/installer-2026.1/payload/data_2299_2026.1_0616_1700.xz, to: /home/shen/tools/Xilinx/vitis-embedded-2026.1/2026.1
2026-10-01 14:02:22,967 DEBUG: a.k:-1 - Extracted file: /home/shen/tools/Xilinx/installer-2026.1/payload/vitis_0149_2026.1_0616_1700.xz, to: /home/shen/tools/Xilinx/vitis-embedded-2026.1/2026.1, in 4506 mili-sec
Memory usage -- Used memory: 47317 MB. Total memory: 47782 MB
Recent cpu usage for system: 33%
2026-10-01 14:02:22,967 DEBUG: a.l:-1 - number of files to extract:332835 number of files extracted: 62843
2026-10-01 14:02:22,968 DEBUG: a.k:-1 - Start extraction for file: /home/shen/tools/Xilinx/installer-2026.1/payload/data_2685_2026.1_0616_1700_encrypt.xz, to: /home/shen/tools/Xilinx/vitis-embedded-2026.1/2026.1
2026-10-01 14:02:22,969 DEBUG: a.k:-1 - Extracted file: /home/shen/tools/Xilinx/installer-2026.1/payload/data_2685_2026.1_0616_1700_encrypt.xz, to: /home/shen/tools/Xilinx/vitis-embedded-2026.1/2026.1, in 0 mili-sec
Memory usage -- Used memory: 47317 MB. Total memory: 47782 MB
Recent cpu usage for system: 0%
2026-10-01 14:02:22,969 DEBUG: a.l:-1 - number of files to extract:332835 number of files extracted: 62854
2026-10-01 14:02:22,969 DEBUG: a.k:-1 - Start extraction for file: /home/shen/tools/Xilinx/installer-2026.1/payload/data_2210_2026.1_0616_1700_encrypt.xz, to: /home/shen/tools/Xilinx/vitis-embedded-2026.1/2026.1
2026-10-01 14:02:22,970 DEBUG: a.k:-1 - Extracted file: /home/shen/tools/Xilinx/installer-2026.1/payload/data_2210_2026.1_0616_1700_encrypt.xz, to: /home/shen/tools/Xilinx/vitis-embedded-2026.1/2026.1, in 1 mili-sec
Memory usage -- Used memory: 47321 MB. Total memory: 47782 MB
Recent cpu usage for system: 33%
2026-10-01 14:02:22,970 DEBUG: a.l:-1 - number of files to extract:332835 number of files extracted: 62865
2026-10-01 14:02:22,970 DEBUG: a.k:-1 - Start extraction for file: /home/shen/tools/Xilinx/installer-2026.1/payload/data_1946_2026.1_0616_1700_encrypt.xz, to: /home/shen/tools/Xilinx/vitis-embedded-2026.1/2026.1
2026-10-01 14:02:22,974 DEBUG: a.k:-1 - Extracted file: /home/shen/tools/Xilinx/installer-2026.1/payload/data_1946_2026.1_0616_1700_encrypt.xz, to: /home/shen/tools/Xilinx/vitis-embedded-2026.1/2026.1, in 3 mili-sec
Memory usage -- Used memory: 47322 MB. Total memory: 47782 MB
Recent cpu usage for system: 37%
2026-10-01 14:02:22,974 DEBUG: a.l:-1 - number of files to extract:332835 number of files extracted: 62876
2026-10-01 14:02:22,974 DEBUG: a.k:-1 - Start extraction for file: /home/shen/tools/Xilinx/installer-2026.1/payload/vitis_0090_2026.1_0616_1700.xz, to: /home/shen/tools/Xilinx/vitis-embedded-2026.1/2026.1/Vitis
2026-10-01 14:02:23,478 DEBUG: a.k:-1 - Extracted file: /home/shen/tools/Xilinx/installer-2026.1/payload/data_2299_2026.1_0616_1700.xz, to: /home/shen/tools/Xilinx/vitis-embedded-2026.1/2026.1, in 1805 mili-sec
Memory usage -- Used memory: 47444 MB. Total memory: 47782 MB
Recent cpu usage for system: 32%
2026-10-01 14:02:23,478 DEBUG: a.l:-1 - number of files to extract:332835 number of files extracted: 79688
2026-10-01 14:02:23,478 DEBUG: a.k:-1 - Start extraction for file: /home/shen/tools/Xilinx/installer-2026.1/payload/vitis_0057_2026.1_0616_1700_strip.xz, to: /home/shen/tools/Xilinx/vitis-embedded-2026.1/2026.1/Vitis
2026-10-01 14:02:23,680 DEBUG: a.k:-1 - Extracted file: /home/shen/tools/Xilinx/installer-2026.1/payload/installer_0016_2026.1_0616_1700.xz, to: /home/shen/tools/Xilinx/vitis-embedded-2026.1/.xinstall/2026.1, in 3257 mili-sec
Memory usage -- Used memory: 47361 MB. Total memory: 47782 MB
Recent cpu usage for system: 32%
2026-10-01 14:02:23,680 DEBUG: a.l:-1 - number of files to extract:332835 number of files extracted: 79904
2026-10-01 14:02:23,680 DEBUG: a.k:-1 - Start extraction for file: /home/shen/tools/Xilinx/installer-2026.1/payload/data_0079_2026.1_0616_1700.xz, to: /home/shen/tools/Xilinx/vitis-embedded-2026.1/2026.1
2026-10-01 14:02:23,684 DEBUG: a.k:-1 - Extracted file: /home/shen/tools/Xilinx/installer-2026.1/payload/data_0079_2026.1_0616_1700.xz, to: /home/shen/tools/Xilinx/vitis-embedded-2026.1/2026.1, in 4 mili-sec
Memory usage -- Used memory: 47369 MB. Total memory: 47782 MB
Recent cpu usage for system: 22%
2026-10-01 14:02:23,684 DEBUG: a.l:-1 - number of files to extract:332835 number of files extracted: 80028
2026-10-01 14:02:23,684 DEBUG: a.k:-1 - Start extraction for file: /home/shen/tools/Xilinx/installer-2026.1/payload/vitis_0026_2026.1_0616_1700_strip.xz, to: /home/shen/tools/Xilinx/vitis-embedded-2026.1/2026.1/Vitis
2026-10-01 14:02:23,913 DEBUG: a.k:-1 - Extracted file: /home/shen/tools/Xilinx/installer-2026.1/payload/vitis_0057_2026.1_0616_1700_strip.xz, to: /home/shen/tools/Xilinx/vitis-embedded-2026.1/2026.1/Vitis, in 435 mili-sec
Memory usage -- Used memory: 47472 MB. Total memory: 47782 MB
Recent cpu usage for system: 31%
2026-10-01 14:02:23,913 DEBUG: a.l:-1 - number of files to extract:332835 number of files extracted: 80039
2026-10-01 14:02:23,913 DEBUG: a.k:-1 - Start extraction for file: /home/shen/tools/Xilinx/installer-2026.1/payload/vitis_0135_2026.1_0616_1700_encrypt.xz, to: /home/shen/tools/Xilinx/vitis-embedded-2026.1/2026.1
2026-10-01 14:02:23,923 DEBUG: a.k:-1 - Extracted file: /home/shen/tools/Xilinx/installer-2026.1/payload/vitis_0135_2026.1_0616_1700_encrypt.xz, to: /home/shen/tools/Xilinx/vitis-embedded-2026.1/2026.1, in 10 mili-sec
Memory usage -- Used memory: 47473 MB. Total memory: 47782 MB
Recent cpu usage for system: 30%
2026-10-01 14:02:23,923 DEBUG: a.l:-1 - number of files to extract:332835 number of files extracted: 80048
2026-10-01 14:02:23,923 DEBUG: a.k:-1 - Start extraction for file: /home/shen/tools/Xilinx/installer-2026.1/payload/sdk_gnu_0056_2026.1_0616_1700.xz, to: /home/shen/tools/Xilinx/vitis-embedded-2026.1/2026.1
2026-10-01 14:02:24,368 DEBUG: a.k:-1 - Extracted file: /home/shen/tools/Xilinx/installer-2026.1/payload/vitis_0026_2026.1_0616_1700_strip.xz, to: /home/shen/tools/Xilinx/vitis-embedded-2026.1/2026.1/Vitis, in 684 mili-sec
Memory usage -- Used memory: 47364 MB. Total memory: 47782 MB
Recent cpu usage for system: 32%
2026-10-01 14:02:24,369 DEBUG: a.l:-1 - number of files to extract:332835 number of files extracted: 80059
2026-10-01 14:02:24,369 DEBUG: a.k:-1 - Start extraction for file: /home/shen/tools/Xilinx/installer-2026.1/payload/data_0796_2026.1_0616_1700_encrypt.xz, to: /home/shen/tools/Xilinx/vitis-embedded-2026.1/2026.1
2026-10-01 14:02:24,370 DEBUG: a.k:-1 - Extracted file: /home/shen/tools/Xilinx/installer-2026.1/payload/data_0796_2026.1_0616_1700_encrypt.xz, to: /home/shen/tools/Xilinx/vitis-embedded-2026.1/2026.1, in 1 mili-sec
Memory usage -- Used memory: 47365 MB. Total memory: 47782 MB
Recent cpu usage for system: 0%
2026-10-01 14:02:24,370 DEBUG: a.l:-1 - number of files to extract:332835 number of files extracted: 80070
2026-10-01 14:02:24,370 DEBUG: a.k:-1 - Start extraction for file: /home/shen/tools/Xilinx/installer-2026.1/payload/data_1985_2026.1_0616_1700_encrypt.xz, to: /home/shen/tools/Xilinx/vitis-embedded-2026.1/2026.1
2026-10-01 14:02:24,373 DEBUG: a.k:-1 - Extracted file: /home/shen/tools/Xilinx/installer-2026.1/payload/data_1985_2026.1_0616_1700_encrypt.xz, to: /home/shen/tools/Xilinx/vitis-embedded-2026.1/2026.1, in 3 mili-sec
Memory usage -- Used memory: 47366 MB. Total memory: 47782 MB
Recent cpu usage for system: 33%
2026-10-01 14:02:24,374 DEBUG: a.l:-1 - number of files to extract:332835 number of files extracted: 80081
2026-10-01 14:02:24,374 DEBUG: a.k:-1 - Start extraction for file: /home/shen/tools/Xilinx/installer-2026.1/payload/data_2281_2026.1_0616_1700_encrypt.xz, to: /home/shen/tools/Xilinx/vitis-embedded-2026.1/2026.1
2026-10-01 14:02:24,375 DEBUG: a.k:-1 - Extracted file: /home/shen/tools/Xilinx/installer-2026.1/payload/data_2281_2026.1_0616_1700_encrypt.xz, to: /home/shen/tools/Xilinx/vitis-embedded-2026.1/2026.1, in 0 mili-sec
Memory usage -- Used memory: 47367 MB. Total memory: 47782 MB
Recent cpu usage for system: 0%
2026-10-01 14:02:24,375 DEBUG: a.l:-1 - number of files to extract:332835 number of files extracted: 80092
2026-10-01 14:02:24,375 DEBUG: a.k:-1 - Start extraction for file: /home/shen/tools/Xilinx/installer-2026.1/payload/data_1391_2026.1_0616_1700_encrypt.xz, to: /home/shen/tools/Xilinx/vitis-embedded-2026.1/2026.1
2026-10-01 14:02:24,376 DEBUG: a.k:-1 - Extracted file: /home/shen/tools/Xilinx/installer-2026.1/payload/data_1391_2026.1_0616_1700_encrypt.xz, to: /home/shen/tools/Xilinx/vitis-embedded-2026.1/2026.1, in 0 mili-sec
Memory usage -- Used memory: 47367 MB. Total memory: 47782 MB
Recent cpu usage for system: 33%
2026-10-01 14:02:24,376 DEBUG: a.l:-1 - number of files to extract:332835 number of files extracted: 80103
2026-10-01 14:02:24,376 DEBUG: a.k:-1 - Start extraction for file: /home/shen/tools/Xilinx/installer-2026.1/payload/data_2232_2026.1_0616_1700_encrypt.xz, to: /home/shen/tools/Xilinx/vitis-embedded-2026.1/2026.1
2026-10-01 14:02:24,377 DEBUG: a.k:-1 - Extracted file: /home/shen/tools/Xilinx/installer-2026.1/payload/data_2232_2026.1_0616_1700_encrypt.xz, to: /home/shen/tools/Xilinx/vitis-embedded-2026.1/2026.1, in 0 mili-sec
Memory usage -- Used memory: 47368 MB. Total memory: 47782 MB
Recent cpu usage for system: 0%
2026-10-01 14:02:24,377 DEBUG: a.l:-1 - number of files to extract:332835 number of files extracted: 80114
2026-10-01 14:02:24,377 DEBUG: a.k:-1 - Start extraction for file: /home/shen/tools/Xilinx/installer-2026.1/payload/data_2166_2026.1_0616_1700_encrypt.xz, to: /home/shen/tools/Xilinx/vitis-embedded-2026.1/2026.1
2026-10-01 14:02:24,378 DEBUG: a.k:-1 - Extracted file: /home/shen/tools/Xilinx/installer-2026.1/payload/data_2166_2026.1_0616_1700_encrypt.xz, to: /home/shen/tools/Xilinx/vitis-embedded-2026.1/2026.1, in 1 mili-sec
Memory usage -- Used memory: 47369 MB. Total memory: 47782 MB
Recent cpu usage for system: 25%
2026-10-01 14:02:24,378 DEBUG: a.l:-1 - number of files to extract:332835 number of files extracted: 80125
2026-10-01 14:02:24,378 DEBUG: a.k:-1 - Start extraction for file: /home/shen/tools/Xilinx/installer-2026.1/payload/data_2670_2026.1_0616_1700_encrypt.xz, to: /home/shen/tools/Xilinx/vitis-embedded-2026.1/2026.1
2026-10-01 14:02:24,379 DEBUG: a.k:-1 - Extracted file: /home/shen/tools/Xilinx/installer-2026.1/payload/data_2670_2026.1_0616_1700_encrypt.xz, to: /home/shen/tools/Xilinx/vitis-embedded-2026.1/2026.1, in 1 mili-sec
Memory usage -- Used memory: 47369 MB. Total memory: 47782 MB
Recent cpu usage for system: 0%
2026-10-01 14:02:24,379 DEBUG: a.l:-1 - number of files to extract:332835 number of files extracted: 80136
2026-10-01 14:02:24,379 DEBUG: a.k:-1 - Start extraction for file: /home/shen/tools/Xilinx/installer-2026.1/payload/data_2086_2026.1_0616_1700.xz, to: /home/shen/tools/Xilinx/vitis-embedded-2026.1/2026.1
2026-10-01 14:02:24,380 DEBUG: a.k:-1 - Extracted file: /home/shen/tools/Xilinx/installer-2026.1/payload/sdk_gnu_0039_2026.1_0616_1700.xz, to: /home/shen/tools/Xilinx/vitis-embedded-2026.1/2026.1, in 3147 mili-sec
Memory usage -- Used memory: 47369 MB. Total memory: 47782 MB
Recent cpu usage for system: 33%
2026-10-01 14:02:24,380 DEBUG: a.l:-1 - number of files to extract:332835 number of files extracted: 82964
2026-10-01 14:02:24,380 DEBUG: a.k:-1 - Start extraction for file: /home/shen/tools/Xilinx/installer-2026.1/payload/data_2095_2026.1_0616_1700_encrypt.xz, to: /home/shen/tools/Xilinx/vitis-embedded-2026.1/2026.1
2026-10-01 14:02:24,381 DEBUG: a.k:-1 - Extracted file: /home/shen/tools/Xilinx/installer-2026.1/payload/data_2095_2026.1_0616_1700_encrypt.xz, to: /home/shen/tools/Xilinx/vitis-embedded-2026.1/2026.1, in 1 mili-sec
Memory usage -- Used memory: 47369 MB. Total memory: 47782 MB
Recent cpu usage for system: 25%
2026-10-01 14:02:24,381 DEBUG: a.l:-1 - number of files to extract:332835 number of files extracted: 82975
2026-10-01 14:02:24,381 DEBUG: a.k:-1 - Start extraction for file: /home/shen/tools/Xilinx/installer-2026.1/payload/vitis_0144_2026.1_0616_1700.xz, to: /home/shen/tools/Xilinx/vitis-embedded-2026.1/2026.1
2026-10-01 14:02:25,121 DEBUG: a.k:-1 - Extracted file: /home/shen/tools/Xilinx/installer-2026.1/payload/installer_0003_2026.1_0616_1700.xz, to: /home/shen/tools/Xilinx/vitis-embedded-2026.1/.xinstall/2026.1, in 7080 mili-sec
Memory usage -- Used memory: 47337 MB. Total memory: 47782 MB
Recent cpu usage for system: 31%
2026-10-01 14:02:25,122 DEBUG: a.l:-1 - number of files to extract:332835 number of files extracted: 83197
2026-10-01 14:02:25,122 DEBUG: a.k:-1 - Start extraction for file: /home/shen/tools/Xilinx/installer-2026.1/payload/data_3076_2026.1_0616_1700_encrypt.xz, to: /home/shen/tools/Xilinx/vitis-embedded-2026.1/2026.1
2026-10-01 14:02:25,124 DEBUG: a.k:-1 - Extracted file: /home/shen/tools/Xilinx/installer-2026.1/payload/data_3076_2026.1_0616_1700_encrypt.xz, to: /home/shen/tools/Xilinx/vitis-embedded-2026.1/2026.1, in 1 mili-sec
Memory usage -- Used memory: 47337 MB. Total memory: 47782 MB
Recent cpu usage for system: 40%
2026-10-01 14:02:25,124 DEBUG: a.l:-1 - number of files to extract:332835 number of files extracted: 83208
2026-10-01 14:02:25,124 DEBUG: a.k:-1 - Start extraction for file: /home/shen/tools/Xilinx/installer-2026.1/payload/data_0835_2026.1_0616_1700_encrypt.xz, to: /home/shen/tools/Xilinx/vitis-embedded-2026.1/2026.1
2026-10-01 14:02:25,125 DEBUG: a.k:-1 - Extracted file: /home/shen/tools/Xilinx/installer-2026.1/payload/data_0835_2026.1_0616_1700_encrypt.xz, to: /home/shen/tools/Xilinx/vitis-embedded-2026.1/2026.1, in 1 mili-sec
Memory usage -- Used memory: 47337 MB. Total memory: 47782 MB
Recent cpu usage for system: 33%
2026-10-01 14:02:25,125 DEBUG: a.l:-1 - number of files to extract:332835 number of files extracted: 83219
2026-10-01 14:02:25,126 DEBUG: a.k:-1 - Start extraction for file: /home/shen/tools/Xilinx/installer-2026.1/payload/data_1046_2026.1_0616_1700.xz, to: /home/shen/tools/Xilinx/vitis-embedded-2026.1/2026.1
2026-10-01 14:02:26,468 DEBUG: a.k:-1 - Extracted file: /home/shen/tools/Xilinx/installer-2026.1/payload/sdk_gnu_0056_2026.1_0616_1700.xz, to: /home/shen/tools/Xilinx/vitis-embedded-2026.1/2026.1, in 2544 mili-sec
Memory usage -- Used memory: 47458 MB. Total memory: 47782 MB
Recent cpu usage for system: 32%
2026-10-01 14:02:26,468 DEBUG: a.l:-1 - number of files to extract:332835 number of files extracted: 85517
2026-10-01 14:02:26,468 DEBUG: a.k:-1 - Start extraction for file: /home/shen/tools/Xilinx/installer-2026.1/payload/vitis_0121_2026.1_0616_1700.xz, to: /home/shen/tools/Xilinx/vitis-embedded-2026.1/2026.1
2026-10-01 14:02:26,677 DEBUG: a.k:-1 - Extracted file: /home/shen/tools/Xilinx/installer-2026.1/payload/vitis_0090_2026.1_0616_1700.xz, to: /home/shen/tools/Xilinx/vitis-embedded-2026.1/2026.1/Vitis, in 3702 mili-sec
Memory usage -- Used memory: 47371 MB. Total memory: 47782 MB
Recent cpu usage for system: 33%
2026-10-01 14:02:26,677 DEBUG: a.l:-1 - number of files to extract:332835 number of files extracted: 91859
2026-10-01 14:02:26,677 DEBUG: a.k:-1 - Start extraction for file: /home/shen/tools/Xilinx/installer-2026.1/payload/data_1197_2026.1_0616_1700_encrypt.xz, to: /home/shen/tools/Xilinx/vitis-embedded-2026.1/2026.1
2026-10-01 14:02:26,679 DEBUG: a.k:-1 - Extracted file: /home/shen/tools/Xilinx/installer-2026.1/payload/data_1197_2026.1_0616_1700_encrypt.xz, to: /home/shen/tools/Xilinx/vitis-embedded-2026.1/2026.1, in 1 mili-sec
Memory usage -- Used memory: 47371 MB. Total memory: 47782 MB
Recent cpu usage for system: 50%
2026-10-01 14:02:26,679 DEBUG: a.l:-1 - number of files to extract:332835 number of files extracted: 91870
2026-10-01 14:02:26,679 DEBUG: a.k:-1 - Start extraction for file: /home/shen/tools/Xilinx/installer-2026.1/payload/data_2354_2026.1_0616_1700_encrypt.xz, to: /home/shen/tools/Xilinx/vitis-embedded-2026.1/2026.1
2026-10-01 14:02:26,684 DEBUG: a.k:-1 - Extracted file: /home/shen/tools/Xilinx/installer-2026.1/payload/data_2354_2026.1_0616_1700_encrypt.xz, to: /home/shen/tools/Xilinx/vitis-embedded-2026.1/2026.1, in 4 mili-sec
Memory usage -- Used memory: 47373 MB. Total memory: 47782 MB
Recent cpu usage for system: 27%
2026-10-01 14:02:26,684 DEBUG: a.l:-1 - number of files to extract:332835 number of files extracted: 91881
2026-10-01 14:02:26,684 DEBUG: a.k:-1 - Start extraction for file: /home/shen/tools/Xilinx/installer-2026.1/payload/data_1508_2026.1_0616_1700_encrypt.xz, to: /home/shen/tools/Xilinx/vitis-embedded-2026.1/2026.1
2026-10-01 14:02:26,685 DEBUG: a.k:-1 - Extracted file: /home/shen/tools/Xilinx/installer-2026.1/payload/data_1508_2026.1_0616_1700_encrypt.xz, to: /home/shen/tools/Xilinx/vitis-embedded-2026.1/2026.1, in 1 mili-sec
Memory usage -- Used memory: 47375 MB. Total memory: 47782 MB
Recent cpu usage for system: 50%
2026-10-01 14:02:26,685 DEBUG: a.l:-1 - number of files to extract:332835 number of files extracted: 91892
2026-10-01 14:02:26,686 DEBUG: a.k:-1 - Start extraction for file: /home/shen/tools/Xilinx/installer-2026.1/payload/data_1555_2026.1_0616_1700_encrypt.xz, to: /home/shen/tools/Xilinx/vitis-embedded-2026.1/2026.1
2026-10-01 14:02:26,687 DEBUG: a.k:-1 - Extracted file: /home/shen/tools/Xilinx/installer-2026.1/payload/data_1555_2026.1_0616_1700_encrypt.xz, to: /home/shen/tools/Xilinx/vitis-embedded-2026.1/2026.1, in 1 mili-sec
Memory usage -- Used memory: 47376 MB. Total memory: 47782 MB
Recent cpu usage for system: 33%
2026-10-01 14:02:26,687 DEBUG: a.l:-1 - number of files to extract:332835 number of files extracted: 91903
2026-10-01 14:02:26,687 DEBUG: a.k:-1 - Start extraction for file: /home/shen/tools/Xilinx/installer-2026.1/payload/data_2476_2026.1_0616_1700_encrypt.xz, to: /home/shen/tools/Xilinx/vitis-embedded-2026.1/2026.1
2026-10-01 14:02:26,689 DEBUG: a.k:-1 - Extracted file: /home/shen/tools/Xilinx/installer-2026.1/payload/data_2476_2026.1_0616_1700_encrypt.xz, to: /home/shen/tools/Xilinx/vitis-embedded-2026.1/2026.1, in 2 mili-sec
Memory usage -- Used memory: 47378 MB. Total memory: 47782 MB
Recent cpu usage for system: 33%
2026-10-01 14:02:26,689 DEBUG: a.l:-1 - number of files to extract:332835 number of files extracted: 91914
2026-10-01 14:02:26,690 DEBUG: a.k:-1 - Start extraction for file: /home/shen/tools/Xilinx/installer-2026.1/payload/data_1786_2026.1_0616_1700.xz, to: /home/shen/tools/Xilinx/vitis-embedded-2026.1/2026.1
2026-10-01 14:02:27,502 DEBUG: a.k:-1 - Extracted file: /home/shen/tools/Xilinx/installer-2026.1/payload/data_0887_2026.1_0616_1700.xz, to: /home/shen/tools/Xilinx/vitis-embedded-2026.1/2026.1, in 15185 mili-sec
Memory usage -- Used memory: 47363 MB. Total memory: 47782 MB
Recent cpu usage for system: 32%
2026-10-01 14:02:27,502 DEBUG: a.l:-1 - number of files to extract:332835 number of files extracted: 91923
2026-10-01 14:02:27,502 DEBUG: a.k:-1 - Start extraction for file: /home/shen/tools/Xilinx/installer-2026.1/payload/data_2979_2026.1_0616_1700_encrypt.xz, to: /home/shen/tools/Xilinx/vitis-embedded-2026.1/2026.1
2026-10-01 14:02:27,507 DEBUG: a.k:-1 - Extracted file: /home/shen/tools/Xilinx/installer-2026.1/payload/data_2979_2026.1_0616_1700_encrypt.xz, to: /home/shen/tools/Xilinx/vitis-embedded-2026.1/2026.1, in 4 mili-sec
Memory usage -- Used memory: 47328 MB. Total memory: 47782 MB
Recent cpu usage for system: 30%
2026-10-01 14:02:27,507 DEBUG: a.l:-1 - number of files to extract:332835 number of files extracted: 91934
2026-10-01 14:02:27,507 DEBUG: a.k:-1 - Start extraction for file: /home/shen/tools/Xilinx/installer-2026.1/payload/universal_0002_2026.1_0616_1700.xz, to: /home/shen/tools/Xilinx/vitis-embedded-2026.1/2026.1
2026-10-01 14:02:27,516 DEBUG: a.k:-1 - Extracted file: /home/shen/tools/Xilinx/installer-2026.1/payload/vitis_0144_2026.1_0616_1700.xz, to: /home/shen/tools/Xilinx/vitis-embedded-2026.1/2026.1, in 3135 mili-sec
Memory usage -- Used memory: 47347 MB. Total memory: 47782 MB
Recent cpu usage for system: 30%
2026-10-01 14:02:27,517 DEBUG: a.l:-1 - number of files to extract:332835 number of files extracted: 92941
2026-10-01 14:02:27,517 DEBUG: a.k:-1 - Start extraction for file: /home/shen/tools/Xilinx/installer-2026.1/payload/data_2637_2026.1_0616_1700_encrypt.xz, to: /home/shen/tools/Xilinx/vitis-embedded-2026.1/2026.1
2026-10-01 14:02:27,518 DEBUG: a.k:-1 - Extracted file: /home/shen/tools/Xilinx/installer-2026.1/payload/data_2637_2026.1_0616_1700_encrypt.xz, to: /home/shen/tools/Xilinx/vitis-embedded-2026.1/2026.1, in 1 mili-sec
Memory usage -- Used memory: 47347 MB. Total memory: 47782 MB
Recent cpu usage for system: 25%
2026-10-01 14:02:27,518 DEBUG: a.l:-1 - number of files to extract:332835 number of files extracted: 92952
2026-10-01 14:02:27,518 DEBUG: a.k:-1 - Start extraction for file: /home/shen/tools/Xilinx/installer-2026.1/payload/data_1932_2026.1_0616_1700_encrypt.xz, to: /home/shen/tools/Xilinx/vitis-embedded-2026.1/2026.1
2026-10-01 14:02:27,519 DEBUG: a.k:-1 - Extracted file: /home/shen/tools/Xilinx/installer-2026.1/payload/data_1932_2026.1_0616_1700_encrypt.xz, to: /home/shen/tools/Xilinx/vitis-embedded-2026.1/2026.1, in 1 mili-sec
Memory usage -- Used memory: 47348 MB. Total memory: 47782 MB
Recent cpu usage for system: 33%
2026-10-01 14:02:27,519 DEBUG: a.l:-1 - number of files to extract:332835 number of files extracted: 92963
2026-10-01 14:02:27,519 DEBUG: a.k:-1 - Start extraction for file: /home/shen/tools/Xilinx/installer-2026.1/payload/data_1633_2026.1_0616_1700_encrypt.xz, to: /home/shen/tools/Xilinx/vitis-embedded-2026.1/2026.1
2026-10-01 14:02:27,520 DEBUG: a.k:-1 - Extracted file: /home/shen/tools/Xilinx/installer-2026.1/payload/data_1633_2026.1_0616_1700_encrypt.xz, to: /home/shen/tools/Xilinx/vitis-embedded-2026.1/2026.1, in 1 mili-sec
Memory usage -- Used memory: 47348 MB. Total memory: 47782 MB
Recent cpu usage for system: 33%
2026-10-01 14:02:27,520 DEBUG: a.l:-1 - number of files to extract:332835 number of files extracted: 92974
2026-10-01 14:02:27,520 DEBUG: a.k:-1 - Start extraction for file: /home/shen/tools/Xilinx/installer-2026.1/payload/sdk_gnu_0020_2026.1_0616_1700.xz, to: /home/shen/tools/Xilinx/vitis-embedded-2026.1/2026.1
2026-10-01 14:02:29,509 DEBUG: a.k:-1 - Extracted file: /home/shen/tools/Xilinx/installer-2026.1/payload/universal_0002_2026.1_0616_1700.xz, to: /home/shen/tools/Xilinx/vitis-embedded-2026.1/2026.1, in 2001 mili-sec
Memory usage -- Used memory: 47411 MB. Total memory: 47782 MB
Recent cpu usage for system: 32%
2026-10-01 14:02:29,509 DEBUG: a.l:-1 - number of files to extract:332835 number of files extracted: 93631
2026-10-01 14:02:29,509 DEBUG: a.k:-1 - Start extraction for file: /home/shen/tools/Xilinx/installer-2026.1/payload/sdk_gnu_0067_2026.1_0616_1700.xz, to: /home/shen/tools/Xilinx/vitis-embedded-2026.1/2026.1
2026-10-01 14:02:30,171 DEBUG: a.k:-1 - Extracted file: /home/shen/tools/Xilinx/installer-2026.1/payload/vitis_0121_2026.1_0616_1700.xz, to: /home/shen/tools/Xilinx/vitis-embedded-2026.1/2026.1, in 3702 mili-sec
Memory usage -- Used memory: 47474 MB. Total memory: 47782 MB
Recent cpu usage for system: 31%
2026-10-01 14:02:30,171 DEBUG: a.l:-1 - number of files to extract:332835 number of files extracted: 94245
2026-10-01 14:02:30,171 DEBUG: a.k:-1 - Start extraction for file: /home/shen/tools/Xilinx/installer-2026.1/payload/sdk_gnu_0014_2026.1_0616_1700.xz, to: /home/shen/tools/Xilinx/vitis-embedded-2026.1/2026.1
2026-10-01 14:02:30,531 DEBUG: a.k:-1 - Extracted file: /home/shen/tools/Xilinx/installer-2026.1/payload/sdk_gnu_0020_2026.1_0616_1700.xz, to: /home/shen/tools/Xilinx/vitis-embedded-2026.1/2026.1, in 3011 mili-sec
Memory usage -- Used memory: 47470 MB. Total memory: 47782 MB
Recent cpu usage for system: 33%
2026-10-01 14:02:30,532 DEBUG: a.l:-1 - number of files to extract:332835 number of files extracted: 95874
2026-10-01 14:02:30,532 DEBUG: a.k:-1 - Start extraction for file: /home/shen/tools/Xilinx/installer-2026.1/payload/vitis_0114_2026.1_0616_1700.xz, to: /home/shen/tools/Xilinx/vitis-embedded-2026.1/2026.1/Vitis
2026-10-01 14:02:31,261 DEBUG: a.k:-1 - Extracted file: /home/shen/tools/Xilinx/installer-2026.1/payload/sdk_gnu_0067_2026.1_0616_1700.xz, to: /home/shen/tools/Xilinx/vitis-embedded-2026.1/2026.1, in 1751 mili-sec
Memory usage -- Used memory: 47333 MB. Total memory: 47782 MB
Recent cpu usage for system: 31%
2026-10-01 14:02:31,261 DEBUG: a.l:-1 - number of files to extract:332835 number of files extracted: 97278
2026-10-01 14:02:31,261 DEBUG: a.k:-1 - Start extraction for file: /home/shen/tools/Xilinx/installer-2026.1/payload/data_1755_2026.1_0616_1700_encrypt.xz, to: /home/shen/tools/Xilinx/vitis-embedded-2026.1/2026.1
2026-10-01 14:02:31,263 DEBUG: a.k:-1 - Extracted file: /home/shen/tools/Xilinx/installer-2026.1/payload/data_1755_2026.1_0616_1700_encrypt.xz, to: /home/shen/tools/Xilinx/vitis-embedded-2026.1/2026.1, in 1 mili-sec
Memory usage -- Used memory: 47333 MB. Total memory: 47782 MB
Recent cpu usage for system: 25%
2026-10-01 14:02:31,263 DEBUG: a.l:-1 - number of files to extract:332835 number of files extracted: 97289
2026-10-01 14:02:31,263 DEBUG: a.k:-1 - Start extraction for file: /home/shen/tools/Xilinx/installer-2026.1/payload/data_3062_2026.1_0616_1700_encrypt.xz, to: /home/shen/tools/Xilinx/vitis-embedded-2026.1/2026.1
2026-10-01 14:02:31,264 DEBUG: a.k:-1 - Extracted file: /home/shen/tools/Xilinx/installer-2026.1/payload/data_3062_2026.1_0616_1700_encrypt.xz, to: /home/shen/tools/Xilinx/vitis-embedded-2026.1/2026.1, in 1 mili-sec
Memory usage -- Used memory: 47333 MB. Total memory: 47782 MB
Recent cpu usage for system: 40%
2026-10-01 14:02:31,265 DEBUG: a.l:-1 - number of files to extract:332835 number of files extracted: 97300
2026-10-01 14:02:31,265 DEBUG: a.k:-1 - Start extraction for file: /home/shen/tools/Xilinx/installer-2026.1/payload/data_1461_2026.1_0616_1700_encrypt.xz, to: /home/shen/tools/Xilinx/vitis-embedded-2026.1/2026.1
2026-10-01 14:02:31,266 DEBUG: a.k:-1 - Extracted file: /home/shen/tools/Xilinx/installer-2026.1/payload/data_1461_2026.1_0616_1700_encrypt.xz, to: /home/shen/tools/Xilinx/vitis-embedded-2026.1/2026.1, in 1 mili-sec
Memory usage -- Used memory: 47334 MB. Total memory: 47782 MB
Recent cpu usage for system: 0%
2026-10-01 14:02:31,266 DEBUG: a.l:-1 - number of files to extract:332835 number of files extracted: 97311
2026-10-01 14:02:31,266 DEBUG: a.k:-1 - Start extraction for file: /home/shen/tools/Xilinx/installer-2026.1/payload/data_1445_2026.1_0616_1700_encrypt.xz, to: /home/shen/tools/Xilinx/vitis-embedded-2026.1/2026.1
2026-10-01 14:02:31,268 DEBUG: a.k:-1 - Extracted file: /home/shen/tools/Xilinx/installer-2026.1/payload/data_1445_2026.1_0616_1700_encrypt.xz, to: /home/shen/tools/Xilinx/vitis-embedded-2026.1/2026.1, in 1 mili-sec
Memory usage -- Used memory: 47335 MB. Total memory: 47782 MB
Recent cpu usage for system: 20%
2026-10-01 14:02:31,268 DEBUG: a.l:-1 - number of files to extract:332835 number of files extracted: 97322
2026-10-01 14:02:31,268 DEBUG: a.k:-1 - Start extraction for file: /home/shen/tools/Xilinx/installer-2026.1/payload/sdk_gnu_0043_2026.1_0616_1700.xz, to: /home/shen/tools/Xilinx/vitis-embedded-2026.1/2026.1
2026-10-01 14:02:33,385 DEBUG: a.k:-1 - Extracted file: /home/shen/tools/Xilinx/installer-2026.1/payload/sdk_gnu_0014_2026.1_0616_1700.xz, to: /home/shen/tools/Xilinx/vitis-embedded-2026.1/2026.1, in 3214 mili-sec
Memory usage -- Used memory: 47434 MB. Total memory: 47782 MB
Recent cpu usage for system: 32%
2026-10-01 14:02:33,385 DEBUG: a.l:-1 - number of files to extract:332835 number of files extracted: 99241
2026-10-01 14:02:33,386 DEBUG: a.k:-1 - Start extraction for file: /home/shen/tools/Xilinx/installer-2026.1/payload/data_1173_2026.1_0616_1700_encrypt.xz, to: /home/shen/tools/Xilinx/vitis-embedded-2026.1/2026.1
2026-10-01 14:02:33,390 DEBUG: a.k:-1 - Extracted file: /home/shen/tools/Xilinx/installer-2026.1/payload/data_1173_2026.1_0616_1700_encrypt.xz, to: /home/shen/tools/Xilinx/vitis-embedded-2026.1/2026.1, in 3 mili-sec
Memory usage -- Used memory: 47435 MB. Total memory: 47782 MB
Recent cpu usage for system: 30%
2026-10-01 14:02:33,390 DEBUG: a.l:-1 - number of files to extract:332835 number of files extracted: 99252
2026-10-01 14:02:33,390 DEBUG: a.k:-1 - Start extraction for file: /home/shen/tools/Xilinx/installer-2026.1/payload/vitis_0043_2026.1_0616_1700_strip.xz, to: /home/shen/tools/Xilinx/vitis-embedded-2026.1/2026.1/Vitis
2026-10-01 14:02:33,392 DEBUG: a.k:-1 - Extracted file: /home/shen/tools/Xilinx/installer-2026.1/payload/vitis_0043_2026.1_0616_1700_strip.xz, to: /home/shen/tools/Xilinx/vitis-embedded-2026.1/2026.1/Vitis, in 1 mili-sec
Memory usage -- Used memory: 47441 MB. Total memory: 47782 MB
Recent cpu usage for system: 40%
2026-10-01 14:02:33,392 DEBUG: a.l:-1 - number of files to extract:332835 number of files extracted: 99253
2026-10-01 14:02:33,392 DEBUG: a.k:-1 - Start extraction for file: /home/shen/tools/Xilinx/installer-2026.1/payload/universal_0007_2026.1_0616_1700.xz, to: /home/shen/tools/Xilinx/vitis-embedded-2026.1/2026.1
2026-10-01 14:02:33,600 DEBUG: a.k:-1 - Extracted file: /home/shen/tools/Xilinx/installer-2026.1/payload/vitis_0114_2026.1_0616_1700.xz, to: /home/shen/tools/Xilinx/vitis-embedded-2026.1/2026.1/Vitis, in 3068 mili-sec
Memory usage -- Used memory: 47353 MB. Total memory: 47782 MB
Recent cpu usage for system: 33%
2026-10-01 14:02:33,600 DEBUG: a.l:-1 - number of files to extract:332835 number of files extracted: 99334
2026-10-01 14:02:33,600 DEBUG: a.k:-1 - Start extraction for file: /home/shen/tools/Xilinx/installer-2026.1/payload/data_1013_2026.1_0616_1700_encrypt.xz, to: /home/shen/tools/Xilinx/vitis-embedded-2026.1/2026.1
2026-10-01 14:02:33,601 DEBUG: a.k:-1 - Extracted file: /home/shen/tools/Xilinx/installer-2026.1/payload/data_1013_2026.1_0616_1700_encrypt.xz, to: /home/shen/tools/Xilinx/vitis-embedded-2026.1/2026.1, in 1 mili-sec
Memory usage -- Used memory: 47353 MB. Total memory: 47782 MB
Recent cpu usage for system: 60%
2026-10-01 14:02:33,602 DEBUG: a.l:-1 - number of files to extract:332835 number of files extracted: 99345
2026-10-01 14:02:33,602 DEBUG: a.k:-1 - Start extraction for file: /home/shen/tools/Xilinx/installer-2026.1/payload/data_2773_2026.1_0616_1700.xz, to: /home/shen/tools/Xilinx/vitis-embedded-2026.1/2026.1
2026-10-01 14:02:34,334 DEBUG: a.k:-1 - Extracted file: /home/shen/tools/Xilinx/installer-2026.1/payload/sdk_gnu_0043_2026.1_0616_1700.xz, to: /home/shen/tools/Xilinx/vitis-embedded-2026.1/2026.1, in 3065 mili-sec
Memory usage -- Used memory: 47392 MB. Total memory: 47782 MB
Recent cpu usage for system: 34%
2026-10-01 14:02:34,334 DEBUG: a.l:-1 - number of files to extract:332835 number of files extracted: 102527
2026-10-01 14:02:34,334 DEBUG: a.k:-1 - Start extraction for file: /home/shen/tools/Xilinx/installer-2026.1/payload/vitis_0094_2026.1_0616_1700.xz, to: /home/shen/tools/Xilinx/vitis-embedded-2026.1/2026.1
2026-10-01 14:02:35,812 DEBUG: a.k:-1 - Extracted file: /home/shen/tools/Xilinx/installer-2026.1/payload/universal_0007_2026.1_0616_1700.xz, to: /home/shen/tools/Xilinx/vitis-embedded-2026.1/2026.1, in 2420 mili-sec
Memory usage -- Used memory: 47077 MB. Total memory: 47782 MB
Recent cpu usage for system: 32%
2026-10-01 14:02:35,812 DEBUG: a.l:-1 - number of files to extract:332835 number of files extracted: 103466
2026-10-01 14:02:35,812 DEBUG: a.k:-1 - Start extraction for file: /home/shen/tools/Xilinx/installer-2026.1/payload/data_0812_2026.1_0616_1700_encrypt.xz, to: /home/shen/tools/Xilinx/vitis-embedded-2026.1/2026.1
2026-10-01 14:02:35,815 DEBUG: a.k:-1 - Extracted file: /home/shen/tools/Xilinx/installer-2026.1/payload/data_0812_2026.1_0616_1700_encrypt.xz, to: /home/shen/tools/Xilinx/vitis-embedded-2026.1/2026.1, in 2 mili-sec
Memory usage -- Used memory: 47078 MB. Total memory: 47782 MB
Recent cpu usage for system: 28%
2026-10-01 14:02:35,815 DEBUG: a.l:-1 - number of files to extract:332835 number of files extracted: 103477
2026-10-01 14:02:35,815 DEBUG: a.k:-1 - Start extraction for file: /home/shen/tools/Xilinx/installer-2026.1/payload/data_1949_2026.1_0616_1700_encrypt.xz, to: /home/shen/tools/Xilinx/vitis-embedded-2026.1/2026.1
2026-10-01 14:02:35,817 DEBUG: a.k:-1 - Extracted file: /home/shen/tools/Xilinx/installer-2026.1/payload/data_1949_2026.1_0616_1700_encrypt.xz, to: /home/shen/tools/Xilinx/vitis-embedded-2026.1/2026.1, in 2 mili-sec
Memory usage -- Used memory: 47082 MB. Total memory: 47782 MB
Recent cpu usage for system: 25%
2026-10-01 14:02:35,817 DEBUG: a.l:-1 - number of files to extract:332835 number of files extracted: 103488
2026-10-01 14:02:35,817 DEBUG: a.k:-1 - Start extraction for file: /home/shen/tools/Xilinx/installer-2026.1/payload/vitis_0137_2026.1_0616_1700_strip.xz, to: /home/shen/tools/Xilinx/vitis-embedded-2026.1/2026.1/Vitis
2026-10-01 14:02:35,968 DEBUG: a.k:-1 - Extracted file: /home/shen/tools/Xilinx/installer-2026.1/payload/vitis_0137_2026.1_0616_1700_strip.xz, to: /home/shen/tools/Xilinx/vitis-embedded-2026.1/2026.1/Vitis, in 150 mili-sec
Memory usage -- Used memory: 47132 MB. Total memory: 47782 MB
Recent cpu usage for system: 32%
2026-10-01 14:02:35,968 DEBUG: a.l:-1 - number of files to extract:332835 number of files extracted: 103499
2026-10-01 14:02:35,968 DEBUG: a.k:-1 - Start extraction for file: /home/shen/tools/Xilinx/installer-2026.1/payload/data_0538_2026.1_0616_1700.xz, to: /home/shen/tools/Xilinx/vitis-embedded-2026.1/2026.1
2026-10-01 14:02:37,868 DEBUG: a.k:-1 - Extracted file: /home/shen/tools/Xilinx/installer-2026.1/payload/vitis_0094_2026.1_0616_1700.xz, to: /home/shen/tools/Xilinx/vitis-embedded-2026.1/2026.1, in 3534 mili-sec
Memory usage -- Used memory: 46965 MB. Total memory: 47782 MB
Recent cpu usage for system: 32%
2026-10-01 14:02:37,869 DEBUG: a.l:-1 - number of files to extract:332835 number of files extracted: 105175
2026-10-01 14:02:37,869 DEBUG: a.k:-1 - Start extraction for file: /home/shen/tools/Xilinx/installer-2026.1/payload/data_1588_2026.1_0616_1700_encrypt.xz, to: /home/shen/tools/Xilinx/vitis-embedded-2026.1/2026.1
2026-10-01 14:02:37,870 DEBUG: a.k:-1 - Extracted file: /home/shen/tools/Xilinx/installer-2026.1/payload/data_1588_2026.1_0616_1700_encrypt.xz, to: /home/shen/tools/Xilinx/vitis-embedded-2026.1/2026.1, in 1 mili-sec
Memory usage -- Used memory: 46966 MB. Total memory: 47782 MB
Recent cpu usage for system: 25%
2026-10-01 14:02:37,870 DEBUG: a.l:-1 - number of files to extract:332835 number of files extracted: 105186
2026-10-01 14:02:37,870 DEBUG: a.k:-1 - Start extraction for file: /home/shen/tools/Xilinx/installer-2026.1/payload/vitis_0129_2026.1_0616_1700_strip.xz, to: /home/shen/tools/Xilinx/vitis-embedded-2026.1/2026.1/Vitis
2026-10-01 14:02:37,942 DEBUG: a.k:-1 - Extracted file: /home/shen/tools/Xilinx/installer-2026.1/payload/vitis_0129_2026.1_0616_1700_strip.xz, to: /home/shen/tools/Xilinx/vitis-embedded-2026.1/2026.1/Vitis, in 71 mili-sec
Memory usage -- Used memory: 47004 MB. Total memory: 47782 MB
Recent cpu usage for system: 33%
2026-10-01 14:02:37,942 DEBUG: a.l:-1 - number of files to extract:332835 number of files extracted: 105197
2026-10-01 14:02:37,942 DEBUG: a.k:-1 - Start extraction for file: /home/shen/tools/Xilinx/installer-2026.1/payload/data_2222_2026.1_0616_1700_encrypt.xz, to: /home/shen/tools/Xilinx/vitis-embedded-2026.1/2026.1
2026-10-01 14:02:37,944 DEBUG: a.k:-1 - Extracted file: /home/shen/tools/Xilinx/installer-2026.1/payload/data_2222_2026.1_0616_1700_encrypt.xz, to: /home/shen/tools/Xilinx/vitis-embedded-2026.1/2026.1, in 2 mili-sec
Memory usage -- Used memory: 47005 MB. Total memory: 47782 MB
Recent cpu usage for system: 40%
2026-10-01 14:02:37,944 DEBUG: a.l:-1 - number of files to extract:332835 number of files extracted: 105208
2026-10-01 14:02:37,944 DEBUG: a.k:-1 - Start extraction for file: /home/shen/tools/Xilinx/installer-2026.1/payload/data_3056_2026.1_0616_1700_encrypt.xz, to: /home/shen/tools/Xilinx/vitis-embedded-2026.1/2026.1
2026-10-01 14:02:37,948 DEBUG: a.k:-1 - Extracted file: /home/shen/tools/Xilinx/installer-2026.1/payload/data_3056_2026.1_0616_1700_encrypt.xz, to: /home/shen/tools/Xilinx/vitis-embedded-2026.1/2026.1, in 3 mili-sec
Memory usage -- Used memory: 47005 MB. Total memory: 47782 MB
Recent cpu usage for system: 33%
2026-10-01 14:02:37,948 DEBUG: a.l:-1 - number of files to extract:332835 number of files extracted: 105219
2026-10-01 14:02:37,948 DEBUG: a.k:-1 - Start extraction for file: /home/shen/tools/Xilinx/installer-2026.1/payload/data_0846_2026.1_0616_1700_encrypt.xz, to: /home/shen/tools/Xilinx/vitis-embedded-2026.1/2026.1
2026-10-01 14:02:37,950 DEBUG: a.k:-1 - Extracted file: /home/shen/tools/Xilinx/installer-2026.1/payload/data_0846_2026.1_0616_1700_encrypt.xz, to: /home/shen/tools/Xilinx/vitis-embedded-2026.1/2026.1, in 2 mili-sec
Memory usage -- Used memory: 47005 MB. Total memory: 47782 MB
Recent cpu usage for system: 33%
2026-10-01 14:02:37,950 DEBUG: a.l:-1 - number of files to extract:332835 number of files extracted: 105230
2026-10-01 14:02:37,951 DEBUG: a.k:-1 - Start extraction for file: /home/shen/tools/Xilinx/installer-2026.1/payload/data_2974_2026.1_0616_1700_encrypt.xz, to: /home/shen/tools/Xilinx/vitis-embedded-2026.1/2026.1
2026-10-01 14:02:37,952 DEBUG: a.k:-1 - Extracted file: /home/shen/tools/Xilinx/installer-2026.1/payload/data_2974_2026.1_0616_1700_encrypt.xz, to: /home/shen/tools/Xilinx/vitis-embedded-2026.1/2026.1, in 0 mili-sec
Memory usage -- Used memory: 47007 MB. Total memory: 47782 MB
Recent cpu usage for system: 33%
2026-10-01 14:02:37,952 DEBUG: a.l:-1 - number of files to extract:332835 number of files extracted: 105241
2026-10-01 14:02:37,952 DEBUG: a.k:-1 - Start extraction for file: /home/shen/tools/Xilinx/installer-2026.1/payload/data_1696_2026.1_0616_1700_encrypt.xz, to: /home/shen/tools/Xilinx/vitis-embedded-2026.1/2026.1
2026-10-01 14:02:37,954 DEBUG: a.k:-1 - Extracted file: /home/shen/tools/Xilinx/installer-2026.1/payload/data_1696_2026.1_0616_1700_encrypt.xz, to: /home/shen/tools/Xilinx/vitis-embedded-2026.1/2026.1, in 2 mili-sec
Memory usage -- Used memory: 47008 MB. Total memory: 47782 MB
Recent cpu usage for system: 33%
2026-10-01 14:02:37,955 DEBUG: a.l:-1 - number of files to extract:332835 number of files extracted: 105252
2026-10-01 14:02:37,955 DEBUG: a.k:-1 - Start extraction for file: /home/shen/tools/Xilinx/installer-2026.1/payload/data_2328_2026.1_0616_1700_encrypt.xz, to: /home/shen/tools/Xilinx/vitis-embedded-2026.1/2026.1
2026-10-01 14:02:37,956 DEBUG: a.k:-1 - Extracted file: /home/shen/tools/Xilinx/installer-2026.1/payload/data_2328_2026.1_0616_1700_encrypt.xz, to: /home/shen/tools/Xilinx/vitis-embedded-2026.1/2026.1, in 1 mili-sec
Memory usage -- Used memory: 47008 MB. Total memory: 47782 MB
Recent cpu usage for system: 0%
2026-10-01 14:02:37,956 DEBUG: a.l:-1 - number of files to extract:332835 number of files extracted: 105263
2026-10-01 14:02:37,956 DEBUG: a.k:-1 - Start extraction for file: /home/shen/tools/Xilinx/installer-2026.1/payload/data_2228_2026.1_0616_1700_encrypt.xz, to: /home/shen/tools/Xilinx/vitis-embedded-2026.1/2026.1
2026-10-01 14:02:37,961 DEBUG: a.k:-1 - Extracted file: /home/shen/tools/Xilinx/installer-2026.1/payload/data_2228_2026.1_0616_1700_encrypt.xz, to: /home/shen/tools/Xilinx/vitis-embedded-2026.1/2026.1, in 5 mili-sec
Memory usage -- Used memory: 47010 MB. Total memory: 47782 MB
Recent cpu usage for system: 36%
2026-10-01 14:02:37,961 DEBUG: a.l:-1 - number of files to extract:332835 number of files extracted: 105274
2026-10-01 14:02:37,961 DEBUG: a.k:-1 - Start extraction for file: /home/shen/tools/Xilinx/installer-2026.1/payload/data_2433_2026.1_0616_1700_encrypt.xz, to: /home/shen/tools/Xilinx/vitis-embedded-2026.1/2026.1
2026-10-01 14:02:37,963 DEBUG: a.k:-1 - Extracted file: /home/shen/tools/Xilinx/installer-2026.1/payload/data_2433_2026.1_0616_1700_encrypt.xz, to: /home/shen/tools/Xilinx/vitis-embedded-2026.1/2026.1, in 2 mili-sec
Memory usage -- Used memory: 47010 MB. Total memory: 47782 MB
Recent cpu usage for system: 40%
2026-10-01 14:02:37,963 DEBUG: a.l:-1 - number of files to extract:332835 number of files extracted: 105285
2026-10-01 14:02:37,963 DEBUG: a.k:-1 - Start extraction for file: /home/shen/tools/Xilinx/installer-2026.1/payload/data_2405_2026.1_0616_1700_encrypt.xz, to: /home/shen/tools/Xilinx/vitis-embedded-2026.1/2026.1
2026-10-01 14:02:37,965 DEBUG: a.k:-1 - Extracted file: /home/shen/tools/Xilinx/installer-2026.1/payload/data_2405_2026.1_0616_1700_encrypt.xz, to: /home/shen/tools/Xilinx/vitis-embedded-2026.1/2026.1, in 2 mili-sec
Memory usage -- Used memory: 47011 MB. Total memory: 47782 MB
Recent cpu usage for system: 33%
2026-10-01 14:02:37,966 DEBUG: a.l:-1 - number of files to extract:332835 number of files extracted: 105296
2026-10-01 14:02:37,966 DEBUG: a.k:-1 - Start extraction for file: /home/shen/tools/Xilinx/installer-2026.1/payload/vitis_0010_2026.1_0616_1700.xz, to: /home/shen/tools/Xilinx/vitis-embedded-2026.1/2026.1
2026-10-01 14:02:38,180 DEBUG: a.k:-1 - Extracted file: /home/shen/tools/Xilinx/installer-2026.1/payload/data_2086_2026.1_0616_1700.xz, to: /home/shen/tools/Xilinx/vitis-embedded-2026.1/2026.1, in 13801 mili-sec
Memory usage -- Used memory: 46959 MB. Total memory: 47782 MB
Recent cpu usage for system: 33%
2026-10-01 14:02:38,180 DEBUG: a.l:-1 - number of files to extract:332835 number of files extracted: 105309
2026-10-01 14:02:38,181 DEBUG: a.k:-1 - Start extraction for file: /home/shen/tools/Xilinx/installer-2026.1/payload/sdk_gnu_0027_2026.1_0616_1700.xz, to: /home/shen/tools/Xilinx/vitis-embedded-2026.1/2026.1
2026-10-01 14:02:38,231 DEBUG: a.k:-1 - Extracted file: /home/shen/tools/Xilinx/installer-2026.1/payload/vitis_0010_2026.1_0616_1700.xz, to: /home/shen/tools/Xilinx/vitis-embedded-2026.1/2026.1, in 264 mili-sec
Memory usage -- Used memory: 46969 MB. Total memory: 47782 MB
Recent cpu usage for system: 33%
2026-10-01 14:02:38,231 DEBUG: a.l:-1 - number of files to extract:332835 number of files extracted: 107220
2026-10-01 14:02:38,231 DEBUG: a.k:-1 - Start extraction for file: /home/shen/tools/Xilinx/installer-2026.1/payload/data_0309_2026.1_0616_1700_encrypt.xz, to: /home/shen/tools/Xilinx/vitis-embedded-2026.1/2026.1
2026-10-01 14:02:38,233 DEBUG: a.k:-1 - Extracted file: /home/shen/tools/Xilinx/installer-2026.1/payload/data_0309_2026.1_0616_1700_encrypt.xz, to: /home/shen/tools/Xilinx/vitis-embedded-2026.1/2026.1, in 2 mili-sec
Memory usage -- Used memory: 46969 MB. Total memory: 47782 MB
Recent cpu usage for system: 40%
2026-10-01 14:02:38,233 DEBUG: a.l:-1 - number of files to extract:332835 number of files extracted: 107231
2026-10-01 14:02:38,233 DEBUG: a.k:-1 - Start extraction for file: /home/shen/tools/Xilinx/installer-2026.1/payload/vitis_0156_2026.1_0616_1700.xz, to: /home/shen/tools/Xilinx/vitis-embedded-2026.1/2026.1/Vitis
2026-10-01 14:02:39,313 DEBUG: a.k:-1 - Extracted file: /home/shen/tools/Xilinx/installer-2026.1/payload/vitis_0156_2026.1_0616_1700.xz, to: /home/shen/tools/Xilinx/vitis-embedded-2026.1/2026.1/Vitis, in 1080 mili-sec
Memory usage -- Used memory: 47020 MB. Total memory: 47782 MB
Recent cpu usage for system: 32%
2026-10-01 14:02:39,313 DEBUG: a.l:-1 - number of files to extract:332835 number of files extracted: 107248
2026-10-01 14:02:39,313 DEBUG: a.k:-1 - Start extraction for file: /home/shen/tools/Xilinx/installer-2026.1/payload/sdk_gnu_0037_2026.1_0616_1700.xz, to: /home/shen/tools/Xilinx/vitis-embedded-2026.1/2026.1
2026-10-01 14:02:40,248 DEBUG: a.k:-1 - Extracted file: /home/shen/tools/Xilinx/installer-2026.1/payload/sdk_gnu_0027_2026.1_0616_1700.xz, to: /home/shen/tools/Xilinx/vitis-embedded-2026.1/2026.1, in 2066 mili-sec
Memory usage -- Used memory: 46896 MB. Total memory: 47782 MB
Recent cpu usage for system: 32%
2026-10-01 14:02:40,248 DEBUG: a.l:-1 - number of files to extract:332835 number of files extracted: 109739
2026-10-01 14:02:40,248 DEBUG: a.k:-1 - Start extraction for file: /home/shen/tools/Xilinx/installer-2026.1/payload/data_1580_2026.1_0616_1700_encrypt.xz, to: /home/shen/tools/Xilinx/vitis-embedded-2026.1/2026.1
2026-10-01 14:02:40,249 DEBUG: a.k:-1 - Extracted file: /home/shen/tools/Xilinx/installer-2026.1/payload/data_1580_2026.1_0616_1700_encrypt.xz, to: /home/shen/tools/Xilinx/vitis-embedded-2026.1/2026.1, in 1 mili-sec
Memory usage -- Used memory: 46896 MB. Total memory: 47782 MB
Recent cpu usage for system: 33%
2026-10-01 14:02:40,249 DEBUG: a.l:-1 - number of files to extract:332835 number of files extracted: 109750
2026-10-01 14:02:40,249 DEBUG: a.k:-1 - Start extraction for file: /home/shen/tools/Xilinx/installer-2026.1/payload/data_1901_2026.1_0616_1700_encrypt.xz, to: /home/shen/tools/Xilinx/vitis-embedded-2026.1/2026.1
2026-10-01 14:02:40,250 DEBUG: a.k:-1 - Extracted file: /home/shen/tools/Xilinx/installer-2026.1/payload/data_1901_2026.1_0616_1700_encrypt.xz, to: /home/shen/tools/Xilinx/vitis-embedded-2026.1/2026.1, in 1 mili-sec
Memory usage -- Used memory: 46896 MB. Total memory: 47782 MB
Recent cpu usage for system: 50%
2026-10-01 14:02:40,251 DEBUG: a.l:-1 - number of files to extract:332835 number of files extracted: 109761
2026-10-01 14:02:40,251 DEBUG: a.k:-1 - Start extraction for file: /home/shen/tools/Xilinx/installer-2026.1/payload/data_2669_2026.1_0616_1700_encrypt.xz, to: /home/shen/tools/Xilinx/vitis-embedded-2026.1/2026.1
2026-10-01 14:02:40,252 DEBUG: a.k:-1 - Extracted file: /home/shen/tools/Xilinx/installer-2026.1/payload/data_2669_2026.1_0616_1700_encrypt.xz, to: /home/shen/tools/Xilinx/vitis-embedded-2026.1/2026.1, in 1 mili-sec
Memory usage -- Used memory: 46896 MB. Total memory: 47782 MB
Recent cpu usage for system: 40%
2026-10-01 14:02:40,253 DEBUG: a.l:-1 - number of files to extract:332835 number of files extracted: 109772
2026-10-01 14:02:40,253 DEBUG: a.k:-1 - Start extraction for file: /home/shen/tools/Xilinx/installer-2026.1/payload/data_2318_2026.1_0616_1700_encrypt.xz, to: /home/shen/tools/Xilinx/vitis-embedded-2026.1/2026.1
2026-10-01 14:02:40,254 DEBUG: a.k:-1 - Extracted file: /home/shen/tools/Xilinx/installer-2026.1/payload/data_2318_2026.1_0616_1700_encrypt.xz, to: /home/shen/tools/Xilinx/vitis-embedded-2026.1/2026.1, in 0 mili-sec
Memory usage -- Used memory: 46896 MB. Total memory: 47782 MB
Recent cpu usage for system: 50%
2026-10-01 14:02:40,254 DEBUG: a.l:-1 - number of files to extract:332835 number of files extracted: 109783
2026-10-01 14:02:40,254 DEBUG: a.k:-1 - Start extraction for file: /home/shen/tools/Xilinx/installer-2026.1/payload/data_1746_2026.1_0616_1700_encrypt.xz, to: /home/shen/tools/Xilinx/vitis-embedded-2026.1/2026.1
2026-10-01 14:02:40,256 DEBUG: a.k:-1 - Extracted file: /home/shen/tools/Xilinx/installer-2026.1/payload/data_1746_2026.1_0616_1700_encrypt.xz, to: /home/shen/tools/Xilinx/vitis-embedded-2026.1/2026.1, in 1 mili-sec
Memory usage -- Used memory: 46902 MB. Total memory: 47782 MB
Recent cpu usage for system: 25%
2026-10-01 14:02:40,256 DEBUG: a.l:-1 - number of files to extract:332835 number of files extracted: 109794
2026-10-01 14:02:40,256 DEBUG: a.k:-1 - Start extraction for file: /home/shen/tools/Xilinx/installer-2026.1/payload/vitis_0126_2026.1_0616_1700.xz, to: /home/shen/tools/Xilinx/vitis-embedded-2026.1/2026.1/Vitis
2026-10-01 14:02:40,273 DEBUG: a.k:-1 - Extracted file: /home/shen/tools/Xilinx/installer-2026.1/payload/data_1046_2026.1_0616_1700.xz, to: /home/shen/tools/Xilinx/vitis-embedded-2026.1/2026.1, in 15146 mili-sec
Memory usage -- Used memory: 46904 MB. Total memory: 47782 MB
Recent cpu usage for system: 30%
2026-10-01 14:02:40,273 DEBUG: a.l:-1 - number of files to extract:332835 number of files extracted: 109805
2026-10-01 14:02:40,273 DEBUG: a.k:-1 - Start extraction for file: /home/shen/tools/Xilinx/installer-2026.1/payload/data_2810_2026.1_0616_1700_encrypt.xz, to: /home/shen/tools/Xilinx/vitis-embedded-2026.1/2026.1
2026-10-01 14:02:40,275 DEBUG: a.k:-1 - Extracted file: /home/shen/tools/Xilinx/installer-2026.1/payload/data_2810_2026.1_0616_1700_encrypt.xz, to: /home/shen/tools/Xilinx/vitis-embedded-2026.1/2026.1, in 2 mili-sec
Memory usage -- Used memory: 46905 MB. Total memory: 47782 MB
Recent cpu usage for system: 40%
2026-10-01 14:02:40,275 DEBUG: a.l:-1 - number of files to extract:332835 number of files extracted: 109816
2026-10-01 14:02:40,275 DEBUG: a.k:-1 - Start extraction for file: /home/shen/tools/Xilinx/installer-2026.1/payload/data_2239_2026.1_0616_1700_encrypt.xz, to: /home/shen/tools/Xilinx/vitis-embedded-2026.1/2026.1
2026-10-01 14:02:40,282 DEBUG: a.k:-1 - Extracted file: /home/shen/tools/Xilinx/installer-2026.1/payload/data_2239_2026.1_0616_1700_encrypt.xz, to: /home/shen/tools/Xilinx/vitis-embedded-2026.1/2026.1, in 7 mili-sec
Memory usage -- Used memory: 46915 MB. Total memory: 47782 MB
Recent cpu usage for system: 31%
2026-10-01 14:02:40,282 DEBUG: a.l:-1 - number of files to extract:332835 number of files extracted: 109827
2026-10-01 14:02:40,282 DEBUG: a.k:-1 - Start extraction for file: /home/shen/tools/Xilinx/installer-2026.1/payload/data_2292_2026.1_0616_1700_encrypt.xz, to: /home/shen/tools/Xilinx/vitis-embedded-2026.1/2026.1
2026-10-01 14:02:40,285 DEBUG: a.k:-1 - Extracted file: /home/shen/tools/Xilinx/installer-2026.1/payload/data_2292_2026.1_0616_1700_encrypt.xz, to: /home/shen/tools/Xilinx/vitis-embedded-2026.1/2026.1, in 3 mili-sec
Memory usage -- Used memory: 46923 MB. Total memory: 47782 MB
Recent cpu usage for system: 33%
2026-10-01 14:02:40,285 DEBUG: a.l:-1 - number of files to extract:332835 number of files extracted: 109838
2026-10-01 14:02:40,285 DEBUG: a.k:-1 - Start extraction for file: /home/shen/tools/Xilinx/installer-2026.1/payload/data_2084_2026.1_0616_1700_encrypt.xz, to: /home/shen/tools/Xilinx/vitis-embedded-2026.1/2026.1
2026-10-01 14:02:40,286 DEBUG: a.k:-1 - Extracted file: /home/shen/tools/Xilinx/installer-2026.1/payload/data_2084_2026.1_0616_1700_encrypt.xz, to: /home/shen/tools/Xilinx/vitis-embedded-2026.1/2026.1, in 1 mili-sec
Memory usage -- Used memory: 46923 MB. Total memory: 47782 MB
Recent cpu usage for system: 33%
2026-10-01 14:02:40,287 DEBUG: a.l:-1 - number of files to extract:332835 number of files extracted: 109849
2026-10-01 14:02:40,287 DEBUG: a.k:-1 - Start extraction for file: /home/shen/tools/Xilinx/installer-2026.1/payload/universal_0004_2026.1_0616_1700.xz, to: /home/shen/tools/Xilinx/vitis-embedded-2026.1/2026.1
2026-10-01 14:02:41,994 DEBUG: a.k:-1 - Extracted file: /home/shen/tools/Xilinx/installer-2026.1/payload/data_0538_2026.1_0616_1700.xz, to: /home/shen/tools/Xilinx/vitis-embedded-2026.1/2026.1, in 6025 mili-sec
Memory usage -- Used memory: 46017 MB. Total memory: 47782 MB
Recent cpu usage for system: 32%
2026-10-01 14:02:41,994 DEBUG: a.l:-1 - number of files to extract:332835 number of files extracted: 109873
2026-10-01 14:02:41,995 DEBUG: a.k:-1 - Start extraction for file: /home/shen/tools/Xilinx/installer-2026.1/payload/vitis_0062_2026.1_0616_1700.xz, to: /home/shen/tools/Xilinx/vitis-embedded-2026.1/2026.1/Vitis
2026-10-01 14:02:42,327 DEBUG: a.k:-1 - Extracted file: /home/shen/tools/Xilinx/installer-2026.1/payload/sdk_gnu_0037_2026.1_0616_1700.xz, to: /home/shen/tools/Xilinx/vitis-embedded-2026.1/2026.1, in 3014 mili-sec
Memory usage -- Used memory: 46148 MB. Total memory: 47782 MB
Recent cpu usage for system: 32%
2026-10-01 14:02:42,327 DEBUG: a.l:-1 - number of files to extract:332835 number of files extracted: 114312
2026-10-01 14:02:42,328 DEBUG: a.k:-1 - Start extraction for file: /home/shen/tools/Xilinx/installer-2026.1/payload/data_2804_2026.1_0616_1700_encrypt.xz, to: /home/shen/tools/Xilinx/vitis-embedded-2026.1/2026.1
2026-10-01 14:02:42,329 DEBUG: a.k:-1 - Extracted file: /home/shen/tools/Xilinx/installer-2026.1/payload/data_2804_2026.1_0616_1700_encrypt.xz, to: /home/shen/tools/Xilinx/vitis-embedded-2026.1/2026.1, in 1 mili-sec
Memory usage -- Used memory: 46148 MB. Total memory: 47782 MB
Recent cpu usage for system: 33%
2026-10-01 14:02:42,329 DEBUG: a.l:-1 - number of files to extract:332835 number of files extracted: 114323
2026-10-01 14:02:42,329 DEBUG: a.k:-1 - Start extraction for file: /home/shen/tools/Xilinx/installer-2026.1/payload/data_1834_2026.1_0616_1700_encrypt.xz, to: /home/shen/tools/Xilinx/vitis-embedded-2026.1/2026.1
2026-10-01 14:02:42,332 DEBUG: a.k:-1 - Extracted file: /home/shen/tools/Xilinx/installer-2026.1/payload/data_1834_2026.1_0616_1700_encrypt.xz, to: /home/shen/tools/Xilinx/vitis-embedded-2026.1/2026.1, in 2 mili-sec
Memory usage -- Used memory: 46148 MB. Total memory: 47782 MB
Recent cpu usage for system: 33%
2026-10-01 14:02:42,332 DEBUG: a.l:-1 - number of files to extract:332835 number of files extracted: 114334
2026-10-01 14:02:42,332 DEBUG: a.k:-1 - Start extraction for file: /home/shen/tools/Xilinx/installer-2026.1/payload/data_1073_2026.1_0616_1700_encrypt.xz, to: /home/shen/tools/Xilinx/vitis-embedded-2026.1/2026.1
2026-10-01 14:02:42,333 DEBUG: a.k:-1 - Extracted file: /home/shen/tools/Xilinx/installer-2026.1/payload/data_1073_2026.1_0616_1700_encrypt.xz, to: /home/shen/tools/Xilinx/vitis-embedded-2026.1/2026.1, in 1 mili-sec
Memory usage -- Used memory: 46149 MB. Total memory: 47782 MB
Recent cpu usage for system: 33%
2026-10-01 14:02:42,333 DEBUG: a.l:-1 - number of files to extract:332835 number of files extracted: 114345
2026-10-01 14:02:42,333 DEBUG: a.k:-1 - Start extraction for file: /home/shen/tools/Xilinx/installer-2026.1/payload/data_1966_2026.1_0616_1700_encrypt.xz, to: /home/shen/tools/Xilinx/vitis-embedded-2026.1/2026.1
2026-10-01 14:02:42,335 DEBUG: a.k:-1 - Extracted file: /home/shen/tools/Xilinx/installer-2026.1/payload/data_1966_2026.1_0616_1700_encrypt.xz, to: /home/shen/tools/Xilinx/vitis-embedded-2026.1/2026.1, in 2 mili-sec
Memory usage -- Used memory: 46150 MB. Total memory: 47782 MB
Recent cpu usage for system: 33%
2026-10-01 14:02:42,335 DEBUG: a.l:-1 - number of files to extract:332835 number of files extracted: 114356
2026-10-01 14:02:42,335 DEBUG: a.k:-1 - Start extraction for file: /home/shen/tools/Xilinx/installer-2026.1/payload/data_1467_2026.1_0616_1700_encrypt.xz, to: /home/shen/tools/Xilinx/vitis-embedded-2026.1/2026.1
2026-10-01 14:02:42,338 DEBUG: a.k:-1 - Extracted file: /home/shen/tools/Xilinx/installer-2026.1/payload/data_1467_2026.1_0616_1700_encrypt.xz, to: /home/shen/tools/Xilinx/vitis-embedded-2026.1/2026.1, in 3 mili-sec
Memory usage -- Used memory: 46151 MB. Total memory: 47782 MB
Recent cpu usage for system: 33%
2026-10-01 14:02:42,338 DEBUG: a.l:-1 - number of files to extract:332835 number of files extracted: 114367
2026-10-01 14:02:42,338 DEBUG: a.k:-1 - Start extraction for file: /home/shen/tools/Xilinx/installer-2026.1/payload/data_2902_2026.1_0616_1700_encrypt.xz, to: /home/shen/tools/Xilinx/vitis-embedded-2026.1/2026.1
2026-10-01 14:02:42,339 DEBUG: a.k:-1 - Extracted file: /home/shen/tools/Xilinx/installer-2026.1/payload/data_2902_2026.1_0616_1700_encrypt.xz, to: /home/shen/tools/Xilinx/vitis-embedded-2026.1/2026.1, in 1 mili-sec
Memory usage -- Used memory: 46152 MB. Total memory: 47782 MB
Recent cpu usage for system: 33%
2026-10-01 14:02:42,340 DEBUG: a.l:-1 - number of files to extract:332835 number of files extracted: 114378
2026-10-01 14:02:42,340 DEBUG: a.k:-1 - Start extraction for file: /home/shen/tools/Xilinx/installer-2026.1/payload/data_1997_2026.1_0616_1700_encrypt.xz, to: /home/shen/tools/Xilinx/vitis-embedded-2026.1/2026.1
2026-10-01 14:02:42,340 DEBUG: a.k:-1 - Extracted file: /home/shen/tools/Xilinx/installer-2026.1/payload/data_1997_2026.1_0616_1700_encrypt.xz, to: /home/shen/tools/Xilinx/vitis-embedded-2026.1/2026.1, in 0 mili-sec
Memory usage -- Used memory: 46154 MB. Total memory: 47782 MB
Recent cpu usage for system: 0%
2026-10-01 14:02:42,341 DEBUG: a.l:-1 - number of files to extract:332835 number of files extracted: 114389
2026-10-01 14:02:42,341 DEBUG: a.k:-1 - Start extraction for file: /home/shen/tools/Xilinx/installer-2026.1/payload/data_1341_2026.1_0616_1700_encrypt.xz, to: /home/shen/tools/Xilinx/vitis-embedded-2026.1/2026.1
2026-10-01 14:02:42,342 DEBUG: a.k:-1 - Extracted file: /home/shen/tools/Xilinx/installer-2026.1/payload/data_1341_2026.1_0616_1700_encrypt.xz, to: /home/shen/tools/Xilinx/vitis-embedded-2026.1/2026.1, in 1 mili-sec
Memory usage -- Used memory: 46155 MB. Total memory: 47782 MB
Recent cpu usage for system: 33%
2026-10-01 14:02:42,342 DEBUG: a.l:-1 - number of files to extract:332835 number of files extracted: 114400
2026-10-01 14:02:42,342 DEBUG: a.k:-1 - Start extraction for file: /home/shen/tools/Xilinx/installer-2026.1/payload/installer_0014_2026.1_0616_1700_strip.xz, to: /home/shen/tools/Xilinx/vitis-embedded-2026.1/.xinstall/2026.1
2026-10-01 14:02:42,367 DEBUG: a.k:-1 - Extracted file: /home/shen/tools/Xilinx/installer-2026.1/payload/installer_0014_2026.1_0616_1700_strip.xz, to: /home/shen/tools/Xilinx/vitis-embedded-2026.1/.xinstall/2026.1, in 24 mili-sec
Memory usage -- Used memory: 46170 MB. Total memory: 47782 MB
Recent cpu usage for system: 37%
2026-10-01 14:02:42,367 DEBUG: a.l:-1 - number of files to extract:332835 number of files extracted: 114411
2026-10-01 14:02:42,367 DEBUG: a.k:-1 - Start extraction for file: /home/shen/tools/Xilinx/installer-2026.1/payload/data_2752_2026.1_0616_1700_encrypt.xz, to: /home/shen/tools/Xilinx/vitis-embedded-2026.1/2026.1
2026-10-01 14:02:42,368 DEBUG: a.k:-1 - Extracted file: /home/shen/tools/Xilinx/installer-2026.1/payload/data_2752_2026.1_0616_1700_encrypt.xz, to: /home/shen/tools/Xilinx/vitis-embedded-2026.1/2026.1, in 1 mili-sec
Memory usage -- Used memory: 46170 MB. Total memory: 47782 MB
Recent cpu usage for system: 25%
2026-10-01 14:02:42,369 DEBUG: a.l:-1 - number of files to extract:332835 number of files extracted: 114422
2026-10-01 14:02:42,369 DEBUG: a.k:-1 - Start extraction for file: /home/shen/tools/Xilinx/installer-2026.1/payload/data_2167_2026.1_0616_1700_encrypt.xz, to: /home/shen/tools/Xilinx/vitis-embedded-2026.1/2026.1
2026-10-01 14:02:42,371 DEBUG: a.k:-1 - Extracted file: /home/shen/tools/Xilinx/installer-2026.1/payload/data_2167_2026.1_0616_1700_encrypt.xz, to: /home/shen/tools/Xilinx/vitis-embedded-2026.1/2026.1, in 2 mili-sec
Memory usage -- Used memory: 46170 MB. Total memory: 47782 MB
Recent cpu usage for system: 33%
2026-10-01 14:02:42,371 DEBUG: a.l:-1 - number of files to extract:332835 number of files extracted: 114433
2026-10-01 14:02:42,371 DEBUG: a.k:-1 - Start extraction for file: /home/shen/tools/Xilinx/installer-2026.1/payload/sdk_gnu_0049_2026.1_0616_1700.xz, to: /home/shen/tools/Xilinx/vitis-embedded-2026.1/2026.1
2026-10-01 14:02:42,591 DEBUG: a.k:-1 - Extracted file: /home/shen/tools/Xilinx/installer-2026.1/payload/data_1786_2026.1_0616_1700.xz, to: /home/shen/tools/Xilinx/vitis-embedded-2026.1/2026.1, in 15901 mili-sec
Memory usage -- Used memory: 46307 MB. Total memory: 47782 MB
Recent cpu usage for system: 32%
2026-10-01 14:02:42,591 DEBUG: a.l:-1 - number of files to extract:332835 number of files extracted: 114443
2026-10-01 14:02:42,592 DEBUG: a.k:-1 - Start extraction for file: /home/shen/tools/Xilinx/installer-2026.1/payload/data_2269_2026.1_0616_1700_encrypt.xz, to: /home/shen/tools/Xilinx/vitis-embedded-2026.1/2026.1
2026-10-01 14:02:42,594 DEBUG: a.k:-1 - Extracted file: /home/shen/tools/Xilinx/installer-2026.1/payload/data_2269_2026.1_0616_1700_encrypt.xz, to: /home/shen/tools/Xilinx/vitis-embedded-2026.1/2026.1, in 1 mili-sec
Memory usage -- Used memory: 46309 MB. Total memory: 47782 MB
Recent cpu usage for system: 25%
2026-10-01 14:02:42,594 DEBUG: a.l:-1 - number of files to extract:332835 number of files extracted: 114454
2026-10-01 14:02:42,594 DEBUG: a.k:-1 - Start extraction for file: /home/shen/tools/Xilinx/installer-2026.1/payload/vitis_0093_2026.1_0616_1700_encrypt.xz, to: /home/shen/tools/Xilinx/vitis-embedded-2026.1/2026.1
2026-10-01 14:02:42,639 DEBUG: a.k:-1 - Extracted file: /home/shen/tools/Xilinx/installer-2026.1/payload/vitis_0093_2026.1_0616_1700_encrypt.xz, to: /home/shen/tools/Xilinx/vitis-embedded-2026.1/2026.1, in 45 mili-sec
Memory usage -- Used memory: 46363 MB. Total memory: 47782 MB
Recent cpu usage for system: 32%
2026-10-01 14:02:42,639 DEBUG: a.l:-1 - number of files to extract:332835 number of files extracted: 114465
2026-10-01 14:02:42,639 DEBUG: a.k:-1 - Start extraction for file: /home/shen/tools/Xilinx/installer-2026.1/payload/data_1896_2026.1_0616_1700_encrypt.xz, to: /home/shen/tools/Xilinx/vitis-embedded-2026.1/2026.1
2026-10-01 14:02:42,644 DEBUG: a.k:-1 - Extracted file: /home/shen/tools/Xilinx/installer-2026.1/payload/data_1896_2026.1_0616_1700_encrypt.xz, to: /home/shen/tools/Xilinx/vitis-embedded-2026.1/2026.1, in 5 mili-sec
Memory usage -- Used memory: 46363 MB. Total memory: 47782 MB
Recent cpu usage for system: 33%
2026-10-01 14:02:42,644 DEBUG: a.l:-1 - number of files to extract:332835 number of files extracted: 114476
2026-10-01 14:02:42,644 DEBUG: a.k:-1 - Start extraction for file: /home/shen/tools/Xilinx/installer-2026.1/payload/data_2751_2026.1_0616_1700_encrypt.xz, to: /home/shen/tools/Xilinx/vitis-embedded-2026.1/2026.1
2026-10-01 14:02:42,648 DEBUG: a.k:-1 - Extracted file: /home/shen/tools/Xilinx/installer-2026.1/payload/data_2751_2026.1_0616_1700_encrypt.xz, to: /home/shen/tools/Xilinx/vitis-embedded-2026.1/2026.1, in 4 mili-sec
Memory usage -- Used memory: 46364 MB. Total memory: 47782 MB
Recent cpu usage for system: 25%
2026-10-01 14:02:42,648 DEBUG: a.l:-1 - number of files to extract:332835 number of files extracted: 114487
2026-10-01 14:02:42,648 DEBUG: a.k:-1 - Start extraction for file: /home/shen/tools/Xilinx/installer-2026.1/payload/data_1269_2026.1_0616_1700_encrypt.xz, to: /home/shen/tools/Xilinx/vitis-embedded-2026.1/2026.1
2026-10-01 14:02:42,650 DEBUG: a.k:-1 - Extracted file: /home/shen/tools/Xilinx/installer-2026.1/payload/data_1269_2026.1_0616_1700_encrypt.xz, to: /home/shen/tools/Xilinx/vitis-embedded-2026.1/2026.1, in 2 mili-sec
Memory usage -- Used memory: 46365 MB. Total memory: 47782 MB
Recent cpu usage for system: 33%
2026-10-01 14:02:42,651 DEBUG: a.l:-1 - number of files to extract:332835 number of files extracted: 114498
2026-10-01 14:02:42,651 DEBUG: a.k:-1 - Start extraction for file: /home/shen/tools/Xilinx/installer-2026.1/payload/data_1047_2026.1_0616_1700_encrypt.xz, to: /home/shen/tools/Xilinx/vitis-embedded-2026.1/2026.1
2026-10-01 14:02:42,652 DEBUG: a.k:-1 - Extracted file: /home/shen/tools/Xilinx/installer-2026.1/payload/data_1047_2026.1_0616_1700_encrypt.xz, to: /home/shen/tools/Xilinx/vitis-embedded-2026.1/2026.1, in 1 mili-sec
Memory usage -- Used memory: 46366 MB. Total memory: 47782 MB
Recent cpu usage for system: 33%
2026-10-01 14:02:42,652 DEBUG: a.l:-1 - number of files to extract:332835 number of files extracted: 114509
2026-10-01 14:02:42,652 DEBUG: a.k:-1 - Start extraction for file: /home/shen/tools/Xilinx/installer-2026.1/payload/vitis_0017_2026.1_0616_1700.xz, to: /home/shen/tools/Xilinx/vitis-embedded-2026.1/2026.1
2026-10-01 14:02:43,009 DEBUG: a.k:-1 - Extracted file: /home/shen/tools/Xilinx/installer-2026.1/payload/vitis_0126_2026.1_0616_1700.xz, to: /home/shen/tools/Xilinx/vitis-embedded-2026.1/2026.1/Vitis, in 2752 mili-sec
Memory usage -- Used memory: 46456 MB. Total memory: 47782 MB
Recent cpu usage for system: 32%
2026-10-01 14:02:43,009 DEBUG: a.l:-1 - number of files to extract:332835 number of files extracted: 125254
2026-10-01 14:02:43,009 DEBUG: a.k:-1 - Start extraction for file: /home/shen/tools/Xilinx/installer-2026.1/payload/data_1000_2026.1_0616_1700_encrypt.xz, to: /home/shen/tools/Xilinx/vitis-embedded-2026.1/2026.1
2026-10-01 14:02:43,012 DEBUG: a.k:-1 - Extracted file: /home/shen/tools/Xilinx/installer-2026.1/payload/data_1000_2026.1_0616_1700_encrypt.xz, to: /home/shen/tools/Xilinx/vitis-embedded-2026.1/2026.1, in 2 mili-sec
Memory usage -- Used memory: 46459 MB. Total memory: 47782 MB
Recent cpu usage for system: 33%
2026-10-01 14:02:43,012 DEBUG: a.l:-1 - number of files to extract:332835 number of files extracted: 125265
2026-10-01 14:02:43,012 DEBUG: a.k:-1 - Start extraction for file: /home/shen/tools/Xilinx/installer-2026.1/payload/data_1346_2026.1_0616_1700_encrypt.xz, to: /home/shen/tools/Xilinx/vitis-embedded-2026.1/2026.1
2026-10-01 14:02:43,016 DEBUG: a.k:-1 - Extracted file: /home/shen/tools/Xilinx/installer-2026.1/payload/data_1346_2026.1_0616_1700_encrypt.xz, to: /home/shen/tools/Xilinx/vitis-embedded-2026.1/2026.1, in 3 mili-sec
Memory usage -- Used memory: 46466 MB. Total memory: 47782 MB
Recent cpu usage for system: 33%
2026-10-01 14:02:43,016 DEBUG: a.l:-1 - number of files to extract:332835 number of files extracted: 125276
2026-10-01 14:02:43,016 DEBUG: a.k:-1 - Start extraction for file: /home/shen/tools/Xilinx/installer-2026.1/payload/data_1936_2026.1_0616_1700.xz, to: /home/shen/tools/Xilinx/vitis-embedded-2026.1/2026.1
2026-10-01 14:02:43,197 DEBUG: a.k:-1 - Extracted file: /home/shen/tools/Xilinx/installer-2026.1/payload/universal_0004_2026.1_0616_1700.xz, to: /home/shen/tools/Xilinx/vitis-embedded-2026.1/2026.1, in 2910 mili-sec
Memory usage -- Used memory: 46582 MB. Total memory: 47782 MB
Recent cpu usage for system: 33%
2026-10-01 14:02:43,198 DEBUG: a.l:-1 - number of files to extract:332835 number of files extracted: 125761
2026-10-01 14:02:43,198 DEBUG: a.k:-1 - Start extraction for file: /home/shen/tools/Xilinx/installer-2026.1/payload/data_1105_2026.1_0616_1700_encrypt.xz, to: /home/shen/tools/Xilinx/vitis-embedded-2026.1/2026.1
2026-10-01 14:02:43,199 DEBUG: a.k:-1 - Extracted file: /home/shen/tools/Xilinx/installer-2026.1/payload/data_1105_2026.1_0616_1700_encrypt.xz, to: /home/shen/tools/Xilinx/vitis-embedded-2026.1/2026.1, in 1 mili-sec
Memory usage -- Used memory: 46583 MB. Total memory: 47782 MB
Recent cpu usage for system: 50%
2026-10-01 14:02:43,199 DEBUG: a.l:-1 - number of files to extract:332835 number of files extracted: 125772
2026-10-01 14:02:43,199 DEBUG: a.k:-1 - Start extraction for file: /home/shen/tools/Xilinx/installer-2026.1/payload/vitis_0013_2026.1_0616_1700.xz, to: /home/shen/tools/Xilinx/vitis-embedded-2026.1/2026.1/Vitis
2026-10-01 14:02:44,482 DEBUG: a.k:-1 - Extracted file: /home/shen/tools/Xilinx/installer-2026.1/payload/sdk_gnu_0049_2026.1_0616_1700.xz, to: /home/shen/tools/Xilinx/vitis-embedded-2026.1/2026.1, in 2111 mili-sec
Memory usage -- Used memory: 46893 MB. Total memory: 47782 MB
Recent cpu usage for system: 32%
2026-10-01 14:02:44,483 DEBUG: a.l:-1 - number of files to extract:332835 number of files extracted: 127557
2026-10-01 14:02:44,483 DEBUG: a.k:-1 - Start extraction for file: /home/shen/tools/Xilinx/installer-2026.1/payload/data_1321_2026.1_0616_1700_encrypt.xz, to: /home/shen/tools/Xilinx/vitis-embedded-2026.1/2026.1
2026-10-01 14:02:44,484 DEBUG: a.k:-1 - Extracted file: /home/shen/tools/Xilinx/installer-2026.1/payload/data_1321_2026.1_0616_1700_encrypt.xz, to: /home/shen/tools/Xilinx/vitis-embedded-2026.1/2026.1, in 1 mili-sec
Memory usage -- Used memory: 46893 MB. Total memory: 47782 MB
Recent cpu usage for system: 25%
2026-10-01 14:02:44,484 DEBUG: a.l:-1 - number of files to extract:332835 number of files extracted: 127568
2026-10-01 14:02:44,484 DEBUG: a.k:-1 - Start extraction for file: /home/shen/tools/Xilinx/installer-2026.1/payload/data_1763_2026.1_0616_1700_encrypt.xz, to: /home/shen/tools/Xilinx/vitis-embedded-2026.1/2026.1
2026-10-01 14:02:44,486 DEBUG: a.k:-1 - Extracted file: /home/shen/tools/Xilinx/installer-2026.1/payload/data_1763_2026.1_0616_1700_encrypt.xz, to: /home/shen/tools/Xilinx/vitis-embedded-2026.1/2026.1, in 2 mili-sec
Memory usage -- Used memory: 46894 MB. Total memory: 47782 MB
Recent cpu usage for system: 20%
2026-10-01 14:02:44,486 DEBUG: a.l:-1 - number of files to extract:332835 number of files extracted: 127579
2026-10-01 14:02:44,486 DEBUG: a.k:-1 - Start extraction for file: /home/shen/tools/Xilinx/installer-2026.1/payload/data_2701_2026.1_0616_1700_encrypt.xz, to: /home/shen/tools/Xilinx/vitis-embedded-2026.1/2026.1
2026-10-01 14:02:44,487 DEBUG: a.k:-1 - Extracted file: /home/shen/tools/Xilinx/installer-2026.1/payload/data_2701_2026.1_0616_1700_encrypt.xz, to: /home/shen/tools/Xilinx/vitis-embedded-2026.1/2026.1, in 0 mili-sec
Memory usage -- Used memory: 46894 MB. Total memory: 47782 MB
Recent cpu usage for system: 50%
2026-10-01 14:02:44,487 DEBUG: a.l:-1 - number of files to extract:332835 number of files extracted: 127590
2026-10-01 14:02:44,488 DEBUG: a.k:-1 - Start extraction for file: /home/shen/tools/Xilinx/installer-2026.1/payload/data_0121_2026.1_0616_1700.xz, to: /home/shen/tools/Xilinx/vitis-embedded-2026.1/2026.1
2026-10-01 14:02:44,914 DEBUG: a.k:-1 - Extracted file: /home/shen/tools/Xilinx/installer-2026.1/payload/vitis_0062_2026.1_0616_1700.xz, to: /home/shen/tools/Xilinx/vitis-embedded-2026.1/2026.1/Vitis, in 2918 mili-sec
Memory usage -- Used memory: 46885 MB. Total memory: 47782 MB
Recent cpu usage for system: 32%
2026-10-01 14:02:44,914 DEBUG: a.l:-1 - number of files to extract:332835 number of files extracted: 137324
2026-10-01 14:02:44,915 DEBUG: a.k:-1 - Start extraction for file: /home/shen/tools/Xilinx/installer-2026.1/payload/data_0635_2026.1_0616_1700_encrypt.xz, to: /home/shen/tools/Xilinx/vitis-embedded-2026.1/2026.1
2026-10-01 14:02:44,918 DEBUG: a.k:-1 - Extracted file: /home/shen/tools/Xilinx/installer-2026.1/payload/data_0635_2026.1_0616_1700_encrypt.xz, to: /home/shen/tools/Xilinx/vitis-embedded-2026.1/2026.1, in 3 mili-sec
Memory usage -- Used memory: 46839 MB. Total memory: 47782 MB
Recent cpu usage for system: 44%
2026-10-01 14:02:44,918 DEBUG: a.l:-1 - number of files to extract:332835 number of files extracted: 137335
2026-10-01 14:02:44,919 DEBUG: a.k:-1 - Start extraction for file: /home/shen/tools/Xilinx/installer-2026.1/payload/data_0645_2026.1_0616_1700_encrypt.xz, to: /home/shen/tools/Xilinx/vitis-embedded-2026.1/2026.1
2026-10-01 14:02:44,923 DEBUG: a.k:-1 - Extracted file: /home/shen/tools/Xilinx/installer-2026.1/payload/data_0645_2026.1_0616_1700_encrypt.xz, to: /home/shen/tools/Xilinx/vitis-embedded-2026.1/2026.1, in 4 mili-sec
Memory usage -- Used memory: 46757 MB. Total memory: 47782 MB
Recent cpu usage for system: 38%
2026-10-01 14:02:44,923 DEBUG: a.l:-1 - number of files to extract:332835 number of files extracted: 137346
2026-10-01 14:02:44,924 DEBUG: a.k:-1 - Start extraction for file: /home/shen/tools/Xilinx/installer-2026.1/payload/data_2835_2026.1_0616_1700_encrypt.xz, to: /home/shen/tools/Xilinx/vitis-embedded-2026.1/2026.1
2026-10-01 14:02:44,925 DEBUG: a.k:-1 - Extracted file: /home/shen/tools/Xilinx/installer-2026.1/payload/data_2835_2026.1_0616_1700_encrypt.xz, to: /home/shen/tools/Xilinx/vitis-embedded-2026.1/2026.1, in 1 mili-sec
Memory usage -- Used memory: 46690 MB. Total memory: 47782 MB
Recent cpu usage for system: 33%
2026-10-01 14:02:44,925 DEBUG: a.l:-1 - number of files to extract:332835 number of files extracted: 137357
2026-10-01 14:02:44,925 DEBUG: a.k:-1 - Start extraction for file: /home/shen/tools/Xilinx/installer-2026.1/payload/data_1873_2026.1_0616_1700_encrypt.xz, to: /home/shen/tools/Xilinx/vitis-embedded-2026.1/2026.1
2026-10-01 14:02:44,927 DEBUG: a.k:-1 - Extracted file: /home/shen/tools/Xilinx/installer-2026.1/payload/data_1873_2026.1_0616_1700_encrypt.xz, to: /home/shen/tools/Xilinx/vitis-embedded-2026.1/2026.1, in 2 mili-sec
Memory usage -- Used memory: 46701 MB. Total memory: 47782 MB
Recent cpu usage for system: 33%
2026-10-01 14:02:44,927 DEBUG: a.l:-1 - number of files to extract:332835 number of files extracted: 137368
2026-10-01 14:02:44,927 DEBUG: a.k:-1 - Start extraction for file: /home/shen/tools/Xilinx/installer-2026.1/payload/data_0685_2026.1_0616_1700_encrypt.xz, to: /home/shen/tools/Xilinx/vitis-embedded-2026.1/2026.1
2026-10-01 14:02:44,929 DEBUG: a.k:-1 - Extracted file: /home/shen/tools/Xilinx/installer-2026.1/payload/data_0685_2026.1_0616_1700_encrypt.xz, to: /home/shen/tools/Xilinx/vitis-embedded-2026.1/2026.1, in 2 mili-sec
Memory usage -- Used memory: 46711 MB. Total memory: 47782 MB
Recent cpu usage for system: 40%
2026-10-01 14:02:44,929 DEBUG: a.l:-1 - number of files to extract:332835 number of files extracted: 137379
2026-10-01 14:02:44,930 DEBUG: a.k:-1 - Start extraction for file: /home/shen/tools/Xilinx/installer-2026.1/payload/data_0354_2026.1_0616_1700.xz, to: /home/shen/tools/Xilinx/vitis-embedded-2026.1/2026.1
2026-10-01 14:02:45,022 DEBUG: a.k:-1 - Extracted file: /home/shen/tools/Xilinx/installer-2026.1/payload/data_1936_2026.1_0616_1700.xz, to: /home/shen/tools/Xilinx/vitis-embedded-2026.1/2026.1, in 2005 mili-sec
Memory usage -- Used memory: 46736 MB. Total memory: 47782 MB
Recent cpu usage for system: 30%
2026-10-01 14:02:45,022 DEBUG: a.l:-1 - number of files to extract:332835 number of files extracted: 153702
2026-10-01 14:02:45,022 DEBUG: a.k:-1 - Start extraction for file: /home/shen/tools/Xilinx/installer-2026.1/payload/data_2728_2026.1_0616_1700_encrypt.xz, to: /home/shen/tools/Xilinx/vitis-embedded-2026.1/2026.1
2026-10-01 14:02:45,025 DEBUG: a.k:-1 - Extracted file: /home/shen/tools/Xilinx/installer-2026.1/payload/data_2728_2026.1_0616_1700_encrypt.xz, to: /home/shen/tools/Xilinx/vitis-embedded-2026.1/2026.1, in 3 mili-sec
Memory usage -- Used memory: 46738 MB. Total memory: 47782 MB
Recent cpu usage for system: 33%
2026-10-01 14:02:45,026 DEBUG: a.l:-1 - number of files to extract:332835 number of files extracted: 153713
2026-10-01 14:02:45,026 DEBUG: a.k:-1 - Start extraction for file: /home/shen/tools/Xilinx/installer-2026.1/payload/data_1302_2026.1_0616_1700_encrypt.xz, to: /home/shen/tools/Xilinx/vitis-embedded-2026.1/2026.1
2026-10-01 14:02:45,030 DEBUG: a.k:-1 - Extracted file: /home/shen/tools/Xilinx/installer-2026.1/payload/data_1302_2026.1_0616_1700_encrypt.xz, to: /home/shen/tools/Xilinx/vitis-embedded-2026.1/2026.1, in 4 mili-sec
Memory usage -- Used memory: 46739 MB. Total memory: 47782 MB
Recent cpu usage for system: 30%
2026-10-01 14:02:45,030 DEBUG: a.l:-1 - number of files to extract:332835 number of files extracted: 153724
2026-10-01 14:02:45,030 DEBUG: a.k:-1 - Start extraction for file: /home/shen/tools/Xilinx/installer-2026.1/payload/vitis_0053_2026.1_0616_1700.xz, to: /home/shen/tools/Xilinx/vitis-embedded-2026.1/2026.1
2026-10-01 14:02:45,511 DEBUG: a.k:-1 - Extracted file: /home/shen/tools/Xilinx/installer-2026.1/payload/data_0121_2026.1_0616_1700.xz, to: /home/shen/tools/Xilinx/vitis-embedded-2026.1/2026.1, in 1023 mili-sec
Memory usage -- Used memory: 46682 MB. Total memory: 47782 MB
Recent cpu usage for system: 33%
2026-10-01 14:02:45,511 DEBUG: a.l:-1 - number of files to extract:332835 number of files extracted: 153805
2026-10-01 14:02:45,511 DEBUG: a.k:-1 - Start extraction for file: /home/shen/tools/Xilinx/installer-2026.1/payload/data_1770_2026.1_0616_1700_encrypt.xz, to: /home/shen/tools/Xilinx/vitis-embedded-2026.1/2026.1
2026-10-01 14:02:45,513 DEBUG: a.k:-1 - Extracted file: /home/shen/tools/Xilinx/installer-2026.1/payload/data_1770_2026.1_0616_1700_encrypt.xz, to: /home/shen/tools/Xilinx/vitis-embedded-2026.1/2026.1, in 0 mili-sec
Memory usage -- Used memory: 46687 MB. Total memory: 47782 MB
Recent cpu usage for system: 33%
2026-10-01 14:02:45,513 DEBUG: a.l:-1 - number of files to extract:332835 number of files extracted: 153816
2026-10-01 14:02:45,513 DEBUG: a.k:-1 - Start extraction for file: /home/shen/tools/Xilinx/installer-2026.1/payload/data_0050_2026.1_0616_1700.xz, to: /home/shen/tools/Xilinx/vitis-embedded-2026.1/2026.1
2026-10-01 14:02:47,999 DEBUG: a.k:-1 - Extracted file: /home/shen/tools/Xilinx/installer-2026.1/payload/vitis_0053_2026.1_0616_1700.xz, to: /home/shen/tools/Xilinx/vitis-embedded-2026.1/2026.1, in 2969 mili-sec
Memory usage -- Used memory: 46025 MB. Total memory: 47782 MB
Recent cpu usage for system: 33%
2026-10-01 14:02:48,000 DEBUG: a.l:-1 - number of files to extract:332835 number of files extracted: 154355
2026-10-01 14:02:48,000 DEBUG: a.k:-1 - Start extraction for file: /home/shen/tools/Xilinx/installer-2026.1/payload/data_2601_2026.1_0616_1700_encrypt.xz, to: /home/shen/tools/Xilinx/vitis-embedded-2026.1/2026.1
2026-10-01 14:02:48,002 DEBUG: a.k:-1 - Extracted file: /home/shen/tools/Xilinx/installer-2026.1/payload/data_2601_2026.1_0616_1700_encrypt.xz, to: /home/shen/tools/Xilinx/vitis-embedded-2026.1/2026.1, in 2 mili-sec
Memory usage -- Used memory: 46026 MB. Total memory: 47782 MB
Recent cpu usage for system: 20%
2026-10-01 14:02:48,002 DEBUG: a.l:-1 - number of files to extract:332835 number of files extracted: 154366
2026-10-01 14:02:48,002 DEBUG: a.k:-1 - Start extraction for file: /home/shen/tools/Xilinx/installer-2026.1/payload/vitis_0154_2026.1_0616_1700.xz, to: /home/shen/tools/Xilinx/vitis-embedded-2026.1/2026.1/Vitis
2026-10-01 14:02:48,138 DEBUG: a.k:-1 - Extracted file: /home/shen/tools/Xilinx/installer-2026.1/payload/vitis_0154_2026.1_0616_1700.xz, to: /home/shen/tools/Xilinx/vitis-embedded-2026.1/2026.1/Vitis, in 136 mili-sec
Memory usage -- Used memory: 45559 MB. Total memory: 47782 MB
Recent cpu usage for system: 32%
2026-10-01 14:02:48,138 DEBUG: a.l:-1 - number of files to extract:332835 number of files extracted: 154835
2026-10-01 14:02:48,139 DEBUG: a.k:-1 - Start extraction for file: /home/shen/tools/Xilinx/installer-2026.1/payload/data_0441_2026.1_0616_1700_encrypt.xz, to: /home/shen/tools/Xilinx/vitis-embedded-2026.1/2026.1
2026-10-01 14:02:48,145 DEBUG: a.k:-1 - Extracted file: /home/shen/tools/Xilinx/installer-2026.1/payload/data_0441_2026.1_0616_1700_encrypt.xz, to: /home/shen/tools/Xilinx/vitis-embedded-2026.1/2026.1, in 6 mili-sec
Memory usage -- Used memory: 45563 MB. Total memory: 47782 MB
Recent cpu usage for system: 25%
2026-10-01 14:02:48,145 DEBUG: a.l:-1 - number of files to extract:332835 number of files extracted: 154846
2026-10-01 14:02:48,146 DEBUG: a.k:-1 - Start extraction for file: /home/shen/tools/Xilinx/installer-2026.1/payload/data_1957_2026.1_0616_1700_encrypt.xz, to: /home/shen/tools/Xilinx/vitis-embedded-2026.1/2026.1
2026-10-01 14:02:48,147 DEBUG: a.k:-1 - Extracted file: /home/shen/tools/Xilinx/installer-2026.1/payload/data_1957_2026.1_0616_1700_encrypt.xz, to: /home/shen/tools/Xilinx/vitis-embedded-2026.1/2026.1, in 1 mili-sec
Memory usage -- Used memory: 45563 MB. Total memory: 47782 MB
Recent cpu usage for system: 20%
2026-10-01 14:02:48,147 DEBUG: a.l:-1 - number of files to extract:332835 number of files extracted: 154857
2026-10-01 14:02:48,148 DEBUG: a.k:-1 - Start extraction for file: /home/shen/tools/Xilinx/installer-2026.1/payload/vitis_0122_2026.1_0616_1700.xz, to: /home/shen/tools/Xilinx/vitis-embedded-2026.1/2026.1
2026-10-01 14:02:49,213 DEBUG: a.k:-1 - Extracted file: /home/shen/tools/Xilinx/installer-2026.1/payload/data_2773_2026.1_0616_1700.xz, to: /home/shen/tools/Xilinx/vitis-embedded-2026.1/2026.1, in 15611 mili-sec
Memory usage -- Used memory: 45531 MB. Total memory: 47782 MB
Recent cpu usage for system: 33%
2026-10-01 14:02:49,213 DEBUG: a.l:-1 - number of files to extract:332835 number of files extracted: 154871
2026-10-01 14:02:49,214 DEBUG: a.k:-1 - Start extraction for file: /home/shen/tools/Xilinx/installer-2026.1/payload/data_3189_2026.1_0616_1700_encrypt.xz, to: /home/shen/tools/Xilinx/vitis-embedded-2026.1/2026.1
2026-10-01 14:02:49,215 DEBUG: a.k:-1 - Extracted file: /home/shen/tools/Xilinx/installer-2026.1/payload/data_3189_2026.1_0616_1700_encrypt.xz, to: /home/shen/tools/Xilinx/vitis-embedded-2026.1/2026.1, in 1 mili-sec
Memory usage -- Used memory: 45534 MB. Total memory: 47782 MB
Recent cpu usage for system: 25%
2026-10-01 14:02:49,216 DEBUG: a.l:-1 - number of files to extract:332835 number of files extracted: 154882
2026-10-01 14:02:49,216 DEBUG: a.k:-1 - Start extraction for file: /home/shen/tools/Xilinx/installer-2026.1/payload/vitis_0115_2026.1_0616_1700_encrypt.xz, to: /home/shen/tools/Xilinx/vitis-embedded-2026.1/2026.1
2026-10-01 14:02:49,231 DEBUG: a.k:-1 - Extracted file: /home/shen/tools/Xilinx/installer-2026.1/payload/vitis_0115_2026.1_0616_1700_encrypt.xz, to: /home/shen/tools/Xilinx/vitis-embedded-2026.1/2026.1, in 15 mili-sec
Memory usage -- Used memory: 45544 MB. Total memory: 47782 MB
Recent cpu usage for system: 36%
2026-10-01 14:02:49,231 DEBUG: a.l:-1 - number of files to extract:332835 number of files extracted: 154893
2026-10-01 14:02:49,231 DEBUG: a.k:-1 - Start extraction for file: /home/shen/tools/Xilinx/installer-2026.1/payload/sdk_gnu_0031_2026.1_0616_1700.xz, to: /home/shen/tools/Xilinx/vitis-embedded-2026.1/2026.1
2026-10-01 14:02:52,354 DEBUG: a.k:-1 - Extracted file: /home/shen/tools/Xilinx/installer-2026.1/payload/sdk_gnu_0031_2026.1_0616_1700.xz, to: /home/shen/tools/Xilinx/vitis-embedded-2026.1/2026.1, in 3123 mili-sec
Memory usage -- Used memory: 45201 MB. Total memory: 47782 MB
Recent cpu usage for system: 34%
2026-10-01 14:02:52,355 DEBUG: a.l:-1 - number of files to extract:332835 number of files extracted: 157306
2026-10-01 14:02:52,355 DEBUG: a.k:-1 - Start extraction for file: /home/shen/tools/Xilinx/installer-2026.1/payload/data_0567_2026.1_0616_1700_encrypt.xz, to: /home/shen/tools/Xilinx/vitis-embedded-2026.1/2026.1
2026-10-01 14:02:52,356 DEBUG: a.k:-1 - Extracted file: /home/shen/tools/Xilinx/installer-2026.1/payload/data_0567_2026.1_0616_1700_encrypt.xz, to: /home/shen/tools/Xilinx/vitis-embedded-2026.1/2026.1, in 1 mili-sec
Memory usage -- Used memory: 45203 MB. Total memory: 47782 MB
Recent cpu usage for system: 33%
2026-10-01 14:02:52,356 DEBUG: a.l:-1 - number of files to extract:332835 number of files extracted: 157317
2026-10-01 14:02:52,356 DEBUG: a.k:-1 - Start extraction for file: /home/shen/tools/Xilinx/installer-2026.1/payload/vitis_0031_2026.1_0616_1700.xz, to: /home/shen/tools/Xilinx/vitis-embedded-2026.1/2026.1
2026-10-01 14:02:52,367 DEBUG: a.k:-1 - Extracted file: /home/shen/tools/Xilinx/installer-2026.1/payload/vitis_0031_2026.1_0616_1700.xz, to: /home/shen/tools/Xilinx/vitis-embedded-2026.1/2026.1, in 11 mili-sec
Memory usage -- Used memory: 45211 MB. Total memory: 47782 MB
Recent cpu usage for system: 30%
2026-10-01 14:02:52,367 DEBUG: a.l:-1 - number of files to extract:332835 number of files extracted: 157342
2026-10-01 14:02:52,367 DEBUG: a.k:-1 - Start extraction for file: /home/shen/tools/Xilinx/installer-2026.1/payload/sdk_gnu_0032_2026.1_0616_1700.xz, to: /home/shen/tools/Xilinx/vitis-embedded-2026.1/2026.1
2026-10-01 14:02:52,400 DEBUG: a.k:-1 - Extracted file: /home/shen/tools/Xilinx/installer-2026.1/payload/vitis_0013_2026.1_0616_1700.xz, to: /home/shen/tools/Xilinx/vitis-embedded-2026.1/2026.1/Vitis, in 9200 mili-sec
Memory usage -- Used memory: 45237 MB. Total memory: 47782 MB
Recent cpu usage for system: 31%
2026-10-01 14:02:52,400 DEBUG: a.l:-1 - number of files to extract:332835 number of files extracted: 158880
2026-10-01 14:02:52,400 DEBUG: a.k:-1 - Start extraction for file: /home/shen/tools/Xilinx/installer-2026.1/payload/data_1722_2026.1_0616_1700_encrypt.xz, to: /home/shen/tools/Xilinx/vitis-embedded-2026.1/2026.1
2026-10-01 14:02:52,402 DEBUG: a.k:-1 - Extracted file: /home/shen/tools/Xilinx/installer-2026.1/payload/data_1722_2026.1_0616_1700_encrypt.xz, to: /home/shen/tools/Xilinx/vitis-embedded-2026.1/2026.1, in 2 mili-sec
Memory usage -- Used memory: 45239 MB. Total memory: 47782 MB
Recent cpu usage for system: 40%
2026-10-01 14:02:52,402 DEBUG: a.l:-1 - number of files to extract:332835 number of files extracted: 158891
2026-10-01 14:02:52,402 DEBUG: a.k:-1 - Start extraction for file: /home/shen/tools/Xilinx/installer-2026.1/payload/data_3132_2026.1_0616_1700_encrypt.xz, to: /home/shen/tools/Xilinx/vitis-embedded-2026.1/2026.1
2026-10-01 14:02:52,404 DEBUG: a.k:-1 - Extracted file: /home/shen/tools/Xilinx/installer-2026.1/payload/data_3132_2026.1_0616_1700_encrypt.xz, to: /home/shen/tools/Xilinx/vitis-embedded-2026.1/2026.1, in 1 mili-sec
Memory usage -- Used memory: 45239 MB. Total memory: 47782 MB
Recent cpu usage for system: 25%
2026-10-01 14:02:52,404 DEBUG: a.l:-1 - number of files to extract:332835 number of files extracted: 158902
2026-10-01 14:02:52,404 DEBUG: a.k:-1 - Start extraction for file: /home/shen/tools/Xilinx/installer-2026.1/payload/data_2467_2026.1_0616_1700_encrypt.xz, to: /home/shen/tools/Xilinx/vitis-embedded-2026.1/2026.1
2026-10-01 14:02:52,406 DEBUG: a.k:-1 - Extracted file: /home/shen/tools/Xilinx/installer-2026.1/payload/data_2467_2026.1_0616_1700_encrypt.xz, to: /home/shen/tools/Xilinx/vitis-embedded-2026.1/2026.1, in 2 mili-sec
Memory usage -- Used memory: 45248 MB. Total memory: 47782 MB
Recent cpu usage for system: 40%
2026-10-01 14:02:52,406 DEBUG: a.l:-1 - number of files to extract:332835 number of files extracted: 158913
2026-10-01 14:02:52,406 DEBUG: a.k:-1 - Start extraction for file: /home/shen/tools/Xilinx/installer-2026.1/payload/vitis_0111_2026.1_0616_1700.xz, to: /home/shen/tools/Xilinx/vitis-embedded-2026.1/2026.1/Vitis
2026-10-01 14:02:53,685 DEBUG: a.k:-1 - Extracted file: /home/shen/tools/Xilinx/installer-2026.1/payload/vitis_0122_2026.1_0616_1700.xz, to: /home/shen/tools/Xilinx/vitis-embedded-2026.1/2026.1, in 5537 mili-sec
Memory usage -- Used memory: 45437 MB. Total memory: 47782 MB
Recent cpu usage for system: 32%
2026-10-01 14:02:53,686 DEBUG: a.l:-1 - number of files to extract:332835 number of files extracted: 161048
2026-10-01 14:02:53,686 DEBUG: a.k:-1 - Start extraction for file: /home/shen/tools/Xilinx/installer-2026.1/payload/data_1466_2026.1_0616_1700_encrypt.xz, to: /home/shen/tools/Xilinx/vitis-embedded-2026.1/2026.1
2026-10-01 14:02:53,687 DEBUG: a.k:-1 - Extracted file: /home/shen/tools/Xilinx/installer-2026.1/payload/data_1466_2026.1_0616_1700_encrypt.xz, to: /home/shen/tools/Xilinx/vitis-embedded-2026.1/2026.1, in 1 mili-sec
Memory usage -- Used memory: 45438 MB. Total memory: 47782 MB
Recent cpu usage for system: 25%
2026-10-01 14:02:53,687 DEBUG: a.l:-1 - number of files to extract:332835 number of files extracted: 161059
2026-10-01 14:02:53,687 DEBUG: a.k:-1 - Start extraction for file: /home/shen/tools/Xilinx/installer-2026.1/payload/vitis_0146_2026.1_0616_1700_strip.xz, to: /home/shen/tools/Xilinx/vitis-embedded-2026.1/2026.1/Vitis
2026-10-01 14:02:54,624 DEBUG: a.k:-1 - Extracted file: /home/shen/tools/Xilinx/installer-2026.1/payload/vitis_0111_2026.1_0616_1700.xz, to: /home/shen/tools/Xilinx/vitis-embedded-2026.1/2026.1/Vitis, in 2218 mili-sec
Memory usage -- Used memory: 45427 MB. Total memory: 47782 MB
Recent cpu usage for system: 32%
2026-10-01 14:02:54,624 DEBUG: a.l:-1 - number of files to extract:332835 number of files extracted: 162131
2026-10-01 14:02:54,625 DEBUG: a.k:-1 - Start extraction for file: /home/shen/tools/Xilinx/installer-2026.1/payload/data_2922_2026.1_0616_1700_encrypt.xz, to: /home/shen/tools/Xilinx/vitis-embedded-2026.1/2026.1
2026-10-01 14:02:54,626 DEBUG: a.k:-1 - Extracted file: /home/shen/tools/Xilinx/installer-2026.1/payload/data_2922_2026.1_0616_1700_encrypt.xz, to: /home/shen/tools/Xilinx/vitis-embedded-2026.1/2026.1, in 1 mili-sec
Memory usage -- Used memory: 45428 MB. Total memory: 47782 MB
Recent cpu usage for system: 25%
2026-10-01 14:02:54,627 DEBUG: a.l:-1 - number of files to extract:332835 number of files extracted: 162142
2026-10-01 14:02:54,627 DEBUG: a.k:-1 - Start extraction for file: /home/shen/tools/Xilinx/installer-2026.1/payload/data_2733_2026.1_0616_1700_encrypt.xz, to: /home/shen/tools/Xilinx/vitis-embedded-2026.1/2026.1
2026-10-01 14:02:54,629 DEBUG: a.k:-1 - Extracted file: /home/shen/tools/Xilinx/installer-2026.1/payload/data_2733_2026.1_0616_1700_encrypt.xz, to: /home/shen/tools/Xilinx/vitis-embedded-2026.1/2026.1, in 1 mili-sec
Memory usage -- Used memory: 45428 MB. Total memory: 47782 MB
Recent cpu usage for system: 40%
2026-10-01 14:02:54,629 DEBUG: a.l:-1 - number of files to extract:332835 number of files extracted: 162153
2026-10-01 14:02:54,629 DEBUG: a.k:-1 - Start extraction for file: /home/shen/tools/Xilinx/installer-2026.1/payload/vitis_0102_2026.1_0616_1700.xz, to: /home/shen/tools/Xilinx/vitis-embedded-2026.1/2026.1
2026-10-01 14:02:55,016 DEBUG: a.k:-1 - Extracted file: /home/shen/tools/Xilinx/installer-2026.1/payload/vitis_0017_2026.1_0616_1700.xz, to: /home/shen/tools/Xilinx/vitis-embedded-2026.1/2026.1, in 12364 mili-sec
Memory usage -- Used memory: 45560 MB. Total memory: 47782 MB
Recent cpu usage for system: 32%
2026-10-01 14:02:55,017 DEBUG: a.l:-1 - number of files to extract:332835 number of files extracted: 162416
2026-10-01 14:02:55,017 DEBUG: a.k:-1 - Start extraction for file: /home/shen/tools/Xilinx/installer-2026.1/payload/data_1780_2026.1_0616_1700_encrypt.xz, to: /home/shen/tools/Xilinx/vitis-embedded-2026.1/2026.1
2026-10-01 14:02:55,019 DEBUG: a.k:-1 - Extracted file: /home/shen/tools/Xilinx/installer-2026.1/payload/data_1780_2026.1_0616_1700_encrypt.xz, to: /home/shen/tools/Xilinx/vitis-embedded-2026.1/2026.1, in 2 mili-sec
Memory usage -- Used memory: 45560 MB. Total memory: 47782 MB
Recent cpu usage for system: 33%
2026-10-01 14:02:55,019 DEBUG: a.l:-1 - number of files to extract:332835 number of files extracted: 162427
2026-10-01 14:02:55,019 DEBUG: a.k:-1 - Start extraction for file: /home/shen/tools/Xilinx/installer-2026.1/payload/sdk_gnu_0004_2026.1_0616_1700.xz, to: /home/shen/tools/Xilinx/vitis-embedded-2026.1/2026.1
2026-10-01 14:02:55,489 DEBUG: a.k:-1 - Extracted file: /home/shen/tools/Xilinx/installer-2026.1/payload/sdk_gnu_0032_2026.1_0616_1700.xz, to: /home/shen/tools/Xilinx/vitis-embedded-2026.1/2026.1, in 3121 mili-sec
Memory usage -- Used memory: 45766 MB. Total memory: 47782 MB
Recent cpu usage for system: 32%
2026-10-01 14:02:55,489 DEBUG: a.l:-1 - number of files to extract:332835 number of files extracted: 164112
2026-10-01 14:02:55,489 DEBUG: a.k:-1 - Start extraction for file: /home/shen/tools/Xilinx/installer-2026.1/payload/data_2782_2026.1_0616_1700_encrypt.xz, to: /home/shen/tools/Xilinx/vitis-embedded-2026.1/2026.1
2026-10-01 14:02:55,490 DEBUG: a.k:-1 - Extracted file: /home/shen/tools/Xilinx/installer-2026.1/payload/data_2782_2026.1_0616_1700_encrypt.xz, to: /home/shen/tools/Xilinx/vitis-embedded-2026.1/2026.1, in 1 mili-sec
Memory usage -- Used memory: 45768 MB. Total memory: 47782 MB
Recent cpu usage for system: 33%
2026-10-01 14:02:55,490 DEBUG: a.l:-1 - number of files to extract:332835 number of files extracted: 164123
2026-10-01 14:02:55,490 DEBUG: a.k:-1 - Start extraction for file: /home/shen/tools/Xilinx/installer-2026.1/payload/vitis_0157_2026.1_0616_1700.xz, to: /home/shen/tools/Xilinx/vitis-embedded-2026.1/2026.1/Vitis
2026-10-01 14:02:56,386 DEBUG: a.k:-1 - Extracted file: /home/shen/tools/Xilinx/installer-2026.1/payload/vitis_0157_2026.1_0616_1700.xz, to: /home/shen/tools/Xilinx/vitis-embedded-2026.1/2026.1/Vitis, in 896 mili-sec
Memory usage -- Used memory: 45759 MB. Total memory: 47782 MB
Recent cpu usage for system: 32%
2026-10-01 14:02:56,387 DEBUG: a.l:-1 - number of files to extract:332835 number of files extracted: 165231
2026-10-01 14:02:56,387 DEBUG: a.k:-1 - Start extraction for file: /home/shen/tools/Xilinx/installer-2026.1/payload/data_2385_2026.1_0616_1700_encrypt.xz, to: /home/shen/tools/Xilinx/vitis-embedded-2026.1/2026.1
2026-10-01 14:02:56,388 DEBUG: a.k:-1 - Extracted file: /home/shen/tools/Xilinx/installer-2026.1/payload/data_2385_2026.1_0616_1700_encrypt.xz, to: /home/shen/tools/Xilinx/vitis-embedded-2026.1/2026.1, in 1 mili-sec
Memory usage -- Used memory: 45763 MB. Total memory: 47782 MB
Recent cpu usage for system: 33%
2026-10-01 14:02:56,388 DEBUG: a.l:-1 - number of files to extract:332835 number of files extracted: 165242
2026-10-01 14:02:56,388 DEBUG: a.k:-1 - Start extraction for file: /home/shen/tools/Xilinx/installer-2026.1/payload/vitis_0127_2026.1_0616_1700.xz, to: /home/shen/tools/Xilinx/vitis-embedded-2026.1/2026.1/Vitis
2026-10-01 14:02:57,567 DEBUG: a.k:-1 - Extracted file: /home/shen/tools/Xilinx/installer-2026.1/payload/sdk_gnu_0004_2026.1_0616_1700.xz, to: /home/shen/tools/Xilinx/vitis-embedded-2026.1/2026.1, in 2548 mili-sec
Memory usage -- Used memory: 46057 MB. Total memory: 47782 MB
Recent cpu usage for system: 32%
2026-10-01 14:02:57,567 DEBUG: a.l:-1 - number of files to extract:332835 number of files extracted: 168247
2026-10-01 14:02:57,567 DEBUG: a.k:-1 - Start extraction for file: /home/shen/tools/Xilinx/installer-2026.1/payload/data_1612_2026.1_0616_1700.xz, to: /home/shen/tools/Xilinx/vitis-embedded-2026.1/2026.1
2026-10-01 14:02:57,910 DEBUG: a.k:-1 - Extracted file: /home/shen/tools/Xilinx/installer-2026.1/payload/vitis_0146_2026.1_0616_1700_strip.xz, to: /home/shen/tools/Xilinx/vitis-embedded-2026.1/2026.1/Vitis, in 4223 mili-sec
Memory usage -- Used memory: 45946 MB. Total memory: 47782 MB
Recent cpu usage for system: 33%
2026-10-01 14:02:57,910 DEBUG: a.l:-1 - number of files to extract:332835 number of files extracted: 168258
2026-10-01 14:02:57,910 DEBUG: a.k:-1 - Start extraction for file: /home/shen/tools/Xilinx/installer-2026.1/payload/vitis_0143_2026.1_0616_1700.xz, to: /home/shen/tools/Xilinx/vitis-embedded-2026.1/2026.1
2026-10-01 14:02:58,503 DEBUG: a.k:-1 - Extracted file: /home/shen/tools/Xilinx/installer-2026.1/payload/vitis_0102_2026.1_0616_1700.xz, to: /home/shen/tools/Xilinx/vitis-embedded-2026.1/2026.1, in 3874 mili-sec
Memory usage -- Used memory: 45872 MB. Total memory: 47782 MB
Recent cpu usage for system: 32%
2026-10-01 14:02:58,503 DEBUG: a.l:-1 - number of files to extract:332835 number of files extracted: 169225
2026-10-01 14:02:58,504 DEBUG: a.k:-1 - Start extraction for file: /home/shen/tools/Xilinx/installer-2026.1/payload/vitis_0016_2026.1_0616_1700_encrypt.xz, to: /home/shen/tools/Xilinx/vitis-embedded-2026.1/2026.1
2026-10-01 14:02:58,555 DEBUG: a.k:-1 - Extracted file: /home/shen/tools/Xilinx/installer-2026.1/payload/vitis_0016_2026.1_0616_1700_encrypt.xz, to: /home/shen/tools/Xilinx/vitis-embedded-2026.1/2026.1, in 51 mili-sec
Memory usage -- Used memory: 45905 MB. Total memory: 47782 MB
Recent cpu usage for system: 32%
2026-10-01 14:02:58,555 DEBUG: a.l:-1 - number of files to extract:332835 number of files extracted: 169236
2026-10-01 14:02:58,556 DEBUG: a.k:-1 - Start extraction for file: /home/shen/tools/Xilinx/installer-2026.1/payload/vitis_0050_2026.1_0616_1700.xz, to: /home/shen/tools/Xilinx/vitis-embedded-2026.1/2026.1/Vitis
2026-10-01 14:02:58,850 DEBUG: a.k:-1 - Extracted file: /home/shen/tools/Xilinx/installer-2026.1/payload/vitis_0143_2026.1_0616_1700.xz, to: /home/shen/tools/Xilinx/vitis-embedded-2026.1/2026.1, in 940 mili-sec
Memory usage -- Used memory: 45862 MB. Total memory: 47782 MB
Recent cpu usage for system: 31%
2026-10-01 14:02:58,850 DEBUG: a.l:-1 - number of files to extract:332835 number of files extracted: 169431
2026-10-01 14:02:58,850 DEBUG: a.k:-1 - Start extraction for file: /home/shen/tools/Xilinx/installer-2026.1/payload/data_1655_2026.1_0616_1700_encrypt.xz, to: /home/shen/tools/Xilinx/vitis-embedded-2026.1/2026.1
2026-10-01 14:02:58,851 DEBUG: a.k:-1 - Extracted file: /home/shen/tools/Xilinx/installer-2026.1/payload/data_1655_2026.1_0616_1700_encrypt.xz, to: /home/shen/tools/Xilinx/vitis-embedded-2026.1/2026.1, in 1 mili-sec
Memory usage -- Used memory: 45862 MB. Total memory: 47782 MB
Recent cpu usage for system: 50%
2026-10-01 14:02:58,851 DEBUG: a.l:-1 - number of files to extract:332835 number of files extracted: 169442
2026-10-01 14:02:58,852 DEBUG: a.k:-1 - Start extraction for file: /home/shen/tools/Xilinx/installer-2026.1/payload/data_2648_2026.1_0616_1700_encrypt.xz, to: /home/shen/tools/Xilinx/vitis-embedded-2026.1/2026.1
2026-10-01 14:02:58,852 DEBUG: a.k:-1 - Extracted file: /home/shen/tools/Xilinx/installer-2026.1/payload/data_2648_2026.1_0616_1700_encrypt.xz, to: /home/shen/tools/Xilinx/vitis-embedded-2026.1/2026.1, in 0 mili-sec
Memory usage -- Used memory: 45862 MB. Total memory: 47782 MB
Recent cpu usage for system: 0%
2026-10-01 14:02:58,852 DEBUG: a.l:-1 - number of files to extract:332835 number of files extracted: 169453
2026-10-01 14:02:58,853 DEBUG: a.k:-1 - Start extraction for file: /home/shen/tools/Xilinx/installer-2026.1/payload/vitis_0136_2026.1_0616_1700.xz, to: /home/shen/tools/Xilinx/vitis-embedded-2026.1/2026.1
2026-10-01 14:02:58,896 DEBUG: a.k:-1 - Extracted file: /home/shen/tools/Xilinx/installer-2026.1/payload/data_0354_2026.1_0616_1700.xz, to: /home/shen/tools/Xilinx/vitis-embedded-2026.1/2026.1, in 13966 mili-sec
Memory usage -- Used memory: 45683 MB. Total memory: 47782 MB
Recent cpu usage for system: 35%
2026-10-01 14:02:58,896 DEBUG: a.l:-1 - number of files to extract:332835 number of files extracted: 169468
2026-10-01 14:02:58,897 DEBUG: a.k:-1 - Start extraction for file: /home/shen/tools/Xilinx/installer-2026.1/payload/data_1517_2026.1_0616_1700_encrypt.xz, to: /home/shen/tools/Xilinx/vitis-embedded-2026.1/2026.1
2026-10-01 14:02:58,898 DEBUG: a.k:-1 - Extracted file: /home/shen/tools/Xilinx/installer-2026.1/payload/data_1517_2026.1_0616_1700_encrypt.xz, to: /home/shen/tools/Xilinx/vitis-embedded-2026.1/2026.1, in 0 mili-sec
Memory usage -- Used memory: 45684 MB. Total memory: 47782 MB
Recent cpu usage for system: 33%
2026-10-01 14:02:58,898 DEBUG: a.l:-1 - number of files to extract:332835 number of files extracted: 169479
2026-10-01 14:02:58,898 DEBUG: a.k:-1 - Start extraction for file: /home/shen/tools/Xilinx/installer-2026.1/payload/data_0535_2026.1_0616_1700_encrypt.xz, to: /home/shen/tools/Xilinx/vitis-embedded-2026.1/2026.1
2026-10-01 14:02:58,899 DEBUG: a.k:-1 - Extracted file: /home/shen/tools/Xilinx/installer-2026.1/payload/data_0535_2026.1_0616_1700_encrypt.xz, to: /home/shen/tools/Xilinx/vitis-embedded-2026.1/2026.1, in 0 mili-sec
Memory usage -- Used memory: 45685 MB. Total memory: 47782 MB
Recent cpu usage for system: 0%
2026-10-01 14:02:58,899 DEBUG: a.l:-1 - number of files to extract:332835 number of files extracted: 169490
2026-10-01 14:02:58,899 DEBUG: a.k:-1 - Start extraction for file: /home/shen/tools/Xilinx/installer-2026.1/payload/installer_0012_2026.1_0616_1700.xz, to: /home/shen/tools/Xilinx/vitis-embedded-2026.1/.xinstall/2026.1
2026-10-01 14:02:59,381 DEBUG: a.k:-1 - Extracted file: /home/shen/tools/Xilinx/installer-2026.1/payload/installer_0012_2026.1_0616_1700.xz, to: /home/shen/tools/Xilinx/vitis-embedded-2026.1/.xinstall/2026.1, in 482 mili-sec
Memory usage -- Used memory: 45409 MB. Total memory: 47782 MB
Recent cpu usage for system: 32%
2026-10-01 14:02:59,381 DEBUG: a.l:-1 - number of files to extract:332835 number of files extracted: 169592
2026-10-01 14:02:59,381 DEBUG: a.k:-1 - Start extraction for file: /home/shen/tools/Xilinx/installer-2026.1/payload/data_1893_2026.1_0616_1700_encrypt.xz, to: /home/shen/tools/Xilinx/vitis-embedded-2026.1/2026.1
2026-10-01 14:02:59,382 DEBUG: a.k:-1 - Extracted file: /home/shen/tools/Xilinx/installer-2026.1/payload/data_1893_2026.1_0616_1700_encrypt.xz, to: /home/shen/tools/Xilinx/vitis-embedded-2026.1/2026.1, in 1 mili-sec
Memory usage -- Used memory: 45410 MB. Total memory: 47782 MB
Recent cpu usage for system: 50%
2026-10-01 14:02:59,382 DEBUG: a.l:-1 - number of files to extract:332835 number of files extracted: 169603
2026-10-01 14:02:59,383 DEBUG: a.k:-1 - Start extraction for file: /home/shen/tools/Xilinx/installer-2026.1/payload/data_2499_2026.1_0616_1700_encrypt.xz, to: /home/shen/tools/Xilinx/vitis-embedded-2026.1/2026.1
2026-10-01 14:02:59,383 DEBUG: a.k:-1 - Extracted file: /home/shen/tools/Xilinx/installer-2026.1/payload/data_2499_2026.1_0616_1700_encrypt.xz, to: /home/shen/tools/Xilinx/vitis-embedded-2026.1/2026.1, in 0 mili-sec
Memory usage -- Used memory: 45410 MB. Total memory: 47782 MB
Recent cpu usage for system: 0%
2026-10-01 14:02:59,384 DEBUG: a.l:-1 - number of files to extract:332835 number of files extracted: 169614
2026-10-01 14:02:59,384 DEBUG: a.k:-1 - Start extraction for file: /home/shen/tools/Xilinx/installer-2026.1/payload/sdk_gnu_0001_2026.1_0616_1700.xz, to: /home/shen/tools/Xilinx/vitis-embedded-2026.1/2026.1
2026-10-01 14:03:00,570 DEBUG: a.k:-1 - Extracted file: /home/shen/tools/Xilinx/installer-2026.1/payload/data_0050_2026.1_0616_1700.xz, to: /home/shen/tools/Xilinx/vitis-embedded-2026.1/2026.1, in 15057 mili-sec
Memory usage -- Used memory: 45506 MB. Total memory: 47782 MB
Recent cpu usage for system: 30%
2026-10-01 14:03:00,570 DEBUG: a.l:-1 - number of files to extract:332835 number of files extracted: 169624
2026-10-01 14:03:00,570 DEBUG: a.k:-1 - Start extraction for file: /home/shen/tools/Xilinx/installer-2026.1/payload/data_1538_2026.1_0616_1700_encrypt.xz, to: /home/shen/tools/Xilinx/vitis-embedded-2026.1/2026.1
2026-10-01 14:03:00,571 DEBUG: a.k:-1 - Extracted file: /home/shen/tools/Xilinx/installer-2026.1/payload/vitis_0127_2026.1_0616_1700.xz, to: /home/shen/tools/Xilinx/vitis-embedded-2026.1/2026.1/Vitis, in 4183 mili-sec
Memory usage -- Used memory: 45507 MB. Total memory: 47782 MB
Recent cpu usage for system: 33%
2026-10-01 14:03:00,572 DEBUG: a.l:-1 - number of files to extract:332835 number of files extracted: 169706
2026-10-01 14:03:00,572 DEBUG: a.k:-1 - Start extraction for file: /home/shen/tools/Xilinx/installer-2026.1/payload/data_2129_2026.1_0616_1700_encrypt.xz, to: /home/shen/tools/Xilinx/vitis-embedded-2026.1/2026.1
2026-10-01 14:03:00,573 DEBUG: a.k:-1 - Extracted file: /home/shen/tools/Xilinx/installer-2026.1/payload/data_1538_2026.1_0616_1700_encrypt.xz, to: /home/shen/tools/Xilinx/vitis-embedded-2026.1/2026.1, in 3 mili-sec
Memory usage -- Used memory: 45508 MB. Total memory: 47782 MB
Recent cpu usage for system: 33%
2026-10-01 14:03:00,573 DEBUG: a.l:-1 - number of files to extract:332835 number of files extracted: 169717
2026-10-01 14:03:00,573 DEBUG: a.k:-1 - Start extraction for file: /home/shen/tools/Xilinx/installer-2026.1/payload/data_1864_2026.1_0616_1700_encrypt.xz, to: /home/shen/tools/Xilinx/vitis-embedded-2026.1/2026.1
2026-10-01 14:03:00,573 DEBUG: a.k:-1 - Extracted file: /home/shen/tools/Xilinx/installer-2026.1/payload/data_2129_2026.1_0616_1700_encrypt.xz, to: /home/shen/tools/Xilinx/vitis-embedded-2026.1/2026.1, in 1 mili-sec
Memory usage -- Used memory: 45508 MB. Total memory: 47782 MB
Recent cpu usage for system: 0%
2026-10-01 14:03:00,573 DEBUG: a.l:-1 - number of files to extract:332835 number of files extracted: 169728
2026-10-01 14:03:00,573 DEBUG: a.k:-1 - Start extraction for file: /home/shen/tools/Xilinx/installer-2026.1/payload/data_0369_2026.1_0616_1700_encrypt.xz, to: /home/shen/tools/Xilinx/vitis-embedded-2026.1/2026.1
2026-10-01 14:03:00,574 DEBUG: a.k:-1 - Extracted file: /home/shen/tools/Xilinx/installer-2026.1/payload/data_1864_2026.1_0616_1700_encrypt.xz, to: /home/shen/tools/Xilinx/vitis-embedded-2026.1/2026.1, in 1 mili-sec
Memory usage -- Used memory: 45509 MB. Total memory: 47782 MB
Recent cpu usage for system: 0%
2026-10-01 14:03:00,574 DEBUG: a.l:-1 - number of files to extract:332835 number of files extracted: 169739
2026-10-01 14:03:00,574 DEBUG: a.k:-1 - Start extraction for file: /home/shen/tools/Xilinx/installer-2026.1/payload/data_1092_2026.1_0616_1700_encrypt.xz, to: /home/shen/tools/Xilinx/vitis-embedded-2026.1/2026.1
2026-10-01 14:03:00,575 DEBUG: a.k:-1 - Extracted file: /home/shen/tools/Xilinx/installer-2026.1/payload/data_0369_2026.1_0616_1700_encrypt.xz, to: /home/shen/tools/Xilinx/vitis-embedded-2026.1/2026.1, in 1 mili-sec
Memory usage -- Used memory: 45509 MB. Total memory: 47782 MB
Recent cpu usage for system: 0%
2026-10-01 14:03:00,575 DEBUG: a.l:-1 - number of files to extract:332835 number of files extracted: 169750
2026-10-01 14:03:00,575 DEBUG: a.k:-1 - Start extraction for file: /home/shen/tools/Xilinx/installer-2026.1/payload/data_0804_2026.1_0616_1700.xz, to: /home/shen/tools/Xilinx/vitis-embedded-2026.1/2026.1
2026-10-01 14:03:00,575 DEBUG: a.k:-1 - Extracted file: /home/shen/tools/Xilinx/installer-2026.1/payload/data_1092_2026.1_0616_1700_encrypt.xz, to: /home/shen/tools/Xilinx/vitis-embedded-2026.1/2026.1, in 1 mili-sec
Memory usage -- Used memory: 45510 MB. Total memory: 47782 MB
Recent cpu usage for system: 0%
2026-10-01 14:03:00,575 DEBUG: a.l:-1 - number of files to extract:332835 number of files extracted: 169761
2026-10-01 14:03:00,575 DEBUG: a.k:-1 - Start extraction for file: /home/shen/tools/Xilinx/installer-2026.1/payload/data_1144_2026.1_0616_1700_encrypt.xz, to: /home/shen/tools/Xilinx/vitis-embedded-2026.1/2026.1
2026-10-01 14:03:00,576 DEBUG: a.k:-1 - Extracted file: /home/shen/tools/Xilinx/installer-2026.1/payload/data_1144_2026.1_0616_1700_encrypt.xz, to: /home/shen/tools/Xilinx/vitis-embedded-2026.1/2026.1, in 1 mili-sec
Memory usage -- Used memory: 45514 MB. Total memory: 47782 MB
Recent cpu usage for system: 33%
2026-10-01 14:03:00,576 DEBUG: a.l:-1 - number of files to extract:332835 number of files extracted: 169772
2026-10-01 14:03:00,576 DEBUG: a.k:-1 - Start extraction for file: /home/shen/tools/Xilinx/installer-2026.1/payload/vitis_0019_2026.1_0616_1700.xz, to: /home/shen/tools/Xilinx/vitis-embedded-2026.1/2026.1
2026-10-01 14:03:02,232 DEBUG: a.k:-1 - Extracted file: /home/shen/tools/Xilinx/installer-2026.1/payload/vitis_0050_2026.1_0616_1700.xz, to: /home/shen/tools/Xilinx/vitis-embedded-2026.1/2026.1/Vitis, in 3676 mili-sec
Memory usage -- Used memory: 44781 MB. Total memory: 47782 MB
Recent cpu usage for system: 30%
2026-10-01 14:03:02,232 DEBUG: a.l:-1 - number of files to extract:332835 number of files extracted: 176342
2026-10-01 14:03:02,232 DEBUG: a.k:-1 - Start extraction for file: /home/shen/tools/Xilinx/installer-2026.1/payload/vitis_0061_2026.1_0616_1700.xz, to: /home/shen/tools/Xilinx/vitis-embedded-2026.1/2026.1/Vitis
2026-10-01 14:03:02,373 DEBUG: a.k:-1 - Extracted file: /home/shen/tools/Xilinx/installer-2026.1/payload/sdk_gnu_0001_2026.1_0616_1700.xz, to: /home/shen/tools/Xilinx/vitis-embedded-2026.1/2026.1, in 2988 mili-sec
Memory usage -- Used memory: 44850 MB. Total memory: 47782 MB
Recent cpu usage for system: 34%
2026-10-01 14:03:02,373 DEBUG: a.l:-1 - number of files to extract:332835 number of files extracted: 178385
2026-10-01 14:03:02,373 DEBUG: a.k:-1 - Start extraction for file: /home/shen/tools/Xilinx/installer-2026.1/payload/data_1490_2026.1_0616_1700_encrypt.xz, to: /home/shen/tools/Xilinx/vitis-embedded-2026.1/2026.1
2026-10-01 14:03:02,376 DEBUG: a.k:-1 - Extracted file: /home/shen/tools/Xilinx/installer-2026.1/payload/data_1490_2026.1_0616_1700_encrypt.xz, to: /home/shen/tools/Xilinx/vitis-embedded-2026.1/2026.1, in 3 mili-sec
Memory usage -- Used memory: 44851 MB. Total memory: 47782 MB
Recent cpu usage for system: 37%
2026-10-01 14:03:02,377 DEBUG: a.l:-1 - number of files to extract:332835 number of files extracted: 178396
2026-10-01 14:03:02,377 DEBUG: a.k:-1 - Start extraction for file: /home/shen/tools/Xilinx/installer-2026.1/payload/data_2553_2026.1_0616_1700_encrypt.xz, to: /home/shen/tools/Xilinx/vitis-embedded-2026.1/2026.1
2026-10-01 14:03:02,383 DEBUG: a.k:-1 - Extracted file: /home/shen/tools/Xilinx/installer-2026.1/payload/data_2553_2026.1_0616_1700_encrypt.xz, to: /home/shen/tools/Xilinx/vitis-embedded-2026.1/2026.1, in 6 mili-sec
Memory usage -- Used memory: 44853 MB. Total memory: 47782 MB
Recent cpu usage for system: 25%
2026-10-01 14:03:02,384 DEBUG: a.l:-1 - number of files to extract:332835 number of files extracted: 178407
2026-10-01 14:03:02,384 DEBUG: a.k:-1 - Start extraction for file: /home/shen/tools/Xilinx/installer-2026.1/payload/data_3167_2026.1_0616_1700_encrypt.xz, to: /home/shen/tools/Xilinx/vitis-embedded-2026.1/2026.1
2026-10-01 14:03:02,390 DEBUG: a.k:-1 - Extracted file: /home/shen/tools/Xilinx/installer-2026.1/payload/data_3167_2026.1_0616_1700_encrypt.xz, to: /home/shen/tools/Xilinx/vitis-embedded-2026.1/2026.1, in 5 mili-sec
Memory usage -- Used memory: 44855 MB. Total memory: 47782 MB
Recent cpu usage for system: 35%
2026-10-01 14:03:02,390 DEBUG: a.l:-1 - number of files to extract:332835 number of files extracted: 178418
2026-10-01 14:03:02,390 DEBUG: a.k:-1 - Start extraction for file: /home/shen/tools/Xilinx/installer-2026.1/payload/data_0900_2026.1_0616_1700_encrypt.xz, to: /home/shen/tools/Xilinx/vitis-embedded-2026.1/2026.1
2026-10-01 14:03:02,396 DEBUG: a.k:-1 - Extracted file: /home/shen/tools/Xilinx/installer-2026.1/payload/data_0900_2026.1_0616_1700_encrypt.xz, to: /home/shen/tools/Xilinx/vitis-embedded-2026.1/2026.1, in 6 mili-sec
Memory usage -- Used memory: 44857 MB. Total memory: 47782 MB
Recent cpu usage for system: 37%
2026-10-01 14:03:02,396 DEBUG: a.l:-1 - number of files to extract:332835 number of files extracted: 178429
2026-10-01 14:03:02,396 DEBUG: a.k:-1 - Start extraction for file: /home/shen/tools/Xilinx/installer-2026.1/payload/data_1378_2026.1_0616_1700.xz, to: /home/shen/tools/Xilinx/vitis-embedded-2026.1/2026.1
2026-10-01 14:03:02,400 DEBUG: a.k:-1 - Extracted file: /home/shen/tools/Xilinx/installer-2026.1/payload/data_1378_2026.1_0616_1700.xz, to: /home/shen/tools/Xilinx/vitis-embedded-2026.1/2026.1, in 4 mili-sec
Memory usage -- Used memory: 44857 MB. Total memory: 47782 MB
Recent cpu usage for system: 22%
2026-10-01 14:03:02,401 DEBUG: a.l:-1 - number of files to extract:332835 number of files extracted: 178434
2026-10-01 14:03:02,401 DEBUG: a.k:-1 - Start extraction for file: /home/shen/tools/Xilinx/installer-2026.1/payload/data_2506_2026.1_0616_1700_encrypt.xz, to: /home/shen/tools/Xilinx/vitis-embedded-2026.1/2026.1
2026-10-01 14:03:02,404 DEBUG: a.k:-1 - Extracted file: /home/shen/tools/Xilinx/installer-2026.1/payload/data_2506_2026.1_0616_1700_encrypt.xz, to: /home/shen/tools/Xilinx/vitis-embedded-2026.1/2026.1, in 3 mili-sec
Memory usage -- Used memory: 44861 MB. Total memory: 47782 MB
Recent cpu usage for system: 33%
2026-10-01 14:03:02,404 DEBUG: a.l:-1 - number of files to extract:332835 number of files extracted: 178445
2026-10-01 14:03:02,404 DEBUG: a.k:-1 - Start extraction for file: /home/shen/tools/Xilinx/installer-2026.1/payload/vitis_0048_2026.1_0616_1700_encrypt.xz, to: /home/shen/tools/Xilinx/vitis-embedded-2026.1/2026.1/Vitis
2026-10-01 14:03:02,411 DEBUG: a.k:-1 - Extracted file: /home/shen/tools/Xilinx/installer-2026.1/payload/vitis_0048_2026.1_0616_1700_encrypt.xz, to: /home/shen/tools/Xilinx/vitis-embedded-2026.1/2026.1/Vitis, in 7 mili-sec
Memory usage -- Used memory: 44859 MB. Total memory: 47782 MB
Recent cpu usage for system: 31%
2026-10-01 14:03:02,412 DEBUG: a.l:-1 - number of files to extract:332835 number of files extracted: 178456
2026-10-01 14:03:02,412 DEBUG: a.k:-1 - Start extraction for file: /home/shen/tools/Xilinx/installer-2026.1/payload/data_0622_2026.1_0616_1700_encrypt.xz, to: /home/shen/tools/Xilinx/vitis-embedded-2026.1/2026.1
2026-10-01 14:03:02,414 DEBUG: a.k:-1 - Extracted file: /home/shen/tools/Xilinx/installer-2026.1/payload/data_0622_2026.1_0616_1700_encrypt.xz, to: /home/shen/tools/Xilinx/vitis-embedded-2026.1/2026.1, in 2 mili-sec
Memory usage -- Used memory: 44859 MB. Total memory: 47782 MB
Recent cpu usage for system: 33%
2026-10-01 14:03:02,414 DEBUG: a.l:-1 - number of files to extract:332835 number of files extracted: 178467
2026-10-01 14:03:02,414 DEBUG: a.k:-1 - Start extraction for file: /home/shen/tools/Xilinx/installer-2026.1/payload/data_2429_2026.1_0616_1700_encrypt.xz, to: /home/shen/tools/Xilinx/vitis-embedded-2026.1/2026.1
2026-10-01 14:03:02,427 DEBUG: a.k:-1 - Extracted file: /home/shen/tools/Xilinx/installer-2026.1/payload/data_2429_2026.1_0616_1700_encrypt.xz, to: /home/shen/tools/Xilinx/vitis-embedded-2026.1/2026.1, in 13 mili-sec
Memory usage -- Used memory: 44862 MB. Total memory: 47782 MB
Recent cpu usage for system: 34%
2026-10-01 14:03:02,427 DEBUG: a.l:-1 - number of files to extract:332835 number of files extracted: 178478
2026-10-01 14:03:02,428 DEBUG: a.k:-1 - Start extraction for file: /home/shen/tools/Xilinx/installer-2026.1/payload/installer_0015_2026.1_0616_1700.xz, to: /home/shen/tools/Xilinx/vitis-embedded-2026.1/.xinstall/2026.1
2026-10-01 14:03:02,443 DEBUG: a.k:-1 - Extracted file: /home/shen/tools/Xilinx/installer-2026.1/payload/installer_0015_2026.1_0616_1700.xz, to: /home/shen/tools/Xilinx/vitis-embedded-2026.1/.xinstall/2026.1, in 14 mili-sec
Memory usage -- Used memory: 44865 MB. Total memory: 47782 MB
Recent cpu usage for system: 30%
2026-10-01 14:03:02,443 DEBUG: a.l:-1 - number of files to extract:332835 number of files extracted: 178482
2026-10-01 14:03:02,443 DEBUG: a.k:-1 - Start extraction for file: /home/shen/tools/Xilinx/installer-2026.1/payload/data_2298_2026.1_0616_1700_encrypt.xz, to: /home/shen/tools/Xilinx/vitis-embedded-2026.1/2026.1
2026-10-01 14:03:02,445 DEBUG: a.k:-1 - Extracted file: /home/shen/tools/Xilinx/installer-2026.1/payload/data_2298_2026.1_0616_1700_encrypt.xz, to: /home/shen/tools/Xilinx/vitis-embedded-2026.1/2026.1, in 1 mili-sec
Memory usage -- Used memory: 44866 MB. Total memory: 47782 MB
Recent cpu usage for system: 40%
2026-10-01 14:03:02,445 DEBUG: a.l:-1 - number of files to extract:332835 number of files extracted: 178493
2026-10-01 14:03:02,445 DEBUG: a.k:-1 - Start extraction for file: /home/shen/tools/Xilinx/installer-2026.1/payload/data_1850_2026.1_0616_1700_encrypt.xz, to: /home/shen/tools/Xilinx/vitis-embedded-2026.1/2026.1
2026-10-01 14:03:02,447 DEBUG: a.k:-1 - Extracted file: /home/shen/tools/Xilinx/installer-2026.1/payload/data_1850_2026.1_0616_1700_encrypt.xz, to: /home/shen/tools/Xilinx/vitis-embedded-2026.1/2026.1, in 2 mili-sec
Memory usage -- Used memory: 44866 MB. Total memory: 47782 MB
Recent cpu usage for system: 20%
2026-10-01 14:03:02,447 DEBUG: a.l:-1 - number of files to extract:332835 number of files extracted: 178504
2026-10-01 14:03:02,447 DEBUG: a.k:-1 - Start extraction for file: /home/shen/tools/Xilinx/installer-2026.1/payload/sdk_gnu_0058_2026.1_0616_1700.xz, to: /home/shen/tools/Xilinx/vitis-embedded-2026.1/2026.1
2026-10-01 14:03:02,569 DEBUG: a.k:-1 - Extracted file: /home/shen/tools/Xilinx/installer-2026.1/payload/data_0804_2026.1_0616_1700.xz, to: /home/shen/tools/Xilinx/vitis-embedded-2026.1/2026.1, in 1994 mili-sec
Memory usage -- Used memory: 44915 MB. Total memory: 47782 MB
Recent cpu usage for system: 31%
2026-10-01 14:03:02,570 DEBUG: a.l:-1 - number of files to extract:332835 number of files extracted: 191857
2026-10-01 14:03:02,570 DEBUG: a.k:-1 - Start extraction for file: /home/shen/tools/Xilinx/installer-2026.1/payload/universal_0006_2026.1_0616_1700.xz, to: /home/shen/tools/Xilinx/vitis-embedded-2026.1/2026.1
2026-10-01 14:03:02,828 DEBUG: a.k:-1 - Extracted file: /home/shen/tools/Xilinx/installer-2026.1/payload/vitis_0061_2026.1_0616_1700.xz, to: /home/shen/tools/Xilinx/vitis-embedded-2026.1/2026.1/Vitis, in 596 mili-sec
Memory usage -- Used memory: 44882 MB. Total memory: 47782 MB
Recent cpu usage for system: 33%
2026-10-01 14:03:02,828 DEBUG: a.l:-1 - number of files to extract:332835 number of files extracted: 191869
2026-10-01 14:03:02,829 DEBUG: a.k:-1 - Start extraction for file: /home/shen/tools/Xilinx/installer-2026.1/payload/data_0925_2026.1_0616_1700_encrypt.xz, to: /home/shen/tools/Xilinx/vitis-embedded-2026.1/2026.1
2026-10-01 14:03:02,830 DEBUG: a.k:-1 - Extracted file: /home/shen/tools/Xilinx/installer-2026.1/payload/data_0925_2026.1_0616_1700_encrypt.xz, to: /home/shen/tools/Xilinx/vitis-embedded-2026.1/2026.1, in 1 mili-sec
Memory usage -- Used memory: 44884 MB. Total memory: 47782 MB
Recent cpu usage for system: 25%
2026-10-01 14:03:02,830 DEBUG: a.l:-1 - number of files to extract:332835 number of files extracted: 191880
2026-10-01 14:03:02,831 DEBUG: a.k:-1 - Start extraction for file: /home/shen/tools/Xilinx/installer-2026.1/payload/data_2424_2026.1_0616_1700_encrypt.xz, to: /home/shen/tools/Xilinx/vitis-embedded-2026.1/2026.1
2026-10-01 14:03:02,832 DEBUG: a.k:-1 - Extracted file: /home/shen/tools/Xilinx/installer-2026.1/payload/data_2424_2026.1_0616_1700_encrypt.xz, to: /home/shen/tools/Xilinx/vitis-embedded-2026.1/2026.1, in 0 mili-sec
Memory usage -- Used memory: 44886 MB. Total memory: 47782 MB
Recent cpu usage for system: 33%
2026-10-01 14:03:02,832 DEBUG: a.l:-1 - number of files to extract:332835 number of files extracted: 191891
2026-10-01 14:03:02,832 DEBUG: a.k:-1 - Start extraction for file: /home/shen/tools/Xilinx/installer-2026.1/payload/data_2173_2026.1_0616_1700_encrypt.xz, to: /home/shen/tools/Xilinx/vitis-embedded-2026.1/2026.1
2026-10-01 14:03:02,833 DEBUG: a.k:-1 - Extracted file: /home/shen/tools/Xilinx/installer-2026.1/payload/data_2173_2026.1_0616_1700_encrypt.xz, to: /home/shen/tools/Xilinx/vitis-embedded-2026.1/2026.1, in 1 mili-sec
Memory usage -- Used memory: 44886 MB. Total memory: 47782 MB
Recent cpu usage for system: 33%
2026-10-01 14:03:02,833 DEBUG: a.l:-1 - number of files to extract:332835 number of files extracted: 191902
2026-10-01 14:03:02,833 DEBUG: a.k:-1 - Start extraction for file: /home/shen/tools/Xilinx/installer-2026.1/payload/data_1237_2026.1_0616_1700_encrypt.xz, to: /home/shen/tools/Xilinx/vitis-embedded-2026.1/2026.1
2026-10-01 14:03:02,835 DEBUG: a.k:-1 - Extracted file: /home/shen/tools/Xilinx/installer-2026.1/payload/data_1237_2026.1_0616_1700_encrypt.xz, to: /home/shen/tools/Xilinx/vitis-embedded-2026.1/2026.1, in 2 mili-sec
Memory usage -- Used memory: 44887 MB. Total memory: 47782 MB
Recent cpu usage for system: 33%
2026-10-01 14:03:02,835 DEBUG: a.l:-1 - number of files to extract:332835 number of files extracted: 191913
2026-10-01 14:03:02,835 DEBUG: a.k:-1 - Start extraction for file: /home/shen/tools/Xilinx/installer-2026.1/payload/data_2798_2026.1_0616_1700_encrypt.xz, to: /home/shen/tools/Xilinx/vitis-embedded-2026.1/2026.1
2026-10-01 14:03:02,839 DEBUG: a.k:-1 - Extracted file: /home/shen/tools/Xilinx/installer-2026.1/payload/data_2798_2026.1_0616_1700_encrypt.xz, to: /home/shen/tools/Xilinx/vitis-embedded-2026.1/2026.1, in 4 mili-sec
Memory usage -- Used memory: 44888 MB. Total memory: 47782 MB
Recent cpu usage for system: 28%
2026-10-01 14:03:02,839 DEBUG: a.l:-1 - number of files to extract:332835 number of files extracted: 191924
2026-10-01 14:03:02,839 DEBUG: a.k:-1 - Start extraction for file: /home/shen/tools/Xilinx/installer-2026.1/payload/data_2304_2026.1_0616_1700_encrypt.xz, to: /home/shen/tools/Xilinx/vitis-embedded-2026.1/2026.1
2026-10-01 14:03:02,840 DEBUG: a.k:-1 - Extracted file: /home/shen/tools/Xilinx/installer-2026.1/payload/data_2304_2026.1_0616_1700_encrypt.xz, to: /home/shen/tools/Xilinx/vitis-embedded-2026.1/2026.1, in 0 mili-sec
Memory usage -- Used memory: 44889 MB. Total memory: 47782 MB
Recent cpu usage for system: 50%
2026-10-01 14:03:02,840 DEBUG: a.l:-1 - number of files to extract:332835 number of files extracted: 191935
2026-10-01 14:03:02,840 DEBUG: a.k:-1 - Start extraction for file: /home/shen/tools/Xilinx/installer-2026.1/payload/data_2260_2026.1_0616_1700_encrypt.xz, to: /home/shen/tools/Xilinx/vitis-embedded-2026.1/2026.1
2026-10-01 14:03:02,841 DEBUG: a.k:-1 - Extracted file: /home/shen/tools/Xilinx/installer-2026.1/payload/data_2260_2026.1_0616_1700_encrypt.xz, to: /home/shen/tools/Xilinx/vitis-embedded-2026.1/2026.1, in 1 mili-sec
Memory usage -- Used memory: 44890 MB. Total memory: 47782 MB
Recent cpu usage for system: 33%
2026-10-01 14:03:02,841 DEBUG: a.l:-1 - number of files to extract:332835 number of files extracted: 191946
2026-10-01 14:03:02,841 DEBUG: a.k:-1 - Start extraction for file: /home/shen/tools/Xilinx/installer-2026.1/payload/data_2723_2026.1_0616_1700_encrypt.xz, to: /home/shen/tools/Xilinx/vitis-embedded-2026.1/2026.1
2026-10-01 14:03:02,842 DEBUG: a.k:-1 - Extracted file: /home/shen/tools/Xilinx/installer-2026.1/payload/data_2723_2026.1_0616_1700_encrypt.xz, to: /home/shen/tools/Xilinx/vitis-embedded-2026.1/2026.1, in 1 mili-sec
Memory usage -- Used memory: 44891 MB. Total memory: 47782 MB
Recent cpu usage for system: 60%
2026-10-01 14:03:02,842 DEBUG: a.l:-1 - number of files to extract:332835 number of files extracted: 191957
2026-10-01 14:03:02,842 DEBUG: a.k:-1 - Start extraction for file: /home/shen/tools/Xilinx/installer-2026.1/payload/data_1108_2026.1_0616_1700.xz, to: /home/shen/tools/Xilinx/vitis-embedded-2026.1/2026.1
2026-10-01 14:03:02,852 DEBUG: a.k:-1 - Extracted file: /home/shen/tools/Xilinx/installer-2026.1/payload/data_1108_2026.1_0616_1700.xz, to: /home/shen/tools/Xilinx/vitis-embedded-2026.1/2026.1, in 10 mili-sec
Memory usage -- Used memory: 44896 MB. Total memory: 47782 MB
Recent cpu usage for system: 31%
2026-10-01 14:03:02,852 DEBUG: a.l:-1 - number of files to extract:332835 number of files extracted: 191961
2026-10-01 14:03:02,852 DEBUG: a.k:-1 - Start extraction for file: /home/shen/tools/Xilinx/installer-2026.1/payload/installer_0018_2026.1_0616_1700_strip.xz, to: /home/shen/tools/Xilinx/vitis-embedded-2026.1/.xinstall/2026.1
2026-10-01 14:03:02,897 DEBUG: a.k:-1 - Extracted file: /home/shen/tools/Xilinx/installer-2026.1/payload/installer_0018_2026.1_0616_1700_strip.xz, to: /home/shen/tools/Xilinx/vitis-embedded-2026.1/.xinstall/2026.1, in 44 mili-sec
Memory usage -- Used memory: 44929 MB. Total memory: 47782 MB
Recent cpu usage for system: 31%
2026-10-01 14:03:02,897 DEBUG: a.l:-1 - number of files to extract:332835 number of files extracted: 191968
2026-10-01 14:03:02,897 DEBUG: a.k:-1 - Start extraction for file: /home/shen/tools/Xilinx/installer-2026.1/payload/data_1622_2026.1_0616_1700_encrypt.xz, to: /home/shen/tools/Xilinx/vitis-embedded-2026.1/2026.1
2026-10-01 14:03:02,900 DEBUG: a.k:-1 - Extracted file: /home/shen/tools/Xilinx/installer-2026.1/payload/data_1622_2026.1_0616_1700_encrypt.xz, to: /home/shen/tools/Xilinx/vitis-embedded-2026.1/2026.1, in 3 mili-sec
Memory usage -- Used memory: 44930 MB. Total memory: 47782 MB
Recent cpu usage for system: 28%
2026-10-01 14:03:02,900 DEBUG: a.l:-1 - number of files to extract:332835 number of files extracted: 191979
2026-10-01 14:03:02,900 DEBUG: a.k:-1 - Start extraction for file: /home/shen/tools/Xilinx/installer-2026.1/payload/data_1323_2026.1_0616_1700.xz, to: /home/shen/tools/Xilinx/vitis-embedded-2026.1/2026.1
2026-10-01 14:03:04,231 DEBUG: a.k:-1 - Extracted file: /home/shen/tools/Xilinx/installer-2026.1/payload/vitis_0136_2026.1_0616_1700.xz, to: /home/shen/tools/Xilinx/vitis-embedded-2026.1/2026.1, in 5378 mili-sec
Memory usage -- Used memory: 44931 MB. Total memory: 47782 MB
Recent cpu usage for system: 32%
2026-10-01 14:03:04,232 DEBUG: a.l:-1 - number of files to extract:332835 number of files extracted: 193909
2026-10-01 14:03:04,232 DEBUG: a.k:-1 - Start extraction for file: /home/shen/tools/Xilinx/installer-2026.1/payload/data_0651_2026.1_0616_1700_encrypt.xz, to: /home/shen/tools/Xilinx/vitis-embedded-2026.1/2026.1
2026-10-01 14:03:04,233 DEBUG: a.k:-1 - Extracted file: /home/shen/tools/Xilinx/installer-2026.1/payload/data_0651_2026.1_0616_1700_encrypt.xz, to: /home/shen/tools/Xilinx/vitis-embedded-2026.1/2026.1, in 1 mili-sec
Memory usage -- Used memory: 44931 MB. Total memory: 47782 MB
Recent cpu usage for system: 50%
2026-10-01 14:03:04,233 DEBUG: a.l:-1 - number of files to extract:332835 number of files extracted: 193920
2026-10-01 14:03:04,234 DEBUG: a.k:-1 - Start extraction for file: /home/shen/tools/Xilinx/installer-2026.1/payload/data_0912_2026.1_0616_1700_encrypt.xz, to: /home/shen/tools/Xilinx/vitis-embedded-2026.1/2026.1
2026-10-01 14:03:04,236 DEBUG: a.k:-1 - Extracted file: /home/shen/tools/Xilinx/installer-2026.1/payload/data_0912_2026.1_0616_1700_encrypt.xz, to: /home/shen/tools/Xilinx/vitis-embedded-2026.1/2026.1, in 2 mili-sec
Memory usage -- Used memory: 44932 MB. Total memory: 47782 MB
Recent cpu usage for system: 20%
2026-10-01 14:03:04,236 DEBUG: a.l:-1 - number of files to extract:332835 number of files extracted: 193931
2026-10-01 14:03:04,236 DEBUG: a.k:-1 - Start extraction for file: /home/shen/tools/Xilinx/installer-2026.1/payload/vitis_0006_2026.1_0616_1700.xz, to: /home/shen/tools/Xilinx/vitis-embedded-2026.1/2026.1
2026-10-01 14:03:05,370 DEBUG: a.k:-1 - Extracted file: /home/shen/tools/Xilinx/installer-2026.1/payload/vitis_0019_2026.1_0616_1700.xz, to: /home/shen/tools/Xilinx/vitis-embedded-2026.1/2026.1, in 4793 mili-sec
Memory usage -- Used memory: 45014 MB. Total memory: 47782 MB
Recent cpu usage for system: 32%
2026-10-01 14:03:05,370 DEBUG: a.l:-1 - number of files to extract:332835 number of files extracted: 194707
2026-10-01 14:03:05,370 DEBUG: a.k:-1 - Start extraction for file: /home/shen/tools/Xilinx/installer-2026.1/payload/data_2774_2026.1_0616_1700_encrypt.xz, to: /home/shen/tools/Xilinx/vitis-embedded-2026.1/2026.1
2026-10-01 14:03:05,371 DEBUG: a.k:-1 - Extracted file: /home/shen/tools/Xilinx/installer-2026.1/payload/data_2774_2026.1_0616_1700_encrypt.xz, to: /home/shen/tools/Xilinx/vitis-embedded-2026.1/2026.1, in 1 mili-sec
Memory usage -- Used memory: 44974 MB. Total memory: 47782 MB
Recent cpu usage for system: 50%
2026-10-01 14:03:05,371 DEBUG: a.l:-1 - number of files to extract:332835 number of files extracted: 194718
2026-10-01 14:03:05,371 DEBUG: a.k:-1 - Start extraction for file: /home/shen/tools/Xilinx/installer-2026.1/payload/data_3092_2026.1_0616_1700.xz, to: /home/shen/tools/Xilinx/vitis-embedded-2026.1/2026.1
2026-10-01 14:03:05,737 DEBUG: a.k:-1 - Extracted file: /home/shen/tools/Xilinx/installer-2026.1/payload/sdk_gnu_0058_2026.1_0616_1700.xz, to: /home/shen/tools/Xilinx/vitis-embedded-2026.1/2026.1, in 3289 mili-sec
Memory usage -- Used memory: 44921 MB. Total memory: 47782 MB
Recent cpu usage for system: 32%
2026-10-01 14:03:05,737 DEBUG: a.l:-1 - number of files to extract:332835 number of files extracted: 198594
2026-10-01 14:03:05,737 DEBUG: a.k:-1 - Start extraction for file: /home/shen/tools/Xilinx/installer-2026.1/payload/data_2193_2026.1_0616_1700_encrypt.xz, to: /home/shen/tools/Xilinx/vitis-embedded-2026.1/2026.1
2026-10-01 14:03:05,738 DEBUG: a.k:-1 - Extracted file: /home/shen/tools/Xilinx/installer-2026.1/payload/data_2193_2026.1_0616_1700_encrypt.xz, to: /home/shen/tools/Xilinx/vitis-embedded-2026.1/2026.1, in 1 mili-sec
Memory usage -- Used memory: 44925 MB. Total memory: 47782 MB
Recent cpu usage for system: 33%
2026-10-01 14:03:05,738 DEBUG: a.l:-1 - number of files to extract:332835 number of files extracted: 198605
2026-10-01 14:03:05,739 DEBUG: a.k:-1 - Start extraction for file: /home/shen/tools/Xilinx/installer-2026.1/payload/vitis_0108_2026.1_0616_1700_encrypt.xz, to: /home/shen/tools/Xilinx/vitis-embedded-2026.1/2026.1/Vitis
2026-10-01 14:03:05,743 DEBUG: a.k:-1 - Extracted file: /home/shen/tools/Xilinx/installer-2026.1/payload/vitis_0108_2026.1_0616_1700_encrypt.xz, to: /home/shen/tools/Xilinx/vitis-embedded-2026.1/2026.1/Vitis, in 4 mili-sec
Memory usage -- Used memory: 44926 MB. Total memory: 47782 MB
Recent cpu usage for system: 36%
2026-10-01 14:03:05,743 DEBUG: a.l:-1 - number of files to extract:332835 number of files extracted: 198616
2026-10-01 14:03:05,743 DEBUG: a.k:-1 - Start extraction for file: /home/shen/tools/Xilinx/installer-2026.1/payload/data_2450_2026.1_0616_1700_encrypt.xz, to: /home/shen/tools/Xilinx/vitis-embedded-2026.1/2026.1
2026-10-01 14:03:05,745 DEBUG: a.k:-1 - Extracted file: /home/shen/tools/Xilinx/installer-2026.1/payload/data_2450_2026.1_0616_1700_encrypt.xz, to: /home/shen/tools/Xilinx/vitis-embedded-2026.1/2026.1, in 2 mili-sec
Memory usage -- Used memory: 44926 MB. Total memory: 47782 MB
Recent cpu usage for system: 33%
2026-10-01 14:03:05,746 DEBUG: a.l:-1 - number of files to extract:332835 number of files extracted: 198627
2026-10-01 14:03:05,746 DEBUG: a.k:-1 - Start extraction for file: /home/shen/tools/Xilinx/installer-2026.1/payload/data_1645_2026.1_0616_1700_encrypt.xz, to: /home/shen/tools/Xilinx/vitis-embedded-2026.1/2026.1
2026-10-01 14:03:05,746 DEBUG: a.k:-1 - Extracted file: /home/shen/tools/Xilinx/installer-2026.1/payload/data_1645_2026.1_0616_1700_encrypt.xz, to: /home/shen/tools/Xilinx/vitis-embedded-2026.1/2026.1, in 0 mili-sec
Memory usage -- Used memory: 44927 MB. Total memory: 47782 MB
Recent cpu usage for system: 66%
2026-10-01 14:03:05,747 DEBUG: a.l:-1 - number of files to extract:332835 number of files extracted: 198638
2026-10-01 14:03:05,747 DEBUG: a.k:-1 - Start extraction for file: /home/shen/tools/Xilinx/installer-2026.1/payload/data_1162_2026.1_0616_1700_encrypt.xz, to: /home/shen/tools/Xilinx/vitis-embedded-2026.1/2026.1
2026-10-01 14:03:05,747 DEBUG: a.k:-1 - Extracted file: /home/shen/tools/Xilinx/installer-2026.1/payload/data_1162_2026.1_0616_1700_encrypt.xz, to: /home/shen/tools/Xilinx/vitis-embedded-2026.1/2026.1, in 0 mili-sec
Memory usage -- Used memory: 44927 MB. Total memory: 47782 MB
Recent cpu usage for system: 0%
2026-10-01 14:03:05,748 DEBUG: a.l:-1 - number of files to extract:332835 number of files extracted: 198649
2026-10-01 14:03:05,748 DEBUG: a.k:-1 - Start extraction for file: /home/shen/tools/Xilinx/installer-2026.1/payload/data_1564_2026.1_0616_1700_encrypt.xz, to: /home/shen/tools/Xilinx/vitis-embedded-2026.1/2026.1
2026-10-01 14:03:05,750 DEBUG: a.k:-1 - Extracted file: /home/shen/tools/Xilinx/installer-2026.1/payload/data_1564_2026.1_0616_1700_encrypt.xz, to: /home/shen/tools/Xilinx/vitis-embedded-2026.1/2026.1, in 1 mili-sec
Memory usage -- Used memory: 44928 MB. Total memory: 47782 MB
Recent cpu usage for system: 40%
2026-10-01 14:03:05,750 DEBUG: a.l:-1 - number of files to extract:332835 number of files extracted: 198660
2026-10-01 14:03:05,750 DEBUG: a.k:-1 - Start extraction for file: /home/shen/tools/Xilinx/installer-2026.1/payload/data_0547_2026.1_0616_1700_encrypt.xz, to: /home/shen/tools/Xilinx/vitis-embedded-2026.1/2026.1
2026-10-01 14:03:05,752 DEBUG: a.k:-1 - Extracted file: /home/shen/tools/Xilinx/installer-2026.1/payload/data_0547_2026.1_0616_1700_encrypt.xz, to: /home/shen/tools/Xilinx/vitis-embedded-2026.1/2026.1, in 2 mili-sec
Memory usage -- Used memory: 44928 MB. Total memory: 47782 MB
Recent cpu usage for system: 28%
2026-10-01 14:03:05,753 DEBUG: a.l:-1 - number of files to extract:332835 number of files extracted: 198671
2026-10-01 14:03:05,753 DEBUG: a.k:-1 - Start extraction for file: /home/shen/tools/Xilinx/installer-2026.1/payload/data_2603_2026.1_0616_1700.xz, to: /home/shen/tools/Xilinx/vitis-embedded-2026.1/2026.1
2026-10-01 14:03:05,827 DEBUG: a.k:-1 - Extracted file: /home/shen/tools/Xilinx/installer-2026.1/payload/universal_0006_2026.1_0616_1700.xz, to: /home/shen/tools/Xilinx/vitis-embedded-2026.1/2026.1, in 3257 mili-sec
Memory usage -- Used memory: 44961 MB. Total memory: 47782 MB
Recent cpu usage for system: 32%
2026-10-01 14:03:05,828 DEBUG: a.l:-1 - number of files to extract:332835 number of files extracted: 199349
2026-10-01 14:03:05,828 DEBUG: a.k:-1 - Start extraction for file: /home/shen/tools/Xilinx/installer-2026.1/payload/data_1480_2026.1_0616_1700_encrypt.xz, to: /home/shen/tools/Xilinx/vitis-embedded-2026.1/2026.1
2026-10-01 14:03:05,829 DEBUG: a.k:-1 - Extracted file: /home/shen/tools/Xilinx/installer-2026.1/payload/data_1480_2026.1_0616_1700_encrypt.xz, to: /home/shen/tools/Xilinx/vitis-embedded-2026.1/2026.1, in 1 mili-sec
Memory usage -- Used memory: 44962 MB. Total memory: 47782 MB
Recent cpu usage for system: 25%
2026-10-01 14:03:05,829 DEBUG: a.l:-1 - number of files to extract:332835 number of files extracted: 199360
2026-10-01 14:03:05,829 DEBUG: a.k:-1 - Start extraction for file: /home/shen/tools/Xilinx/installer-2026.1/payload/vitis_0056_2026.1_0616_1700_encrypt.xz, to: /home/shen/tools/Xilinx/vitis-embedded-2026.1/2026.1
2026-10-01 14:03:05,849 DEBUG: a.k:-1 - Extracted file: /home/shen/tools/Xilinx/installer-2026.1/payload/vitis_0056_2026.1_0616_1700_encrypt.xz, to: /home/shen/tools/Xilinx/vitis-embedded-2026.1/2026.1, in 20 mili-sec
Memory usage -- Used memory: 44972 MB. Total memory: 47782 MB
Recent cpu usage for system: 32%
2026-10-01 14:03:05,849 DEBUG: a.l:-1 - number of files to extract:332835 number of files extracted: 199371
2026-10-01 14:03:05,849 DEBUG: a.k:-1 - Start extraction for file: /home/shen/tools/Xilinx/installer-2026.1/payload/data_2999_2026.1_0616_1700_encrypt.xz, to: /home/shen/tools/Xilinx/vitis-embedded-2026.1/2026.1
2026-10-01 14:03:05,850 DEBUG: a.k:-1 - Extracted file: /home/shen/tools/Xilinx/installer-2026.1/payload/data_2999_2026.1_0616_1700_encrypt.xz, to: /home/shen/tools/Xilinx/vitis-embedded-2026.1/2026.1, in 1 mili-sec
Memory usage -- Used memory: 44973 MB. Total memory: 47782 MB
Recent cpu usage for system: 50%
2026-10-01 14:03:05,850 DEBUG: a.l:-1 - number of files to extract:332835 number of files extracted: 199382
2026-10-01 14:03:05,850 DEBUG: a.k:-1 - Start extraction for file: /home/shen/tools/Xilinx/installer-2026.1/payload/vitis_0068_2026.1_0616_1700_strip.xz, to: /home/shen/tools/Xilinx/vitis-embedded-2026.1/2026.1/Vitis
2026-10-01 14:03:07,268 DEBUG: a.k:-1 - Extracted file: /home/shen/tools/Xilinx/installer-2026.1/payload/data_3092_2026.1_0616_1700.xz, to: /home/shen/tools/Xilinx/vitis-embedded-2026.1/2026.1, in 1897 mili-sec
Memory usage -- Used memory: 44998 MB. Total memory: 47782 MB
Recent cpu usage for system: 32%
2026-10-01 14:03:07,269 DEBUG: a.l:-1 - number of files to extract:332835 number of files extracted: 199383
2026-10-01 14:03:07,269 DEBUG: a.k:-1 - Start extraction for file: /home/shen/tools/Xilinx/installer-2026.1/payload/data_2290_2026.1_0616_1700_encrypt.xz, to: /home/shen/tools/Xilinx/vitis-embedded-2026.1/2026.1
2026-10-01 14:03:07,270 DEBUG: a.k:-1 - Extracted file: /home/shen/tools/Xilinx/installer-2026.1/payload/data_2290_2026.1_0616_1700_encrypt.xz, to: /home/shen/tools/Xilinx/vitis-embedded-2026.1/2026.1, in 1 mili-sec
Memory usage -- Used memory: 44998 MB. Total memory: 47782 MB
Recent cpu usage for system: 33%
2026-10-01 14:03:07,270 DEBUG: a.l:-1 - number of files to extract:332835 number of files extracted: 199394
2026-10-01 14:03:07,270 DEBUG: a.k:-1 - Start extraction for file: /home/shen/tools/Xilinx/installer-2026.1/payload/data_2706_2026.1_0616_1700_encrypt.xz, to: /home/shen/tools/Xilinx/vitis-embedded-2026.1/2026.1
2026-10-01 14:03:07,273 DEBUG: a.k:-1 - Extracted file: /home/shen/tools/Xilinx/installer-2026.1/payload/data_2706_2026.1_0616_1700_encrypt.xz, to: /home/shen/tools/Xilinx/vitis-embedded-2026.1/2026.1, in 3 mili-sec
Memory usage -- Used memory: 45000 MB. Total memory: 47782 MB
Recent cpu usage for system: 28%
2026-10-01 14:03:07,273 DEBUG: a.l:-1 - number of files to extract:332835 number of files extracted: 199405
2026-10-01 14:03:07,273 DEBUG: a.k:-1 - Start extraction for file: /home/shen/tools/Xilinx/installer-2026.1/payload/vitis_0158_2026.1_0616_1700.xz, to: /home/shen/tools/Xilinx/vitis-embedded-2026.1/2026.1
2026-10-01 14:03:07,710 DEBUG: a.k:-1 - Extracted file: /home/shen/tools/Xilinx/installer-2026.1/payload/vitis_0068_2026.1_0616_1700_strip.xz, to: /home/shen/tools/Xilinx/vitis-embedded-2026.1/2026.1/Vitis, in 1860 mili-sec
Memory usage -- Used memory: 44982 MB. Total memory: 47782 MB
Recent cpu usage for system: 33%
2026-10-01 14:03:07,710 DEBUG: a.l:-1 - number of files to extract:332835 number of files extracted: 199416
2026-10-01 14:03:07,711 DEBUG: a.k:-1 - Start extraction for file: /home/shen/tools/Xilinx/installer-2026.1/payload/data_0890_2026.1_0616_1700_encrypt.xz, to: /home/shen/tools/Xilinx/vitis-embedded-2026.1/2026.1
2026-10-01 14:03:07,714 DEBUG: a.k:-1 - Extracted file: /home/shen/tools/Xilinx/installer-2026.1/payload/data_0890_2026.1_0616_1700_encrypt.xz, to: /home/shen/tools/Xilinx/vitis-embedded-2026.1/2026.1, in 3 mili-sec
Memory usage -- Used memory: 44984 MB. Total memory: 47782 MB
Recent cpu usage for system: 33%
2026-10-01 14:03:07,714 DEBUG: a.l:-1 - number of files to extract:332835 number of files extracted: 199427
2026-10-01 14:03:07,714 DEBUG: a.k:-1 - Start extraction for file: /home/shen/tools/Xilinx/installer-2026.1/payload/data_2673_2026.1_0616_1700.xz, to: /home/shen/tools/Xilinx/vitis-embedded-2026.1/2026.1
2026-10-01 14:03:07,908 DEBUG: a.k:-1 - Extracted file: /home/shen/tools/Xilinx/installer-2026.1/payload/vitis_0006_2026.1_0616_1700.xz, to: /home/shen/tools/Xilinx/vitis-embedded-2026.1/2026.1, in 3671 mili-sec
Memory usage -- Used memory: 45080 MB. Total memory: 47782 MB
Recent cpu usage for system: 32%
2026-10-01 14:03:07,908 DEBUG: a.l:-1 - number of files to extract:332835 number of files extracted: 200663
2026-10-01 14:03:07,908 DEBUG: a.k:-1 - Start extraction for file: /home/shen/tools/Xilinx/installer-2026.1/payload/data_2442_2026.1_0616_1700_encrypt.xz, to: /home/shen/tools/Xilinx/vitis-embedded-2026.1/2026.1
2026-10-01 14:03:07,909 DEBUG: a.k:-1 - Extracted file: /home/shen/tools/Xilinx/installer-2026.1/payload/data_2442_2026.1_0616_1700_encrypt.xz, to: /home/shen/tools/Xilinx/vitis-embedded-2026.1/2026.1, in 1 mili-sec
Memory usage -- Used memory: 45080 MB. Total memory: 47782 MB
Recent cpu usage for system: 25%
2026-10-01 14:03:07,909 DEBUG: a.l:-1 - number of files to extract:332835 number of files extracted: 200674
2026-10-01 14:03:07,909 DEBUG: a.k:-1 - Start extraction for file: /home/shen/tools/Xilinx/installer-2026.1/payload/data_1406_2026.1_0616_1700_encrypt.xz, to: /home/shen/tools/Xilinx/vitis-embedded-2026.1/2026.1
2026-10-01 14:03:07,911 DEBUG: a.k:-1 - Extracted file: /home/shen/tools/Xilinx/installer-2026.1/payload/data_1406_2026.1_0616_1700_encrypt.xz, to: /home/shen/tools/Xilinx/vitis-embedded-2026.1/2026.1, in 2 mili-sec
Memory usage -- Used memory: 45081 MB. Total memory: 47782 MB
Recent cpu usage for system: 33%
2026-10-01 14:03:07,911 DEBUG: a.l:-1 - number of files to extract:332835 number of files extracted: 200685
2026-10-01 14:03:07,911 DEBUG: a.k:-1 - Start extraction for file: /home/shen/tools/Xilinx/installer-2026.1/payload/data_0968_2026.1_0616_1700_encrypt.xz, to: /home/shen/tools/Xilinx/vitis-embedded-2026.1/2026.1
2026-10-01 14:03:07,913 DEBUG: a.k:-1 - Extracted file: /home/shen/tools/Xilinx/installer-2026.1/payload/data_0968_2026.1_0616_1700_encrypt.xz, to: /home/shen/tools/Xilinx/vitis-embedded-2026.1/2026.1, in 2 mili-sec
Memory usage -- Used memory: 45082 MB. Total memory: 47782 MB
Recent cpu usage for system: 33%
2026-10-01 14:03:07,914 DEBUG: a.l:-1 - number of files to extract:332835 number of files extracted: 200696
2026-10-01 14:03:07,914 DEBUG: a.k:-1 - Start extraction for file: /home/shen/tools/Xilinx/installer-2026.1/payload/data_1436_2026.1_0616_1700_encrypt.xz, to: /home/shen/tools/Xilinx/vitis-embedded-2026.1/2026.1
2026-10-01 14:03:07,915 DEBUG: a.k:-1 - Extracted file: /home/shen/tools/Xilinx/installer-2026.1/payload/data_1436_2026.1_0616_1700_encrypt.xz, to: /home/shen/tools/Xilinx/vitis-embedded-2026.1/2026.1, in 1 mili-sec
Memory usage -- Used memory: 45083 MB. Total memory: 47782 MB
Recent cpu usage for system: 33%
2026-10-01 14:03:07,915 DEBUG: a.l:-1 - number of files to extract:332835 number of files extracted: 200707
2026-10-01 14:03:07,915 DEBUG: a.k:-1 - Start extraction for file: /home/shen/tools/Xilinx/installer-2026.1/payload/data_3070_2026.1_0616_1700_encrypt.xz, to: /home/shen/tools/Xilinx/vitis-embedded-2026.1/2026.1
2026-10-01 14:03:07,916 DEBUG: a.k:-1 - Extracted file: /home/shen/tools/Xilinx/installer-2026.1/payload/data_3070_2026.1_0616_1700_encrypt.xz, to: /home/shen/tools/Xilinx/vitis-embedded-2026.1/2026.1, in 1 mili-sec
Memory usage -- Used memory: 45083 MB. Total memory: 47782 MB
Recent cpu usage for system: 33%
2026-10-01 14:03:07,916 DEBUG: a.l:-1 - number of files to extract:332835 number of files extracted: 200718
2026-10-01 14:03:07,916 DEBUG: a.k:-1 - Start extraction for file: /home/shen/tools/Xilinx/installer-2026.1/payload/data_1598_2026.1_0616_1700_encrypt.xz, to: /home/shen/tools/Xilinx/vitis-embedded-2026.1/2026.1
2026-10-01 14:03:07,917 DEBUG: a.k:-1 - Extracted file: /home/shen/tools/Xilinx/installer-2026.1/payload/data_1598_2026.1_0616_1700_encrypt.xz, to: /home/shen/tools/Xilinx/vitis-embedded-2026.1/2026.1, in 0 mili-sec
Memory usage -- Used memory: 45084 MB. Total memory: 47782 MB
Recent cpu usage for system: 0%
2026-10-01 14:03:07,917 DEBUG: a.l:-1 - number of files to extract:332835 number of files extracted: 200729
2026-10-01 14:03:07,917 DEBUG: a.k:-1 - Start extraction for file: /home/shen/tools/Xilinx/installer-2026.1/payload/data_2566_2026.1_0616_1700_encrypt.xz, to: /home/shen/tools/Xilinx/vitis-embedded-2026.1/2026.1
2026-10-01 14:03:07,918 DEBUG: a.k:-1 - Extracted file: /home/shen/tools/Xilinx/installer-2026.1/payload/data_2566_2026.1_0616_1700_encrypt.xz, to: /home/shen/tools/Xilinx/vitis-embedded-2026.1/2026.1, in 1 mili-sec
Memory usage -- Used memory: 45087 MB. Total memory: 47782 MB
Recent cpu usage for system: 50%
2026-10-01 14:03:07,918 DEBUG: a.l:-1 - number of files to extract:332835 number of files extracted: 200740
2026-10-01 14:03:07,918 DEBUG: a.k:-1 - Start extraction for file: /home/shen/tools/Xilinx/installer-2026.1/payload/data_2513_2026.1_0616_1700_encrypt.xz, to: /home/shen/tools/Xilinx/vitis-embedded-2026.1/2026.1
2026-10-01 14:03:07,920 DEBUG: a.k:-1 - Extracted file: /home/shen/tools/Xilinx/installer-2026.1/payload/data_2513_2026.1_0616_1700_encrypt.xz, to: /home/shen/tools/Xilinx/vitis-embedded-2026.1/2026.1, in 1 mili-sec
Memory usage -- Used memory: 45087 MB. Total memory: 47782 MB
Recent cpu usage for system: 33%
2026-10-01 14:03:07,920 DEBUG: a.l:-1 - number of files to extract:332835 number of files extracted: 200751
2026-10-01 14:03:07,920 DEBUG: a.k:-1 - Start extraction for file: /home/shen/tools/Xilinx/installer-2026.1/payload/data_1214_2026.1_0616_1700_encrypt.xz, to: /home/shen/tools/Xilinx/vitis-embedded-2026.1/2026.1
2026-10-01 14:03:07,920 DEBUG: a.k:-1 - Extracted file: /home/shen/tools/Xilinx/installer-2026.1/payload/data_1214_2026.1_0616_1700_encrypt.xz, to: /home/shen/tools/Xilinx/vitis-embedded-2026.1/2026.1, in 0 mili-sec
Memory usage -- Used memory: 45087 MB. Total memory: 47782 MB
Recent cpu usage for system: 0%
2026-10-01 14:03:07,920 DEBUG: a.l:-1 - number of files to extract:332835 number of files extracted: 200762
2026-10-01 14:03:07,920 DEBUG: a.k:-1 - Start extraction for file: /home/shen/tools/Xilinx/installer-2026.1/payload/data_2117_2026.1_0616_1700_encrypt.xz, to: /home/shen/tools/Xilinx/vitis-embedded-2026.1/2026.1
2026-10-01 14:03:07,921 DEBUG: a.k:-1 - Extracted file: /home/shen/tools/Xilinx/installer-2026.1/payload/data_2117_2026.1_0616_1700_encrypt.xz, to: /home/shen/tools/Xilinx/vitis-embedded-2026.1/2026.1, in 1 mili-sec
Memory usage -- Used memory: 45087 MB. Total memory: 47782 MB
Recent cpu usage for system: 33%
2026-10-01 14:03:07,921 DEBUG: a.l:-1 - number of files to extract:332835 number of files extracted: 200773
2026-10-01 14:03:07,921 DEBUG: a.k:-1 - Start extraction for file: /home/shen/tools/Xilinx/installer-2026.1/payload/data_2742_2026.1_0616_1700_encrypt.xz, to: /home/shen/tools/Xilinx/vitis-embedded-2026.1/2026.1
2026-10-01 14:03:07,923 DEBUG: a.k:-1 - Extracted file: /home/shen/tools/Xilinx/installer-2026.1/payload/data_2742_2026.1_0616_1700_encrypt.xz, to: /home/shen/tools/Xilinx/vitis-embedded-2026.1/2026.1, in 1 mili-sec
Memory usage -- Used memory: 45090 MB. Total memory: 47782 MB
Recent cpu usage for system: 33%
2026-10-01 14:03:07,923 DEBUG: a.l:-1 - number of files to extract:332835 number of files extracted: 200784
2026-10-01 14:03:07,923 DEBUG: a.k:-1 - Start extraction for file: /home/shen/tools/Xilinx/installer-2026.1/payload/data_1673_2026.1_0616_1700_encrypt.xz, to: /home/shen/tools/Xilinx/vitis-embedded-2026.1/2026.1
2026-10-01 14:03:07,928 DEBUG: a.k:-1 - Extracted file: /home/shen/tools/Xilinx/installer-2026.1/payload/data_1673_2026.1_0616_1700_encrypt.xz, to: /home/shen/tools/Xilinx/vitis-embedded-2026.1/2026.1, in 5 mili-sec
Memory usage -- Used memory: 45093 MB. Total memory: 47782 MB
Recent cpu usage for system: 30%
2026-10-01 14:03:07,929 DEBUG: a.l:-1 - number of files to extract:332835 number of files extracted: 200795
2026-10-01 14:03:07,929 DEBUG: a.k:-1 - Start extraction for file: /home/shen/tools/Xilinx/installer-2026.1/payload/vitis_0130_2026.1_0616_1700.xz, to: /home/shen/tools/Xilinx/vitis-embedded-2026.1/2026.1
2026-10-01 14:03:08,420 DEBUG: a.k:-1 - Extracted file: /home/shen/tools/Xilinx/installer-2026.1/payload/vitis_0158_2026.1_0616_1700.xz, to: /home/shen/tools/Xilinx/vitis-embedded-2026.1/2026.1, in 1147 mili-sec
Memory usage -- Used memory: 45334 MB. Total memory: 47782 MB
Recent cpu usage for system: 32%
2026-10-01 14:03:08,420 DEBUG: a.l:-1 - number of files to extract:332835 number of files extracted: 201223
2026-10-01 14:03:08,421 DEBUG: a.k:-1 - Start extraction for file: /home/shen/tools/Xilinx/installer-2026.1/payload/data_1172_2026.1_0616_1700_encrypt.xz, to: /home/shen/tools/Xilinx/vitis-embedded-2026.1/2026.1
2026-10-01 14:03:08,422 DEBUG: a.k:-1 - Extracted file: /home/shen/tools/Xilinx/installer-2026.1/payload/data_1172_2026.1_0616_1700_encrypt.xz, to: /home/shen/tools/Xilinx/vitis-embedded-2026.1/2026.1, in 1 mili-sec
Memory usage -- Used memory: 45335 MB. Total memory: 47782 MB
Recent cpu usage for system: 33%
2026-10-01 14:03:08,422 DEBUG: a.l:-1 - number of files to extract:332835 number of files extracted: 201234
2026-10-01 14:03:08,422 DEBUG: a.k:-1 - Start extraction for file: /home/shen/tools/Xilinx/installer-2026.1/payload/data_1180_2026.1_0616_1700_encrypt.xz, to: /home/shen/tools/Xilinx/vitis-embedded-2026.1/2026.1
2026-10-01 14:03:08,423 DEBUG: a.k:-1 - Extracted file: /home/shen/tools/Xilinx/installer-2026.1/payload/data_1180_2026.1_0616_1700_encrypt.xz, to: /home/shen/tools/Xilinx/vitis-embedded-2026.1/2026.1, in 1 mili-sec
Memory usage -- Used memory: 45335 MB. Total memory: 47782 MB
Recent cpu usage for system: 33%
2026-10-01 14:03:08,423 DEBUG: a.l:-1 - number of files to extract:332835 number of files extracted: 201245
2026-10-01 14:03:08,423 DEBUG: a.k:-1 - Start extraction for file: /home/shen/tools/Xilinx/installer-2026.1/payload/data_1704_2026.1_0616_1700_encrypt.xz, to: /home/shen/tools/Xilinx/vitis-embedded-2026.1/2026.1
2026-10-01 14:03:08,424 DEBUG: a.k:-1 - Extracted file: /home/shen/tools/Xilinx/installer-2026.1/payload/data_1704_2026.1_0616_1700_encrypt.xz, to: /home/shen/tools/Xilinx/vitis-embedded-2026.1/2026.1, in 1 mili-sec
Memory usage -- Used memory: 45335 MB. Total memory: 47782 MB
Recent cpu usage for system: 50%
2026-10-01 14:03:08,424 DEBUG: a.l:-1 - number of files to extract:332835 number of files extracted: 201256
2026-10-01 14:03:08,424 DEBUG: a.k:-1 - Start extraction for file: /home/shen/tools/Xilinx/installer-2026.1/payload/data_1032_2026.1_0616_1700_encrypt.xz, to: /home/shen/tools/Xilinx/vitis-embedded-2026.1/2026.1
2026-10-01 14:03:08,425 DEBUG: a.k:-1 - Extracted file: /home/shen/tools/Xilinx/installer-2026.1/payload/data_1032_2026.1_0616_1700_encrypt.xz, to: /home/shen/tools/Xilinx/vitis-embedded-2026.1/2026.1, in 1 mili-sec
Memory usage -- Used memory: 45335 MB. Total memory: 47782 MB
Recent cpu usage for system: 0%
2026-10-01 14:03:08,425 DEBUG: a.l:-1 - number of files to extract:332835 number of files extracted: 201267
2026-10-01 14:03:08,425 DEBUG: a.k:-1 - Start extraction for file: /home/shen/tools/Xilinx/installer-2026.1/payload/vitis_0142_2026.1_0616_1700.xz, to: /home/shen/tools/Xilinx/vitis-embedded-2026.1/2026.1/Vitis
2026-10-01 14:03:09,991 DEBUG: a.k:-1 - Extracted file: /home/shen/tools/Xilinx/installer-2026.1/payload/data_2673_2026.1_0616_1700.xz, to: /home/shen/tools/Xilinx/vitis-embedded-2026.1/2026.1, in 2277 mili-sec
Memory usage -- Used memory: 45338 MB. Total memory: 47782 MB
Recent cpu usage for system: 33%
2026-10-01 14:03:09,991 DEBUG: a.l:-1 - number of files to extract:332835 number of files extracted: 216093
2026-10-01 14:03:09,992 DEBUG: a.k:-1 - Start extraction for file: /home/shen/tools/Xilinx/installer-2026.1/payload/data_1397_2026.1_0616_1700_encrypt.xz, to: /home/shen/tools/Xilinx/vitis-embedded-2026.1/2026.1
2026-10-01 14:03:09,993 DEBUG: a.k:-1 - Extracted file: /home/shen/tools/Xilinx/installer-2026.1/payload/data_1397_2026.1_0616_1700_encrypt.xz, to: /home/shen/tools/Xilinx/vitis-embedded-2026.1/2026.1, in 1 mili-sec
Memory usage -- Used memory: 45340 MB. Total memory: 47782 MB
Recent cpu usage for system: 25%
2026-10-01 14:03:09,993 DEBUG: a.l:-1 - number of files to extract:332835 number of files extracted: 216104
2026-10-01 14:03:09,993 DEBUG: a.k:-1 - Start extraction for file: /home/shen/tools/Xilinx/installer-2026.1/payload/data_2159_2026.1_0616_1700_encrypt.xz, to: /home/shen/tools/Xilinx/vitis-embedded-2026.1/2026.1
2026-10-01 14:03:09,995 DEBUG: a.k:-1 - Extracted file: /home/shen/tools/Xilinx/installer-2026.1/payload/data_2159_2026.1_0616_1700_encrypt.xz, to: /home/shen/tools/Xilinx/vitis-embedded-2026.1/2026.1, in 2 mili-sec
Memory usage -- Used memory: 45341 MB. Total memory: 47782 MB
Recent cpu usage for system: 33%
2026-10-01 14:03:09,995 DEBUG: a.l:-1 - number of files to extract:332835 number of files extracted: 216115
2026-10-01 14:03:09,995 DEBUG: a.k:-1 - Start extraction for file: /home/shen/tools/Xilinx/installer-2026.1/payload/data_0258_2026.1_0616_1700_encrypt.xz, to: /home/shen/tools/Xilinx/vitis-embedded-2026.1/2026.1
2026-10-01 14:03:09,996 DEBUG: a.k:-1 - Extracted file: /home/shen/tools/Xilinx/installer-2026.1/payload/data_0258_2026.1_0616_1700_encrypt.xz, to: /home/shen/tools/Xilinx/vitis-embedded-2026.1/2026.1, in 1 mili-sec
Memory usage -- Used memory: 45342 MB. Total memory: 47782 MB
Recent cpu usage for system: 0%
2026-10-01 14:03:09,996 DEBUG: a.l:-1 - number of files to extract:332835 number of files extracted: 216126
2026-10-01 14:03:09,996 DEBUG: a.k:-1 - Start extraction for file: /home/shen/tools/Xilinx/installer-2026.1/payload/data_0935_2026.1_0616_1700_encrypt.xz, to: /home/shen/tools/Xilinx/vitis-embedded-2026.1/2026.1
2026-10-01 14:03:09,998 DEBUG: a.k:-1 - Extracted file: /home/shen/tools/Xilinx/installer-2026.1/payload/data_0935_2026.1_0616_1700_encrypt.xz, to: /home/shen/tools/Xilinx/vitis-embedded-2026.1/2026.1, in 2 mili-sec
Memory usage -- Used memory: 45343 MB. Total memory: 47782 MB
Recent cpu usage for system: 40%
2026-10-01 14:03:09,998 DEBUG: a.l:-1 - number of files to extract:332835 number of files extracted: 216137
2026-10-01 14:03:09,998 DEBUG: a.k:-1 - Start extraction for file: /home/shen/tools/Xilinx/installer-2026.1/payload/data_3021_2026.1_0616_1700_encrypt.xz, to: /home/shen/tools/Xilinx/vitis-embedded-2026.1/2026.1
2026-10-01 14:03:10,057 DEBUG: a.k:-1 - Extracted file: /home/shen/tools/Xilinx/installer-2026.1/payload/data_3021_2026.1_0616_1700_encrypt.xz, to: /home/shen/tools/Xilinx/vitis-embedded-2026.1/2026.1, in 1 mili-sec
Memory usage -- Used memory: 45539 MB. Total memory: 47782 MB
Recent cpu usage for system: 96%
2026-10-01 14:03:10,057 DEBUG: a.l:-1 - number of files to extract:332835 number of files extracted: 216148
2026-10-01 14:03:10,057 DEBUG: a.k:-1 - Start extraction for file: /home/shen/tools/Xilinx/installer-2026.1/payload/data_1631_2026.1_0616_1700.xz, to: /home/shen/tools/Xilinx/vitis-embedded-2026.1/2026.1
2026-10-01 14:03:10,256 DEBUG: a.k:-1 - Extracted file: /home/shen/tools/Xilinx/installer-2026.1/payload/vitis_0142_2026.1_0616_1700.xz, to: /home/shen/tools/Xilinx/vitis-embedded-2026.1/2026.1/Vitis, in 1831 mili-sec
Memory usage -- Used memory: 45654 MB. Total memory: 47782 MB
Recent cpu usage for system: 33%
2026-10-01 14:03:10,256 DEBUG: a.l:-1 - number of files to extract:332835 number of files extracted: 216211
2026-10-01 14:03:10,257 DEBUG: a.k:-1 - Start extraction for file: /home/shen/tools/Xilinx/installer-2026.1/payload/data_2400_2026.1_0616_1700_encrypt.xz, to: /home/shen/tools/Xilinx/vitis-embedded-2026.1/2026.1
2026-10-01 14:03:10,260 DEBUG: a.k:-1 - Extracted file: /home/shen/tools/Xilinx/installer-2026.1/payload/data_2400_2026.1_0616_1700_encrypt.xz, to: /home/shen/tools/Xilinx/vitis-embedded-2026.1/2026.1, in 3 mili-sec
Memory usage -- Used memory: 45655 MB. Total memory: 47782 MB
Recent cpu usage for system: 33%
2026-10-01 14:03:10,260 DEBUG: a.l:-1 - number of files to extract:332835 number of files extracted: 216222
2026-10-01 14:03:10,260 DEBUG: a.k:-1 - Start extraction for file: /home/shen/tools/Xilinx/installer-2026.1/payload/data_1280_2026.1_0616_1700_encrypt.xz, to: /home/shen/tools/Xilinx/vitis-embedded-2026.1/2026.1
2026-10-01 14:03:10,261 DEBUG: a.k:-1 - Extracted file: /home/shen/tools/Xilinx/installer-2026.1/payload/data_1280_2026.1_0616_1700_encrypt.xz, to: /home/shen/tools/Xilinx/vitis-embedded-2026.1/2026.1, in 1 mili-sec
Memory usage -- Used memory: 45655 MB. Total memory: 47782 MB
Recent cpu usage for system: 50%
2026-10-01 14:03:10,261 DEBUG: a.l:-1 - number of files to extract:332835 number of files extracted: 216233
2026-10-01 14:03:10,261 DEBUG: a.k:-1 - Start extraction for file: /home/shen/tools/Xilinx/installer-2026.1/payload/data_2322_2026.1_0616_1700_encrypt.xz, to: /home/shen/tools/Xilinx/vitis-embedded-2026.1/2026.1
2026-10-01 14:03:10,262 DEBUG: a.k:-1 - Extracted file: /home/shen/tools/Xilinx/installer-2026.1/payload/data_2322_2026.1_0616_1700_encrypt.xz, to: /home/shen/tools/Xilinx/vitis-embedded-2026.1/2026.1, in 1 mili-sec
Memory usage -- Used memory: 45656 MB. Total memory: 47782 MB
Recent cpu usage for system: 0%
2026-10-01 14:03:10,262 DEBUG: a.l:-1 - number of files to extract:332835 number of files extracted: 216244
2026-10-01 14:03:10,262 DEBUG: a.k:-1 - Start extraction for file: /home/shen/tools/Xilinx/installer-2026.1/payload/data_2347_2026.1_0616_1700_encrypt.xz, to: /home/shen/tools/Xilinx/vitis-embedded-2026.1/2026.1
2026-10-01 14:03:10,263 DEBUG: a.k:-1 - Extracted file: /home/shen/tools/Xilinx/installer-2026.1/payload/data_2347_2026.1_0616_1700_encrypt.xz, to: /home/shen/tools/Xilinx/vitis-embedded-2026.1/2026.1, in 1 mili-sec
Memory usage -- Used memory: 45656 MB. Total memory: 47782 MB
Recent cpu usage for system: 0%
2026-10-01 14:03:10,263 DEBUG: a.l:-1 - number of files to extract:332835 number of files extracted: 216255
2026-10-01 14:03:10,263 DEBUG: a.k:-1 - Start extraction for file: /home/shen/tools/Xilinx/installer-2026.1/payload/data_3197_2026.1_0616_1700_encrypt.xz, to: /home/shen/tools/Xilinx/vitis-embedded-2026.1/2026.1
2026-10-01 14:03:10,264 DEBUG: a.k:-1 - Extracted file: /home/shen/tools/Xilinx/installer-2026.1/payload/data_3197_2026.1_0616_1700_encrypt.xz, to: /home/shen/tools/Xilinx/vitis-embedded-2026.1/2026.1, in 1 mili-sec
Memory usage -- Used memory: 45656 MB. Total memory: 47782 MB
Recent cpu usage for system: 0%
2026-10-01 14:03:10,264 DEBUG: a.l:-1 - number of files to extract:332835 number of files extracted: 216257
2026-10-01 14:03:10,264 DEBUG: a.k:-1 - Start extraction for file: /home/shen/tools/Xilinx/installer-2026.1/payload/data_2627_2026.1_0616_1700_encrypt.xz, to: /home/shen/tools/Xilinx/vitis-embedded-2026.1/2026.1
2026-10-01 14:03:10,265 DEBUG: a.k:-1 - Extracted file: /home/shen/tools/Xilinx/installer-2026.1/payload/data_2627_2026.1_0616_1700_encrypt.xz, to: /home/shen/tools/Xilinx/vitis-embedded-2026.1/2026.1, in 1 mili-sec
Memory usage -- Used memory: 45660 MB. Total memory: 47782 MB
Recent cpu usage for system: 33%
2026-10-01 14:03:10,265 DEBUG: a.l:-1 - number of files to extract:332835 number of files extracted: 216268
2026-10-01 14:03:10,265 DEBUG: a.k:-1 - Start extraction for file: /home/shen/tools/Xilinx/installer-2026.1/payload/data_1363_2026.1_0616_1700_encrypt.xz, to: /home/shen/tools/Xilinx/vitis-embedded-2026.1/2026.1
2026-10-01 14:03:10,266 DEBUG: a.k:-1 - Extracted file: /home/shen/tools/Xilinx/installer-2026.1/payload/data_1363_2026.1_0616_1700_encrypt.xz, to: /home/shen/tools/Xilinx/vitis-embedded-2026.1/2026.1, in 1 mili-sec
Memory usage -- Used memory: 45660 MB. Total memory: 47782 MB
Recent cpu usage for system: 33%
2026-10-01 14:03:10,266 DEBUG: a.l:-1 - number of files to extract:332835 number of files extracted: 216279
2026-10-01 14:03:10,266 DEBUG: a.k:-1 - Start extraction for file: /home/shen/tools/Xilinx/installer-2026.1/payload/vitis_0160_2026.1_0616_1700_strip.xz, to: /home/shen/tools/Xilinx/vitis-embedded-2026.1/2026.1/Vitis
2026-10-01 14:03:10,268 DEBUG: a.k:-1 - Extracted file: /home/shen/tools/Xilinx/installer-2026.1/payload/vitis_0160_2026.1_0616_1700_strip.xz, to: /home/shen/tools/Xilinx/vitis-embedded-2026.1/2026.1/Vitis, in 2 mili-sec
Memory usage -- Used memory: 45660 MB. Total memory: 47782 MB
Recent cpu usage for system: 25%
2026-10-01 14:03:10,268 DEBUG: a.l:-1 - number of files to extract:332835 number of files extracted: 216280
2026-10-01 14:03:10,268 DEBUG: a.k:-1 - Start extraction for file: /home/shen/tools/Xilinx/installer-2026.1/payload/data_2659_2026.1_0616_1700_encrypt.xz, to: /home/shen/tools/Xilinx/vitis-embedded-2026.1/2026.1
2026-10-01 14:03:10,269 DEBUG: a.k:-1 - Extracted file: /home/shen/tools/Xilinx/installer-2026.1/payload/data_2659_2026.1_0616_1700_encrypt.xz, to: /home/shen/tools/Xilinx/vitis-embedded-2026.1/2026.1, in 1 mili-sec
Memory usage -- Used memory: 45660 MB. Total memory: 47782 MB
Recent cpu usage for system: 0%
2026-10-01 14:03:10,269 DEBUG: a.l:-1 - number of files to extract:332835 number of files extracted: 216291
2026-10-01 14:03:10,269 DEBUG: a.k:-1 - Start extraction for file: /home/shen/tools/Xilinx/installer-2026.1/payload/data_3013_2026.1_0616_1700.xz, to: /home/shen/tools/Xilinx/vitis-embedded-2026.1/2026.1
2026-10-01 14:03:11,212 DEBUG: a.k:-1 - Extracted file: /home/shen/tools/Xilinx/installer-2026.1/payload/data_3013_2026.1_0616_1700.xz, to: /home/shen/tools/Xilinx/vitis-embedded-2026.1/2026.1, in 943 mili-sec
Memory usage -- Used memory: 45367 MB. Total memory: 47782 MB
Recent cpu usage for system: 32%
2026-10-01 14:03:11,213 DEBUG: a.l:-1 - number of files to extract:332835 number of files extracted: 224243
2026-10-01 14:03:11,213 DEBUG: a.k:-1 - Start extraction for file: /home/shen/tools/Xilinx/installer-2026.1/payload/data_2178_2026.1_0616_1700_encrypt.xz, to: /home/shen/tools/Xilinx/vitis-embedded-2026.1/2026.1
2026-10-01 14:03:11,214 DEBUG: a.k:-1 - Extracted file: /home/shen/tools/Xilinx/installer-2026.1/payload/data_2178_2026.1_0616_1700_encrypt.xz, to: /home/shen/tools/Xilinx/vitis-embedded-2026.1/2026.1, in 1 mili-sec
Memory usage -- Used memory: 45367 MB. Total memory: 47782 MB
Recent cpu usage for system: 33%
2026-10-01 14:03:11,214 DEBUG: a.l:-1 - number of files to extract:332835 number of files extracted: 224254
2026-10-01 14:03:11,214 DEBUG: a.k:-1 - Start extraction for file: /home/shen/tools/Xilinx/installer-2026.1/payload/data_1145_2026.1_0616_1700_encrypt.xz, to: /home/shen/tools/Xilinx/vitis-embedded-2026.1/2026.1
2026-10-01 14:03:11,219 DEBUG: a.k:-1 - Extracted file: /home/shen/tools/Xilinx/installer-2026.1/payload/data_1145_2026.1_0616_1700_encrypt.xz, to: /home/shen/tools/Xilinx/vitis-embedded-2026.1/2026.1, in 5 mili-sec
Memory usage -- Used memory: 45370 MB. Total memory: 47782 MB
Recent cpu usage for system: 33%
2026-10-01 14:03:11,220 DEBUG: a.l:-1 - number of files to extract:332835 number of files extracted: 224265
2026-10-01 14:03:11,220 DEBUG: a.k:-1 - Start extraction for file: /home/shen/tools/Xilinx/installer-2026.1/payload/sdk_gnu_0035_2026.1_0616_1700.xz, to: /home/shen/tools/Xilinx/vitis-embedded-2026.1/2026.1
2026-10-01 14:03:12,488 DEBUG: a.k:-1 - Extracted file: /home/shen/tools/Xilinx/installer-2026.1/payload/vitis_0130_2026.1_0616_1700.xz, to: /home/shen/tools/Xilinx/vitis-embedded-2026.1/2026.1, in 4559 mili-sec
Memory usage -- Used memory: 45409 MB. Total memory: 47782 MB
Recent cpu usage for system: 32%
2026-10-01 14:03:12,488 DEBUG: a.l:-1 - number of files to extract:332835 number of files extracted: 225567
2026-10-01 14:03:12,488 DEBUG: a.k:-1 - Start extraction for file: /home/shen/tools/Xilinx/installer-2026.1/payload/data_1242_2026.1_0616_1700_encrypt.xz, to: /home/shen/tools/Xilinx/vitis-embedded-2026.1/2026.1
2026-10-01 14:03:12,491 DEBUG: a.k:-1 - Extracted file: /home/shen/tools/Xilinx/installer-2026.1/payload/data_1242_2026.1_0616_1700_encrypt.xz, to: /home/shen/tools/Xilinx/vitis-embedded-2026.1/2026.1, in 3 mili-sec
Memory usage -- Used memory: 45411 MB. Total memory: 47782 MB
Recent cpu usage for system: 20%
2026-10-01 14:03:12,491 DEBUG: a.l:-1 - number of files to extract:332835 number of files extracted: 225578
2026-10-01 14:03:12,491 DEBUG: a.k:-1 - Start extraction for file: /home/shen/tools/Xilinx/installer-2026.1/payload/data_1738_2026.1_0616_1700_encrypt.xz, to: /home/shen/tools/Xilinx/vitis-embedded-2026.1/2026.1
2026-10-01 14:03:12,492 DEBUG: a.k:-1 - Extracted file: /home/shen/tools/Xilinx/installer-2026.1/payload/data_1738_2026.1_0616_1700_encrypt.xz, to: /home/shen/tools/Xilinx/vitis-embedded-2026.1/2026.1, in 1 mili-sec
Memory usage -- Used memory: 45411 MB. Total memory: 47782 MB
Recent cpu usage for system: 66%
2026-10-01 14:03:12,492 DEBUG: a.l:-1 - number of files to extract:332835 number of files extracted: 225589
2026-10-01 14:03:12,492 DEBUG: a.k:-1 - Start extraction for file: /home/shen/tools/Xilinx/installer-2026.1/payload/vitis_0079_2026.1_0616_1700.xz, to: /home/shen/tools/Xilinx/vitis-embedded-2026.1/2026.1
2026-10-01 14:03:12,662 DEBUG: a.k:-1 - Extracted file: /home/shen/tools/Xilinx/installer-2026.1/payload/data_1631_2026.1_0616_1700.xz, to: /home/shen/tools/Xilinx/vitis-embedded-2026.1/2026.1, in 2605 mili-sec
Memory usage -- Used memory: 45518 MB. Total memory: 47782 MB
Recent cpu usage for system: 32%
2026-10-01 14:03:12,662 DEBUG: a.l:-1 - number of files to extract:332835 number of files extracted: 238439
2026-10-01 14:03:12,662 DEBUG: a.k:-1 - Start extraction for file: /home/shen/tools/Xilinx/installer-2026.1/payload/data_2185_2026.1_0616_1700_encrypt.xz, to: /home/shen/tools/Xilinx/vitis-embedded-2026.1/2026.1
2026-10-01 14:03:12,664 DEBUG: a.k:-1 - Extracted file: /home/shen/tools/Xilinx/installer-2026.1/payload/data_2185_2026.1_0616_1700_encrypt.xz, to: /home/shen/tools/Xilinx/vitis-embedded-2026.1/2026.1, in 1 mili-sec
Memory usage -- Used memory: 45519 MB. Total memory: 47782 MB
Recent cpu usage for system: 60%
2026-10-01 14:03:12,664 DEBUG: a.l:-1 - number of files to extract:332835 number of files extracted: 238450
2026-10-01 14:03:12,664 DEBUG: a.k:-1 - Start extraction for file: /home/shen/tools/Xilinx/installer-2026.1/payload/data_1928_2026.1_0616_1700_encrypt.xz, to: /home/shen/tools/Xilinx/vitis-embedded-2026.1/2026.1
2026-10-01 14:03:12,666 DEBUG: a.k:-1 - Extracted file: /home/shen/tools/Xilinx/installer-2026.1/payload/data_1928_2026.1_0616_1700_encrypt.xz, to: /home/shen/tools/Xilinx/vitis-embedded-2026.1/2026.1, in 2 mili-sec
Memory usage -- Used memory: 45520 MB. Total memory: 47782 MB
Recent cpu usage for system: 20%
2026-10-01 14:03:12,666 DEBUG: a.l:-1 - number of files to extract:332835 number of files extracted: 238461
2026-10-01 14:03:12,666 DEBUG: a.k:-1 - Start extraction for file: /home/shen/tools/Xilinx/installer-2026.1/payload/data_1208_2026.1_0616_1700.xz, to: /home/shen/tools/Xilinx/vitis-embedded-2026.1/2026.1
2026-10-01 14:03:13,106 DEBUG: a.k:-1 - Extracted file: /home/shen/tools/Xilinx/installer-2026.1/payload/data_1612_2026.1_0616_1700.xz, to: /home/shen/tools/Xilinx/vitis-embedded-2026.1/2026.1, in 15539 mili-sec
Memory usage -- Used memory: 45508 MB. Total memory: 47782 MB
Recent cpu usage for system: 32%
2026-10-01 14:03:13,106 DEBUG: a.l:-1 - number of files to extract:332835 number of files extracted: 238478
2026-10-01 14:03:13,107 DEBUG: a.k:-1 - Start extraction for file: /home/shen/tools/Xilinx/installer-2026.1/payload/universal_0009_2026.1_0616_1700.xz, to: /home/shen/tools/Xilinx/vitis-embedded-2026.1/2026.1
2026-10-01 14:03:13,318 DEBUG: a.k:-1 - Extracted file: /home/shen/tools/Xilinx/installer-2026.1/payload/sdk_gnu_0035_2026.1_0616_1700.xz, to: /home/shen/tools/Xilinx/vitis-embedded-2026.1/2026.1, in 2098 mili-sec
Memory usage -- Used memory: 45428 MB. Total memory: 47782 MB
Recent cpu usage for system: 33%
2026-10-01 14:03:13,319 DEBUG: a.l:-1 - number of files to extract:332835 number of files extracted: 242137
2026-10-01 14:03:13,319 DEBUG: a.k:-1 - Start extraction for file: /home/shen/tools/Xilinx/installer-2026.1/payload/data_2445_2026.1_0616_1700_encrypt.xz, to: /home/shen/tools/Xilinx/vitis-embedded-2026.1/2026.1
2026-10-01 14:03:13,320 DEBUG: a.k:-1 - Extracted file: /home/shen/tools/Xilinx/installer-2026.1/payload/data_2445_2026.1_0616_1700_encrypt.xz, to: /home/shen/tools/Xilinx/vitis-embedded-2026.1/2026.1, in 1 mili-sec
Memory usage -- Used memory: 45429 MB. Total memory: 47782 MB
Recent cpu usage for system: 0%
2026-10-01 14:03:13,320 DEBUG: a.l:-1 - number of files to extract:332835 number of files extracted: 242148
2026-10-01 14:03:13,320 DEBUG: a.k:-1 - Start extraction for file: /home/shen/tools/Xilinx/installer-2026.1/payload/data_0289_2026.1_0616_1700_encrypt.xz, to: /home/shen/tools/Xilinx/vitis-embedded-2026.1/2026.1
2026-10-01 14:03:13,325 DEBUG: a.k:-1 - Extracted file: /home/shen/tools/Xilinx/installer-2026.1/payload/data_0289_2026.1_0616_1700_encrypt.xz, to: /home/shen/tools/Xilinx/vitis-embedded-2026.1/2026.1, in 5 mili-sec
Memory usage -- Used memory: 45433 MB. Total memory: 47782 MB
Recent cpu usage for system: 38%
2026-10-01 14:03:13,325 DEBUG: a.l:-1 - number of files to extract:332835 number of files extracted: 242159
2026-10-01 14:03:13,325 DEBUG: a.k:-1 - Start extraction for file: /home/shen/tools/Xilinx/installer-2026.1/payload/vitis_0058_2026.1_0616_1700.xz, to: /home/shen/tools/Xilinx/vitis-embedded-2026.1/2026.1/Vitis
2026-10-01 14:03:14,356 DEBUG: a.k:-1 - Extracted file: /home/shen/tools/Xilinx/installer-2026.1/payload/data_1208_2026.1_0616_1700.xz, to: /home/shen/tools/Xilinx/vitis-embedded-2026.1/2026.1, in 1690 mili-sec
Memory usage -- Used memory: 45499 MB. Total memory: 47782 MB
Recent cpu usage for system: 32%
2026-10-01 14:03:14,356 DEBUG: a.l:-1 - number of files to extract:332835 number of files extracted: 259316
2026-10-01 14:03:14,357 DEBUG: a.k:-1 - Start extraction for file: /home/shen/tools/Xilinx/installer-2026.1/payload/data_2710_2026.1_0616_1700_encrypt.xz, to: /home/shen/tools/Xilinx/vitis-embedded-2026.1/2026.1
2026-10-01 14:03:14,358 DEBUG: a.k:-1 - Extracted file: /home/shen/tools/Xilinx/installer-2026.1/payload/data_2710_2026.1_0616_1700_encrypt.xz, to: /home/shen/tools/Xilinx/vitis-embedded-2026.1/2026.1, in 1 mili-sec
Memory usage -- Used memory: 45515 MB. Total memory: 47782 MB
Recent cpu usage for system: 0%
2026-10-01 14:03:14,358 DEBUG: a.l:-1 - number of files to extract:332835 number of files extracted: 259327
2026-10-01 14:03:14,358 DEBUG: a.k:-1 - Start extraction for file: /home/shen/tools/Xilinx/installer-2026.1/payload/data_2532_2026.1_0616_1700_encrypt.xz, to: /home/shen/tools/Xilinx/vitis-embedded-2026.1/2026.1
2026-10-01 14:03:14,359 DEBUG: a.k:-1 - Extracted file: /home/shen/tools/Xilinx/installer-2026.1/payload/data_2532_2026.1_0616_1700_encrypt.xz, to: /home/shen/tools/Xilinx/vitis-embedded-2026.1/2026.1, in 1 mili-sec
Memory usage -- Used memory: 45524 MB. Total memory: 47782 MB
Recent cpu usage for system: 50%
2026-10-01 14:03:14,359 DEBUG: a.l:-1 - number of files to extract:332835 number of files extracted: 259338
2026-10-01 14:03:14,360 DEBUG: a.k:-1 - Start extraction for file: /home/shen/tools/Xilinx/installer-2026.1/payload/sdk_gnu_0024_2026.1_0616_1700.xz, to: /home/shen/tools/Xilinx/vitis-embedded-2026.1/2026.1
2026-10-01 14:03:15,794 DEBUG: a.k:-1 - Extracted file: /home/shen/tools/Xilinx/installer-2026.1/payload/universal_0009_2026.1_0616_1700.xz, to: /home/shen/tools/Xilinx/vitis-embedded-2026.1/2026.1, in 2687 mili-sec
Memory usage -- Used memory: 45892 MB. Total memory: 47782 MB
Recent cpu usage for system: 32%
2026-10-01 14:03:15,794 DEBUG: a.l:-1 - number of files to extract:332835 number of files extracted: 259728
2026-10-01 14:03:15,794 DEBUG: a.k:-1 - Start extraction for file: /home/shen/tools/Xilinx/installer-2026.1/payload/sdk_gnu_0022_2026.1_0616_1700.xz, to: /home/shen/tools/Xilinx/vitis-embedded-2026.1/2026.1
2026-10-01 14:03:16,465 DEBUG: a.k:-1 - Extracted file: /home/shen/tools/Xilinx/installer-2026.1/payload/vitis_0079_2026.1_0616_1700.xz, to: /home/shen/tools/Xilinx/vitis-embedded-2026.1/2026.1, in 3973 mili-sec
Memory usage -- Used memory: 46077 MB. Total memory: 47782 MB
Recent cpu usage for system: 32%
2026-10-01 14:03:16,466 DEBUG: a.l:-1 - number of files to extract:332835 number of files extracted: 261732
2026-10-01 14:03:16,466 DEBUG: a.k:-1 - Start extraction for file: /home/shen/tools/Xilinx/installer-2026.1/payload/data_0250_2026.1_0616_1700_encrypt.xz, to: /home/shen/tools/Xilinx/vitis-embedded-2026.1/2026.1
2026-10-01 14:03:16,467 DEBUG: a.k:-1 - Extracted file: /home/shen/tools/Xilinx/installer-2026.1/payload/data_0250_2026.1_0616_1700_encrypt.xz, to: /home/shen/tools/Xilinx/vitis-embedded-2026.1/2026.1, in 0 mili-sec
Memory usage -- Used memory: 46078 MB. Total memory: 47782 MB
Recent cpu usage for system: 50%
2026-10-01 14:03:16,467 DEBUG: a.l:-1 - number of files to extract:332835 number of files extracted: 261733
2026-10-01 14:03:16,467 DEBUG: a.k:-1 - Start extraction for file: /home/shen/tools/Xilinx/installer-2026.1/payload/data_2029_2026.1_0616_1700_encrypt.xz, to: /home/shen/tools/Xilinx/vitis-embedded-2026.1/2026.1
2026-10-01 14:03:16,468 DEBUG: a.k:-1 - Extracted file: /home/shen/tools/Xilinx/installer-2026.1/payload/data_2029_2026.1_0616_1700_encrypt.xz, to: /home/shen/tools/Xilinx/vitis-embedded-2026.1/2026.1, in 1 mili-sec
Memory usage -- Used memory: 46078 MB. Total memory: 47782 MB
Recent cpu usage for system: 50%
2026-10-01 14:03:16,468 DEBUG: a.l:-1 - number of files to extract:332835 number of files extracted: 261744
2026-10-01 14:03:16,468 DEBUG: a.k:-1 - Start extraction for file: /home/shen/tools/Xilinx/installer-2026.1/payload/data_0957_2026.1_0616_1700_encrypt.xz, to: /home/shen/tools/Xilinx/vitis-embedded-2026.1/2026.1
2026-10-01 14:03:16,469 DEBUG: a.k:-1 - Extracted file: /home/shen/tools/Xilinx/installer-2026.1/payload/data_0957_2026.1_0616_1700_encrypt.xz, to: /home/shen/tools/Xilinx/vitis-embedded-2026.1/2026.1, in 1 mili-sec
Memory usage -- Used memory: 46078 MB. Total memory: 47782 MB
Recent cpu usage for system: 33%
2026-10-01 14:03:16,469 DEBUG: a.l:-1 - number of files to extract:332835 number of files extracted: 261755
2026-10-01 14:03:16,470 DEBUG: a.k:-1 - Start extraction for file: /home/shen/tools/Xilinx/installer-2026.1/payload/data_2493_2026.1_0616_1700_encrypt.xz, to: /home/shen/tools/Xilinx/vitis-embedded-2026.1/2026.1
2026-10-01 14:03:16,474 DEBUG: a.k:-1 - Extracted file: /home/shen/tools/Xilinx/installer-2026.1/payload/data_2493_2026.1_0616_1700_encrypt.xz, to: /home/shen/tools/Xilinx/vitis-embedded-2026.1/2026.1, in 4 mili-sec
Memory usage -- Used memory: 46082 MB. Total memory: 47782 MB
Recent cpu usage for system: 30%
2026-10-01 14:03:16,474 DEBUG: a.l:-1 - number of files to extract:332835 number of files extracted: 261766
2026-10-01 14:03:16,474 DEBUG: a.k:-1 - Start extraction for file: /home/shen/tools/Xilinx/installer-2026.1/payload/data_0408_2026.1_0616_1700_encrypt.xz, to: /home/shen/tools/Xilinx/vitis-embedded-2026.1/2026.1
2026-10-01 14:03:16,475 DEBUG: a.k:-1 - Extracted file: /home/shen/tools/Xilinx/installer-2026.1/payload/data_0408_2026.1_0616_1700_encrypt.xz, to: /home/shen/tools/Xilinx/vitis-embedded-2026.1/2026.1, in 1 mili-sec
Memory usage -- Used memory: 46082 MB. Total memory: 47782 MB
Recent cpu usage for system: 40%
2026-10-01 14:03:16,475 DEBUG: a.l:-1 - number of files to extract:332835 number of files extracted: 261777
2026-10-01 14:03:16,476 DEBUG: a.k:-1 - Start extraction for file: /home/shen/tools/Xilinx/installer-2026.1/payload/data_2052_2026.1_0616_1700_encrypt.xz, to: /home/shen/tools/Xilinx/vitis-embedded-2026.1/2026.1
2026-10-01 14:03:16,477 DEBUG: a.k:-1 - Extracted file: /home/shen/tools/Xilinx/installer-2026.1/payload/data_2052_2026.1_0616_1700_encrypt.xz, to: /home/shen/tools/Xilinx/vitis-embedded-2026.1/2026.1, in 1 mili-sec
Memory usage -- Used memory: 46083 MB. Total memory: 47782 MB
Recent cpu usage for system: 25%
2026-10-01 14:03:16,477 DEBUG: a.l:-1 - number of files to extract:332835 number of files extracted: 261788
2026-10-01 14:03:16,478 DEBUG: a.k:-1 - Start extraction for file: /home/shen/tools/Xilinx/installer-2026.1/payload/data_2545_2026.1_0616_1700_encrypt.xz, to: /home/shen/tools/Xilinx/vitis-embedded-2026.1/2026.1
2026-10-01 14:03:16,479 DEBUG: a.k:-1 - Extracted file: /home/shen/tools/Xilinx/installer-2026.1/payload/data_2545_2026.1_0616_1700_encrypt.xz, to: /home/shen/tools/Xilinx/vitis-embedded-2026.1/2026.1, in 1 mili-sec
Memory usage -- Used memory: 46083 MB. Total memory: 47782 MB
Recent cpu usage for system: 33%
2026-10-01 14:03:16,479 DEBUG: a.l:-1 - number of files to extract:332835 number of files extracted: 261799
2026-10-01 14:03:16,479 DEBUG: a.k:-1 - Start extraction for file: /home/shen/tools/Xilinx/installer-2026.1/payload/data_2111_2026.1_0616_1700_encrypt.xz, to: /home/shen/tools/Xilinx/vitis-embedded-2026.1/2026.1
2026-10-01 14:03:16,480 DEBUG: a.k:-1 - Extracted file: /home/shen/tools/Xilinx/installer-2026.1/payload/data_2111_2026.1_0616_1700_encrypt.xz, to: /home/shen/tools/Xilinx/vitis-embedded-2026.1/2026.1, in 1 mili-sec
Memory usage -- Used memory: 46084 MB. Total memory: 47782 MB
Recent cpu usage for system: 40%
2026-10-01 14:03:16,481 DEBUG: a.l:-1 - number of files to extract:332835 number of files extracted: 261810
2026-10-01 14:03:16,481 DEBUG: a.k:-1 - Start extraction for file: /home/shen/tools/Xilinx/installer-2026.1/payload/data_1859_2026.1_0616_1700_encrypt.xz, to: /home/shen/tools/Xilinx/vitis-embedded-2026.1/2026.1
2026-10-01 14:03:16,491 DEBUG: a.k:-1 - Extracted file: /home/shen/tools/Xilinx/installer-2026.1/payload/data_1859_2026.1_0616_1700_encrypt.xz, to: /home/shen/tools/Xilinx/vitis-embedded-2026.1/2026.1, in 10 mili-sec
Memory usage -- Used memory: 46090 MB. Total memory: 47782 MB
Recent cpu usage for system: 32%
2026-10-01 14:03:16,491 DEBUG: a.l:-1 - number of files to extract:332835 number of files extracted: 261821
2026-10-01 14:03:16,491 DEBUG: a.k:-1 - Start extraction for file: /home/shen/tools/Xilinx/installer-2026.1/payload/data_0718_2026.1_0616_1700_encrypt.xz, to: /home/shen/tools/Xilinx/vitis-embedded-2026.1/2026.1
2026-10-01 14:03:16,493 DEBUG: a.k:-1 - Extracted file: /home/shen/tools/Xilinx/installer-2026.1/payload/data_0718_2026.1_0616_1700_encrypt.xz, to: /home/shen/tools/Xilinx/vitis-embedded-2026.1/2026.1, in 2 mili-sec
Memory usage -- Used memory: 46091 MB. Total memory: 47782 MB
Recent cpu usage for system: 25%
2026-10-01 14:03:16,493 DEBUG: a.l:-1 - number of files to extract:332835 number of files extracted: 261832
2026-10-01 14:03:16,493 DEBUG: a.k:-1 - Start extraction for file: /home/shen/tools/Xilinx/installer-2026.1/payload/data_2830_2026.1_0616_1700_encrypt.xz, to: /home/shen/tools/Xilinx/vitis-embedded-2026.1/2026.1
2026-10-01 14:03:16,495 DEBUG: a.k:-1 - Extracted file: /home/shen/tools/Xilinx/installer-2026.1/payload/data_2830_2026.1_0616_1700_encrypt.xz, to: /home/shen/tools/Xilinx/vitis-embedded-2026.1/2026.1, in 2 mili-sec
Memory usage -- Used memory: 46092 MB. Total memory: 47782 MB
Recent cpu usage for system: 25%
2026-10-01 14:03:16,495 DEBUG: a.l:-1 - number of files to extract:332835 number of files extracted: 261843
2026-10-01 14:03:16,495 DEBUG: a.k:-1 - Start extraction for file: /home/shen/tools/Xilinx/installer-2026.1/payload/vitis_0139_2026.1_0616_1700_encrypt.xz, to: /home/shen/tools/Xilinx/vitis-embedded-2026.1/2026.1/Vitis
2026-10-01 14:03:16,699 DEBUG: a.k:-1 - Extracted file: /home/shen/tools/Xilinx/installer-2026.1/payload/vitis_0139_2026.1_0616_1700_encrypt.xz, to: /home/shen/tools/Xilinx/vitis-embedded-2026.1/2026.1/Vitis, in 204 mili-sec
Memory usage -- Used memory: 46152 MB. Total memory: 47782 MB
Recent cpu usage for system: 32%
2026-10-01 14:03:16,700 DEBUG: a.l:-1 - number of files to extract:332835 number of files extracted: 261851
2026-10-01 14:03:16,700 DEBUG: a.k:-1 - Start extraction for file: /home/shen/tools/Xilinx/installer-2026.1/payload/data_1608_2026.1_0616_1700_encrypt.xz, to: /home/shen/tools/Xilinx/vitis-embedded-2026.1/2026.1
2026-10-01 14:03:16,701 DEBUG: a.k:-1 - Extracted file: /home/shen/tools/Xilinx/installer-2026.1/payload/data_1608_2026.1_0616_1700_encrypt.xz, to: /home/shen/tools/Xilinx/vitis-embedded-2026.1/2026.1, in 1 mili-sec
Memory usage -- Used memory: 46153 MB. Total memory: 47782 MB
Recent cpu usage for system: 33%
2026-10-01 14:03:16,701 DEBUG: a.l:-1 - number of files to extract:332835 number of files extracted: 261862
2026-10-01 14:03:16,701 DEBUG: a.k:-1 - Start extraction for file: /home/shen/tools/Xilinx/installer-2026.1/payload/data_2990_2026.1_0616_1700_encrypt.xz, to: /home/shen/tools/Xilinx/vitis-embedded-2026.1/2026.1
2026-10-01 14:03:16,702 DEBUG: a.k:-1 - Extracted file: /home/shen/tools/Xilinx/installer-2026.1/payload/data_2990_2026.1_0616_1700_encrypt.xz, to: /home/shen/tools/Xilinx/vitis-embedded-2026.1/2026.1, in 1 mili-sec
Memory usage -- Used memory: 46153 MB. Total memory: 47782 MB
Recent cpu usage for system: 50%
2026-10-01 14:03:16,703 DEBUG: a.l:-1 - number of files to extract:332835 number of files extracted: 261873
2026-10-01 14:03:16,703 DEBUG: a.k:-1 - Start extraction for file: /home/shen/tools/Xilinx/installer-2026.1/payload/data_2449_2026.1_0616_1700_encrypt.xz, to: /home/shen/tools/Xilinx/vitis-embedded-2026.1/2026.1
2026-10-01 14:03:16,704 DEBUG: a.k:-1 - Extracted file: /home/shen/tools/Xilinx/installer-2026.1/payload/data_2449_2026.1_0616_1700_encrypt.xz, to: /home/shen/tools/Xilinx/vitis-embedded-2026.1/2026.1, in 1 mili-sec
Memory usage -- Used memory: 46153 MB. Total memory: 47782 MB
Recent cpu usage for system: 50%
2026-10-01 14:03:16,704 DEBUG: a.l:-1 - number of files to extract:332835 number of files extracted: 261884
2026-10-01 14:03:16,704 DEBUG: a.k:-1 - Start extraction for file: /home/shen/tools/Xilinx/installer-2026.1/payload/data_2736_2026.1_0616_1700_encrypt.xz, to: /home/shen/tools/Xilinx/vitis-embedded-2026.1/2026.1
2026-10-01 14:03:16,705 DEBUG: a.k:-1 - Extracted file: /home/shen/tools/Xilinx/installer-2026.1/payload/data_2736_2026.1_0616_1700_encrypt.xz, to: /home/shen/tools/Xilinx/vitis-embedded-2026.1/2026.1, in 1 mili-sec
Memory usage -- Used memory: 46154 MB. Total memory: 47782 MB
Recent cpu usage for system: 0%
2026-10-01 14:03:16,705 DEBUG: a.l:-1 - number of files to extract:332835 number of files extracted: 261895
2026-10-01 14:03:16,705 DEBUG: a.k:-1 - Start extraction for file: /home/shen/tools/Xilinx/installer-2026.1/payload/vitis_0153_2026.1_0616_1700.xz, to: /home/shen/tools/Xilinx/vitis-embedded-2026.1/2026.1
2026-10-01 14:03:17,059 DEBUG: a.k:-1 - Extracted file: /home/shen/tools/Xilinx/installer-2026.1/payload/data_1323_2026.1_0616_1700.xz, to: /home/shen/tools/Xilinx/vitis-embedded-2026.1/2026.1, in 14159 mili-sec
Memory usage -- Used memory: 46099 MB. Total memory: 47782 MB
Recent cpu usage for system: 31%
2026-10-01 14:03:17,059 DEBUG: a.l:-1 - number of files to extract:332835 number of files extracted: 261905
2026-10-01 14:03:17,059 DEBUG: a.k:-1 - Start extraction for file: /home/shen/tools/Xilinx/installer-2026.1/payload/vitis_0103_2026.1_0616_1700.xz, to: /home/shen/tools/Xilinx/vitis-embedded-2026.1/2026.1/Vitis
2026-10-01 14:03:17,702 DEBUG: a.k:-1 - Extracted file: /home/shen/tools/Xilinx/installer-2026.1/payload/sdk_gnu_0024_2026.1_0616_1700.xz, to: /home/shen/tools/Xilinx/vitis-embedded-2026.1/2026.1, in 3342 mili-sec
Memory usage -- Used memory: 46503 MB. Total memory: 47782 MB
Recent cpu usage for system: 32%
2026-10-01 14:03:17,702 DEBUG: a.l:-1 - number of files to extract:332835 number of files extracted: 264220
2026-10-01 14:03:17,702 DEBUG: a.k:-1 - Start extraction for file: /home/shen/tools/Xilinx/installer-2026.1/payload/data_1818_2026.1_0616_1700_encrypt.xz, to: /home/shen/tools/Xilinx/vitis-embedded-2026.1/2026.1
2026-10-01 14:03:17,704 DEBUG: a.k:-1 - Extracted file: /home/shen/tools/Xilinx/installer-2026.1/payload/data_1818_2026.1_0616_1700_encrypt.xz, to: /home/shen/tools/Xilinx/vitis-embedded-2026.1/2026.1, in 2 mili-sec
Memory usage -- Used memory: 46504 MB. Total memory: 47782 MB
Recent cpu usage for system: 0%
2026-10-01 14:03:17,704 DEBUG: a.l:-1 - number of files to extract:332835 number of files extracted: 264231
2026-10-01 14:03:17,704 DEBUG: a.k:-1 - Start extraction for file: /home/shen/tools/Xilinx/installer-2026.1/payload/data_0749_2026.1_0616_1700_encrypt.xz, to: /home/shen/tools/Xilinx/vitis-embedded-2026.1/2026.1
2026-10-01 14:03:17,713 DEBUG: a.k:-1 - Extracted file: /home/shen/tools/Xilinx/installer-2026.1/payload/data_0749_2026.1_0616_1700_encrypt.xz, to: /home/shen/tools/Xilinx/vitis-embedded-2026.1/2026.1, in 9 mili-sec
Memory usage -- Used memory: 46506 MB. Total memory: 47782 MB
Recent cpu usage for system: 34%
2026-10-01 14:03:17,714 DEBUG: a.l:-1 - number of files to extract:332835 number of files extracted: 264242
2026-10-01 14:03:17,714 DEBUG: a.k:-1 - Start extraction for file: /home/shen/tools/Xilinx/installer-2026.1/payload/data_0174_2026.1_0616_1700_encrypt.xz, to: /home/shen/tools/Xilinx/vitis-embedded-2026.1/2026.1
2026-10-01 14:03:17,716 DEBUG: a.k:-1 - Extracted file: /home/shen/tools/Xilinx/installer-2026.1/payload/data_0174_2026.1_0616_1700_encrypt.xz, to: /home/shen/tools/Xilinx/vitis-embedded-2026.1/2026.1, in 2 mili-sec
Memory usage -- Used memory: 46522 MB. Total memory: 47782 MB
Recent cpu usage for system: 20%
2026-10-01 14:03:17,716 DEBUG: a.l:-1 - number of files to extract:332835 number of files extracted: 264253
2026-10-01 14:03:17,716 DEBUG: a.k:-1 - Start extraction for file: /home/shen/tools/Xilinx/installer-2026.1/payload/data_1441_2026.1_0616_1700_encrypt.xz, to: /home/shen/tools/Xilinx/vitis-embedded-2026.1/2026.1
2026-10-01 14:03:17,717 DEBUG: a.k:-1 - Extracted file: /home/shen/tools/Xilinx/installer-2026.1/payload/data_1441_2026.1_0616_1700_encrypt.xz, to: /home/shen/tools/Xilinx/vitis-embedded-2026.1/2026.1, in 1 mili-sec
Memory usage -- Used memory: 46523 MB. Total memory: 47782 MB
Recent cpu usage for system: 40%
2026-10-01 14:03:17,718 DEBUG: a.l:-1 - number of files to extract:332835 number of files extracted: 264264
2026-10-01 14:03:17,718 DEBUG: a.k:-1 - Start extraction for file: /home/shen/tools/Xilinx/installer-2026.1/payload/data_2956_2026.1_0616_1700_encrypt.xz, to: /home/shen/tools/Xilinx/vitis-embedded-2026.1/2026.1
2026-10-01 14:03:17,720 DEBUG: a.k:-1 - Extracted file: /home/shen/tools/Xilinx/installer-2026.1/payload/data_2956_2026.1_0616_1700_encrypt.xz, to: /home/shen/tools/Xilinx/vitis-embedded-2026.1/2026.1, in 1 mili-sec
Memory usage -- Used memory: 46524 MB. Total memory: 47782 MB
Recent cpu usage for system: 20%
2026-10-01 14:03:17,720 DEBUG: a.l:-1 - number of files to extract:332835 number of files extracted: 264275
2026-10-01 14:03:17,720 DEBUG: a.k:-1 - Start extraction for file: /home/shen/tools/Xilinx/installer-2026.1/payload/data_2791_2026.1_0616_1700_encrypt.xz, to: /home/shen/tools/Xilinx/vitis-embedded-2026.1/2026.1
2026-10-01 14:03:17,721 DEBUG: a.k:-1 - Extracted file: /home/shen/tools/Xilinx/installer-2026.1/payload/data_2791_2026.1_0616_1700_encrypt.xz, to: /home/shen/tools/Xilinx/vitis-embedded-2026.1/2026.1, in 1 mili-sec
Memory usage -- Used memory: 46525 MB. Total memory: 47782 MB
Recent cpu usage for system: 40%
2026-10-01 14:03:17,722 DEBUG: a.l:-1 - number of files to extract:332835 number of files extracted: 264286
2026-10-01 14:03:17,722 DEBUG: a.k:-1 - Start extraction for file: /home/shen/tools/Xilinx/installer-2026.1/payload/data_0862_2026.1_0616_1700.xz, to: /home/shen/tools/Xilinx/vitis-embedded-2026.1/2026.1
2026-10-01 14:03:17,927 DEBUG: a.k:-1 - Extracted file: /home/shen/tools/Xilinx/installer-2026.1/payload/sdk_gnu_0022_2026.1_0616_1700.xz, to: /home/shen/tools/Xilinx/vitis-embedded-2026.1/2026.1, in 2133 mili-sec
Memory usage -- Used memory: 46639 MB. Total memory: 47782 MB
Recent cpu usage for system: 30%
2026-10-01 14:03:17,927 DEBUG: a.l:-1 - number of files to extract:332835 number of files extracted: 266538
2026-10-01 14:03:17,927 DEBUG: a.k:-1 - Start extraction for file: /home/shen/tools/Xilinx/installer-2026.1/payload/data_1427_2026.1_0616_1700_encrypt.xz, to: /home/shen/tools/Xilinx/vitis-embedded-2026.1/2026.1
2026-10-01 14:03:17,929 DEBUG: a.k:-1 - Extracted file: /home/shen/tools/Xilinx/installer-2026.1/payload/data_1427_2026.1_0616_1700_encrypt.xz, to: /home/shen/tools/Xilinx/vitis-embedded-2026.1/2026.1, in 2 mili-sec
Memory usage -- Used memory: 46639 MB. Total memory: 47782 MB
Recent cpu usage for system: 33%
2026-10-01 14:03:17,929 DEBUG: a.l:-1 - number of files to extract:332835 number of files extracted: 266549
2026-10-01 14:03:17,929 DEBUG: a.k:-1 - Start extraction for file: /home/shen/tools/Xilinx/installer-2026.1/payload/data_2985_2026.1_0616_1700_encrypt.xz, to: /home/shen/tools/Xilinx/vitis-embedded-2026.1/2026.1
2026-10-01 14:03:17,931 DEBUG: a.k:-1 - Extracted file: /home/shen/tools/Xilinx/installer-2026.1/payload/data_2985_2026.1_0616_1700_encrypt.xz, to: /home/shen/tools/Xilinx/vitis-embedded-2026.1/2026.1, in 2 mili-sec
Memory usage -- Used memory: 46640 MB. Total memory: 47782 MB
Recent cpu usage for system: 50%
2026-10-01 14:03:17,931 DEBUG: a.l:-1 - number of files to extract:332835 number of files extracted: 266560
2026-10-01 14:03:17,932 DEBUG: a.k:-1 - Start extraction for file: /home/shen/tools/Xilinx/installer-2026.1/payload/data_2852_2026.1_0616_1700_encrypt.xz, to: /home/shen/tools/Xilinx/vitis-embedded-2026.1/2026.1
2026-10-01 14:03:17,933 DEBUG: a.k:-1 - Extracted file: /home/shen/tools/Xilinx/installer-2026.1/payload/data_2852_2026.1_0616_1700_encrypt.xz, to: /home/shen/tools/Xilinx/vitis-embedded-2026.1/2026.1, in 1 mili-sec
Memory usage -- Used memory: 46641 MB. Total memory: 47782 MB
Recent cpu usage for system: 25%
2026-10-01 14:03:17,933 DEBUG: a.l:-1 - number of files to extract:332835 number of files extracted: 266571
2026-10-01 14:03:17,933 DEBUG: a.k:-1 - Start extraction for file: /home/shen/tools/Xilinx/installer-2026.1/payload/data_2136_2026.1_0616_1700_encrypt.xz, to: /home/shen/tools/Xilinx/vitis-embedded-2026.1/2026.1
2026-10-01 14:03:17,938 DEBUG: a.k:-1 - Extracted file: /home/shen/tools/Xilinx/installer-2026.1/payload/data_2136_2026.1_0616_1700_encrypt.xz, to: /home/shen/tools/Xilinx/vitis-embedded-2026.1/2026.1, in 5 mili-sec
Memory usage -- Used memory: 46645 MB. Total memory: 47782 MB
Recent cpu usage for system: 33%
2026-10-01 14:03:17,938 DEBUG: a.l:-1 - number of files to extract:332835 number of files extracted: 266582
2026-10-01 14:03:17,938 DEBUG: a.k:-1 - Start extraction for file: /home/shen/tools/Xilinx/installer-2026.1/payload/sdk_gnu_0015_2026.1_0616_1700.xz, to: /home/shen/tools/Xilinx/vitis-embedded-2026.1/2026.1
2026-10-01 14:03:18,015 DEBUG: a.k:-1 - Extracted file: /home/shen/tools/Xilinx/installer-2026.1/payload/vitis_0058_2026.1_0616_1700.xz, to: /home/shen/tools/Xilinx/vitis-embedded-2026.1/2026.1/Vitis, in 4690 mili-sec
Memory usage -- Used memory: 46539 MB. Total memory: 47782 MB
Recent cpu usage for system: 32%
2026-10-01 14:03:18,015 DEBUG: a.l:-1 - number of files to extract:332835 number of files extracted: 266679
2026-10-01 14:03:18,016 DEBUG: a.k:-1 - Start extraction for file: /home/shen/tools/Xilinx/installer-2026.1/payload/data_2057_2026.1_0616_1700_encrypt.xz, to: /home/shen/tools/Xilinx/vitis-embedded-2026.1/2026.1
2026-10-01 14:03:18,018 DEBUG: a.k:-1 - Extracted file: /home/shen/tools/Xilinx/installer-2026.1/payload/data_2057_2026.1_0616_1700_encrypt.xz, to: /home/shen/tools/Xilinx/vitis-embedded-2026.1/2026.1, in 2 mili-sec
Memory usage -- Used memory: 46542 MB. Total memory: 47782 MB
Recent cpu usage for system: 33%
2026-10-01 14:03:18,018 DEBUG: a.l:-1 - number of files to extract:332835 number of files extracted: 266690
2026-10-01 14:03:18,018 DEBUG: a.k:-1 - Start extraction for file: /home/shen/tools/Xilinx/installer-2026.1/payload/sdk_gnu_0023_2026.1_0616_1700.xz, to: /home/shen/tools/Xilinx/vitis-embedded-2026.1/2026.1
2026-10-01 14:03:19,270 DEBUG: a.k:-1 - Extracted file: /home/shen/tools/Xilinx/installer-2026.1/payload/data_0862_2026.1_0616_1700.xz, to: /home/shen/tools/Xilinx/vitis-embedded-2026.1/2026.1, in 1547 mili-sec
Memory usage -- Used memory: 47106 MB. Total memory: 47782 MB
Recent cpu usage for system: 33%
2026-10-01 14:03:19,270 DEBUG: a.l:-1 - number of files to extract:332835 number of files extracted: 267190
2026-10-01 14:03:19,270 DEBUG: a.k:-1 - Start extraction for file: /home/shen/tools/Xilinx/installer-2026.1/payload/vitis_0008_2026.1_0616_1700.xz, to: /home/shen/tools/Xilinx/vitis-embedded-2026.1/2026.1/Vitis
2026-10-01 14:03:19,910 DEBUG: a.k:-1 - Extracted file: /home/shen/tools/Xilinx/installer-2026.1/payload/vitis_0103_2026.1_0616_1700.xz, to: /home/shen/tools/Xilinx/vitis-embedded-2026.1/2026.1/Vitis, in 2851 mili-sec
Memory usage -- Used memory: 47337 MB. Total memory: 47782 MB
Recent cpu usage for system: 32%
2026-10-01 14:03:19,910 DEBUG: a.l:-1 - number of files to extract:332835 number of files extracted: 278113
2026-10-01 14:03:19,910 DEBUG: a.k:-1 - Start extraction for file: /home/shen/tools/Xilinx/installer-2026.1/payload/data_0666_2026.1_0616_1700_encrypt.xz, to: /home/shen/tools/Xilinx/vitis-embedded-2026.1/2026.1
2026-10-01 14:03:19,912 DEBUG: a.k:-1 - Extracted file: /home/shen/tools/Xilinx/installer-2026.1/payload/data_0666_2026.1_0616_1700_encrypt.xz, to: /home/shen/tools/Xilinx/vitis-embedded-2026.1/2026.1, in 2 mili-sec
Memory usage -- Used memory: 47337 MB. Total memory: 47782 MB
Recent cpu usage for system: 25%
2026-10-01 14:03:19,912 DEBUG: a.l:-1 - number of files to extract:332835 number of files extracted: 278124
2026-10-01 14:03:19,912 DEBUG: a.k:-1 - Start extraction for file: /home/shen/tools/Xilinx/installer-2026.1/payload/data_0078_2026.1_0616_1700.xz, to: /home/shen/tools/Xilinx/vitis-embedded-2026.1/2026.1
2026-10-01 14:03:20,458 DEBUG: a.k:-1 - Extracted file: /home/shen/tools/Xilinx/installer-2026.1/payload/data_2603_2026.1_0616_1700.xz, to: /home/shen/tools/Xilinx/vitis-embedded-2026.1/2026.1, in 14704 mili-sec
Memory usage -- Used memory: 47434 MB. Total memory: 47782 MB
Recent cpu usage for system: 32%
2026-10-01 14:03:20,458 DEBUG: a.l:-1 - number of files to extract:332835 number of files extracted: 278138
2026-10-01 14:03:20,458 DEBUG: a.k:-1 - Start extraction for file: /home/shen/tools/Xilinx/installer-2026.1/payload/vitis_0077_2026.1_0616_1700.xz, to: /home/shen/tools/Xilinx/vitis-embedded-2026.1/2026.1/Vitis
2026-10-01 14:03:20,597 DEBUG: a.k:-1 - Extracted file: /home/shen/tools/Xilinx/installer-2026.1/payload/sdk_gnu_0015_2026.1_0616_1700.xz, to: /home/shen/tools/Xilinx/vitis-embedded-2026.1/2026.1, in 2659 mili-sec
Memory usage -- Used memory: 47469 MB. Total memory: 47782 MB
Recent cpu usage for system: 33%
2026-10-01 14:03:20,597 DEBUG: a.l:-1 - number of files to extract:332835 number of files extracted: 281709
2026-10-01 14:03:20,598 DEBUG: a.k:-1 - Start extraction for file: /home/shen/tools/Xilinx/installer-2026.1/payload/data_0293_2026.1_0616_1700_encrypt.xz, to: /home/shen/tools/Xilinx/vitis-embedded-2026.1/2026.1
2026-10-01 14:03:20,599 DEBUG: a.k:-1 - Extracted file: /home/shen/tools/Xilinx/installer-2026.1/payload/data_0293_2026.1_0616_1700_encrypt.xz, to: /home/shen/tools/Xilinx/vitis-embedded-2026.1/2026.1, in 1 mili-sec
Memory usage -- Used memory: 47469 MB. Total memory: 47782 MB
Recent cpu usage for system: 0%
2026-10-01 14:03:20,599 DEBUG: a.l:-1 - number of files to extract:332835 number of files extracted: 281720
2026-10-01 14:03:20,599 DEBUG: a.k:-1 - Start extraction for file: /home/shen/tools/Xilinx/installer-2026.1/payload/data_2059_2026.1_0616_1700_encrypt.xz, to: /home/shen/tools/Xilinx/vitis-embedded-2026.1/2026.1
2026-10-01 14:03:20,601 DEBUG: a.k:-1 - Extracted file: /home/shen/tools/Xilinx/installer-2026.1/payload/data_2059_2026.1_0616_1700_encrypt.xz, to: /home/shen/tools/Xilinx/vitis-embedded-2026.1/2026.1, in 2 mili-sec
Memory usage -- Used memory: 47470 MB. Total memory: 47782 MB
Recent cpu usage for system: 40%
2026-10-01 14:03:20,601 DEBUG: a.l:-1 - number of files to extract:332835 number of files extracted: 281731
2026-10-01 14:03:20,601 DEBUG: a.k:-1 - Start extraction for file: /home/shen/tools/Xilinx/installer-2026.1/payload/data_2310_2026.1_0616_1700_encrypt.xz, to: /home/shen/tools/Xilinx/vitis-embedded-2026.1/2026.1
2026-10-01 14:03:20,602 DEBUG: a.k:-1 - Extracted file: /home/shen/tools/Xilinx/installer-2026.1/payload/data_2310_2026.1_0616_1700_encrypt.xz, to: /home/shen/tools/Xilinx/vitis-embedded-2026.1/2026.1, in 1 mili-sec
Memory usage -- Used memory: 47470 MB. Total memory: 47782 MB
Recent cpu usage for system: 0%
2026-10-01 14:03:20,602 DEBUG: a.l:-1 - number of files to extract:332835 number of files extracted: 281742
2026-10-01 14:03:20,602 DEBUG: a.k:-1 - Start extraction for file: /home/shen/tools/Xilinx/installer-2026.1/payload/vitis_0007_2026.1_0616_1700.xz, to: /home/shen/tools/Xilinx/vitis-embedded-2026.1/2026.1/Vitis
2026-10-01 14:03:20,869 DEBUG: a.k:-1 - Extracted file: /home/shen/tools/Xilinx/installer-2026.1/payload/vitis_0153_2026.1_0616_1700.xz, to: /home/shen/tools/Xilinx/vitis-embedded-2026.1/2026.1, in 4164 mili-sec
Memory usage -- Used memory: 47460 MB. Total memory: 47782 MB
Recent cpu usage for system: 31%
2026-10-01 14:03:20,869 DEBUG: a.l:-1 - number of files to extract:332835 number of files extracted: 282925
2026-10-01 14:03:20,869 DEBUG: a.k:-1 - Start extraction for file: /home/shen/tools/Xilinx/installer-2026.1/payload/data_0743_2026.1_0616_1700_encrypt.xz, to: /home/shen/tools/Xilinx/vitis-embedded-2026.1/2026.1
2026-10-01 14:03:20,873 DEBUG: a.k:-1 - Extracted file: /home/shen/tools/Xilinx/installer-2026.1/payload/data_0743_2026.1_0616_1700_encrypt.xz, to: /home/shen/tools/Xilinx/vitis-embedded-2026.1/2026.1, in 4 mili-sec
Memory usage -- Used memory: 47460 MB. Total memory: 47782 MB
Recent cpu usage for system: 40%
2026-10-01 14:03:20,873 DEBUG: a.l:-1 - number of files to extract:332835 number of files extracted: 282936
2026-10-01 14:03:20,873 DEBUG: a.k:-1 - Start extraction for file: /home/shen/tools/Xilinx/installer-2026.1/payload/data_1040_2026.1_0616_1700_encrypt.xz, to: /home/shen/tools/Xilinx/vitis-embedded-2026.1/2026.1
2026-10-01 14:03:20,878 DEBUG: a.k:-1 - Extracted file: /home/shen/tools/Xilinx/installer-2026.1/payload/data_1040_2026.1_0616_1700_encrypt.xz, to: /home/shen/tools/Xilinx/vitis-embedded-2026.1/2026.1, in 5 mili-sec
Memory usage -- Used memory: 47461 MB. Total memory: 47782 MB
Recent cpu usage for system: 33%
2026-10-01 14:03:20,878 DEBUG: a.l:-1 - number of files to extract:332835 number of files extracted: 282947
2026-10-01 14:03:20,878 DEBUG: a.k:-1 - Start extraction for file: /home/shen/tools/Xilinx/installer-2026.1/payload/data_1416_2026.1_0616_1700_encrypt.xz, to: /home/shen/tools/Xilinx/vitis-embedded-2026.1/2026.1
2026-10-01 14:03:20,879 DEBUG: a.k:-1 - Extracted file: /home/shen/tools/Xilinx/installer-2026.1/payload/data_1416_2026.1_0616_1700_encrypt.xz, to: /home/shen/tools/Xilinx/vitis-embedded-2026.1/2026.1, in 1 mili-sec
Memory usage -- Used memory: 47462 MB. Total memory: 47782 MB
Recent cpu usage for system: 50%
2026-10-01 14:03:20,880 DEBUG: a.l:-1 - number of files to extract:332835 number of files extracted: 282958
2026-10-01 14:03:20,880 DEBUG: a.k:-1 - Start extraction for file: /home/shen/tools/Xilinx/installer-2026.1/payload/vitis_0081_2026.1_0616_1700.xz, to: /home/shen/tools/Xilinx/vitis-embedded-2026.1/2026.1/Vitis
2026-10-01 14:03:21,068 DEBUG: a.k:-1 - Extracted file: /home/shen/tools/Xilinx/installer-2026.1/payload/sdk_gnu_0023_2026.1_0616_1700.xz, to: /home/shen/tools/Xilinx/vitis-embedded-2026.1/2026.1, in 3050 mili-sec
Memory usage -- Used memory: 47399 MB. Total memory: 47782 MB
Recent cpu usage for system: 33%
2026-10-01 14:03:21,068 DEBUG: a.l:-1 - number of files to extract:332835 number of files extracted: 285757
2026-10-01 14:03:21,068 DEBUG: a.k:-1 - Start extraction for file: /home/shen/tools/Xilinx/installer-2026.1/payload/data_0517_2026.1_0616_1700_encrypt.xz, to: /home/shen/tools/Xilinx/vitis-embedded-2026.1/2026.1
2026-10-01 14:03:21,070 DEBUG: a.k:-1 - Extracted file: /home/shen/tools/Xilinx/installer-2026.1/payload/data_0517_2026.1_0616_1700_encrypt.xz, to: /home/shen/tools/Xilinx/vitis-embedded-2026.1/2026.1, in 2 mili-sec
Memory usage -- Used memory: 47400 MB. Total memory: 47782 MB
Recent cpu usage for system: 50%
2026-10-01 14:03:21,070 DEBUG: a.l:-1 - number of files to extract:332835 number of files extracted: 285768
2026-10-01 14:03:21,070 DEBUG: a.k:-1 - Start extraction for file: /home/shen/tools/Xilinx/installer-2026.1/payload/data_1773_2026.1_0616_1700_encrypt.xz, to: /home/shen/tools/Xilinx/vitis-embedded-2026.1/2026.1
2026-10-01 14:03:21,073 DEBUG: a.k:-1 - Extracted file: /home/shen/tools/Xilinx/installer-2026.1/payload/data_1773_2026.1_0616_1700_encrypt.xz, to: /home/shen/tools/Xilinx/vitis-embedded-2026.1/2026.1, in 3 mili-sec
Memory usage -- Used memory: 47409 MB. Total memory: 47782 MB
Recent cpu usage for system: 28%
2026-10-01 14:03:21,073 DEBUG: a.l:-1 - number of files to extract:332835 number of files extracted: 285779
2026-10-01 14:03:21,073 DEBUG: a.k:-1 - Start extraction for file: /home/shen/tools/Xilinx/installer-2026.1/payload/data_1247_2026.1_0616_1700_encrypt.xz, to: /home/shen/tools/Xilinx/vitis-embedded-2026.1/2026.1
2026-10-01 14:03:21,074 DEBUG: a.k:-1 - Extracted file: /home/shen/tools/Xilinx/installer-2026.1/payload/data_1247_2026.1_0616_1700_encrypt.xz, to: /home/shen/tools/Xilinx/vitis-embedded-2026.1/2026.1, in 1 mili-sec
Memory usage -- Used memory: 47410 MB. Total memory: 47782 MB
Recent cpu usage for system: 50%
2026-10-01 14:03:21,074 DEBUG: a.l:-1 - number of files to extract:332835 number of files extracted: 285790
2026-10-01 14:03:21,074 DEBUG: a.k:-1 - Start extraction for file: /home/shen/tools/Xilinx/installer-2026.1/payload/data_3119_2026.1_0616_1700_encrypt.xz, to: /home/shen/tools/Xilinx/vitis-embedded-2026.1/2026.1
2026-10-01 14:03:21,075 DEBUG: a.k:-1 - Extracted file: /home/shen/tools/Xilinx/installer-2026.1/payload/data_3119_2026.1_0616_1700_encrypt.xz, to: /home/shen/tools/Xilinx/vitis-embedded-2026.1/2026.1, in 1 mili-sec
Memory usage -- Used memory: 47410 MB. Total memory: 47782 MB
Recent cpu usage for system: 50%
2026-10-01 14:03:21,075 DEBUG: a.l:-1 - number of files to extract:332835 number of files extracted: 285801
2026-10-01 14:03:21,075 DEBUG: a.k:-1 - Start extraction for file: /home/shen/tools/Xilinx/installer-2026.1/payload/sdk_gnu_0044_2026.1_0616_1700.xz, to: /home/shen/tools/Xilinx/vitis-embedded-2026.1/2026.1
2026-10-01 14:03:22,325 DEBUG: a.k:-1 - Extracted file: /home/shen/tools/Xilinx/installer-2026.1/payload/vitis_0008_2026.1_0616_1700.xz, to: /home/shen/tools/Xilinx/vitis-embedded-2026.1/2026.1/Vitis, in 3054 mili-sec
Memory usage -- Used memory: 47415 MB. Total memory: 47782 MB
Recent cpu usage for system: 32%
2026-10-01 14:03:22,325 DEBUG: a.l:-1 - number of files to extract:332835 number of files extracted: 285884
2026-10-01 14:03:22,325 DEBUG: a.k:-1 - Start extraction for file: /home/shen/tools/Xilinx/installer-2026.1/payload/data_3046_2026.1_0616_1700_encrypt.xz, to: /home/shen/tools/Xilinx/vitis-embedded-2026.1/2026.1
2026-10-01 14:03:22,327 DEBUG: a.k:-1 - Extracted file: /home/shen/tools/Xilinx/installer-2026.1/payload/data_3046_2026.1_0616_1700_encrypt.xz, to: /home/shen/tools/Xilinx/vitis-embedded-2026.1/2026.1, in 1 mili-sec
Memory usage -- Used memory: 47415 MB. Total memory: 47782 MB
Recent cpu usage for system: 25%
2026-10-01 14:03:22,327 DEBUG: a.l:-1 - number of files to extract:332835 number of files extracted: 285895
2026-10-01 14:03:22,327 DEBUG: a.k:-1 - Start extraction for file: /home/shen/tools/Xilinx/installer-2026.1/payload/data_2021_2026.1_0616_1700_encrypt.xz, to: /home/shen/tools/Xilinx/vitis-embedded-2026.1/2026.1
2026-10-01 14:03:22,328 DEBUG: a.k:-1 - Extracted file: /home/shen/tools/Xilinx/installer-2026.1/payload/data_2021_2026.1_0616_1700_encrypt.xz, to: /home/shen/tools/Xilinx/vitis-embedded-2026.1/2026.1, in 1 mili-sec
Memory usage -- Used memory: 47415 MB. Total memory: 47782 MB
Recent cpu usage for system: 33%
2026-10-01 14:03:22,328 DEBUG: a.l:-1 - number of files to extract:332835 number of files extracted: 285906
2026-10-01 14:03:22,329 DEBUG: a.k:-1 - Start extraction for file: /home/shen/tools/Xilinx/installer-2026.1/payload/data_0885_2026.1_0616_1700_encrypt.xz, to: /home/shen/tools/Xilinx/vitis-embedded-2026.1/2026.1
2026-10-01 14:03:22,330 DEBUG: a.k:-1 - Extracted file: /home/shen/tools/Xilinx/installer-2026.1/payload/data_0885_2026.1_0616_1700_encrypt.xz, to: /home/shen/tools/Xilinx/vitis-embedded-2026.1/2026.1, in 1 mili-sec
Memory usage -- Used memory: 47416 MB. Total memory: 47782 MB
Recent cpu usage for system: 66%
2026-10-01 14:03:22,330 DEBUG: a.l:-1 - number of files to extract:332835 number of files extracted: 285917
2026-10-01 14:03:22,330 DEBUG: a.k:-1 - Start extraction for file: /home/shen/tools/Xilinx/installer-2026.1/payload/data_1716_2026.1_0616_1700_encrypt.xz, to: /home/shen/tools/Xilinx/vitis-embedded-2026.1/2026.1
2026-10-01 14:03:22,331 DEBUG: a.k:-1 - Extracted file: /home/shen/tools/Xilinx/installer-2026.1/payload/data_1716_2026.1_0616_1700_encrypt.xz, to: /home/shen/tools/Xilinx/vitis-embedded-2026.1/2026.1, in 1 mili-sec
Memory usage -- Used memory: 47418 MB. Total memory: 47782 MB
Recent cpu usage for system: 50%
2026-10-01 14:03:22,332 DEBUG: a.l:-1 - number of files to extract:332835 number of files extracted: 285928
2026-10-01 14:03:22,332 DEBUG: a.k:-1 - Start extraction for file: /home/shen/tools/Xilinx/installer-2026.1/payload/sdk_gnu_0063_2026.1_0616_1700.xz, to: /home/shen/tools/Xilinx/vitis-embedded-2026.1/2026.1
2026-10-01 14:03:23,560 DEBUG: a.k:-1 - Extracted file: /home/shen/tools/Xilinx/installer-2026.1/payload/sdk_gnu_0044_2026.1_0616_1700.xz, to: /home/shen/tools/Xilinx/vitis-embedded-2026.1/2026.1, in 2484 mili-sec
Memory usage -- Used memory: 47460 MB. Total memory: 47782 MB
Recent cpu usage for system: 31%
2026-10-01 14:03:23,560 DEBUG: a.l:-1 - number of files to extract:332835 number of files extracted: 287729
2026-10-01 14:03:23,560 DEBUG: a.k:-1 - Start extraction for file: /home/shen/tools/Xilinx/installer-2026.1/payload/sdk_gnu_0016_2026.1_0616_1700.xz, to: /home/shen/tools/Xilinx/vitis-embedded-2026.1/2026.1
2026-10-01 14:03:24,826 DEBUG: a.k:-1 - Extracted file: /home/shen/tools/Xilinx/installer-2026.1/payload/vitis_0081_2026.1_0616_1700.xz, to: /home/shen/tools/Xilinx/vitis-embedded-2026.1/2026.1/Vitis, in 3946 mili-sec
Memory usage -- Used memory: 47472 MB. Total memory: 47782 MB
Recent cpu usage for system: 33%
2026-10-01 14:03:24,826 DEBUG: a.l:-1 - number of files to extract:332835 number of files extracted: 292757
2026-10-01 14:03:24,827 DEBUG: a.k:-1 - Start extraction for file: /home/shen/tools/Xilinx/installer-2026.1/payload/data_0703_2026.1_0616_1700_encrypt.xz, to: /home/shen/tools/Xilinx/vitis-embedded-2026.1/2026.1
2026-10-01 14:03:24,828 DEBUG: a.k:-1 - Extracted file: /home/shen/tools/Xilinx/installer-2026.1/payload/data_0703_2026.1_0616_1700_encrypt.xz, to: /home/shen/tools/Xilinx/vitis-embedded-2026.1/2026.1, in 1 mili-sec
Memory usage -- Used memory: 47440 MB. Total memory: 47782 MB
Recent cpu usage for system: 40%
2026-10-01 14:03:24,829 DEBUG: a.l:-1 - number of files to extract:332835 number of files extracted: 292768
2026-10-01 14:03:24,829 DEBUG: a.k:-1 - Start extraction for file: /home/shen/tools/Xilinx/installer-2026.1/payload/data_2675_2026.1_0616_1700_encrypt.xz, to: /home/shen/tools/Xilinx/vitis-embedded-2026.1/2026.1
2026-10-01 14:03:24,830 DEBUG: a.k:-1 - Extracted file: /home/shen/tools/Xilinx/installer-2026.1/payload/data_2675_2026.1_0616_1700_encrypt.xz, to: /home/shen/tools/Xilinx/vitis-embedded-2026.1/2026.1, in 1 mili-sec
Memory usage -- Used memory: 47414 MB. Total memory: 47782 MB
Recent cpu usage for system: 0%
2026-10-01 14:03:24,830 DEBUG: a.l:-1 - number of files to extract:332835 number of files extracted: 292779
2026-10-01 14:03:24,830 DEBUG: a.k:-1 - Start extraction for file: /home/shen/tools/Xilinx/installer-2026.1/payload/sdk_gnu_0003_2026.1_0616_1700.xz, to: /home/shen/tools/Xilinx/vitis-embedded-2026.1/2026.1
2026-10-01 14:03:24,874 DEBUG: a.k:-1 - Extracted file: /home/shen/tools/Xilinx/installer-2026.1/payload/vitis_0077_2026.1_0616_1700.xz, to: /home/shen/tools/Xilinx/vitis-embedded-2026.1/2026.1/Vitis, in 4415 mili-sec
Memory usage -- Used memory: 47334 MB. Total memory: 47782 MB
Recent cpu usage for system: 32%
2026-10-01 14:03:24,874 DEBUG: a.l:-1 - number of files to extract:332835 number of files extracted: 292847
2026-10-01 14:03:24,874 DEBUG: a.k:-1 - Start extraction for file: /home/shen/tools/Xilinx/installer-2026.1/payload/data_1939_2026.1_0616_1700_encrypt.xz, to: /home/shen/tools/Xilinx/vitis-embedded-2026.1/2026.1
2026-10-01 14:03:24,875 DEBUG: a.k:-1 - Extracted file: /home/shen/tools/Xilinx/installer-2026.1/payload/data_1939_2026.1_0616_1700_encrypt.xz, to: /home/shen/tools/Xilinx/vitis-embedded-2026.1/2026.1, in 1 mili-sec
Memory usage -- Used memory: 47334 MB. Total memory: 47782 MB
Recent cpu usage for system: 33%
2026-10-01 14:03:24,875 DEBUG: a.l:-1 - number of files to extract:332835 number of files extracted: 292858
2026-10-01 14:03:24,875 DEBUG: a.k:-1 - Start extraction for file: /home/shen/tools/Xilinx/installer-2026.1/payload/data_1230_2026.1_0616_1700_encrypt.xz, to: /home/shen/tools/Xilinx/vitis-embedded-2026.1/2026.1
2026-10-01 14:03:24,876 DEBUG: a.k:-1 - Extracted file: /home/shen/tools/Xilinx/installer-2026.1/payload/data_1230_2026.1_0616_1700_encrypt.xz, to: /home/shen/tools/Xilinx/vitis-embedded-2026.1/2026.1, in 1 mili-sec
Memory usage -- Used memory: 47334 MB. Total memory: 47782 MB
Recent cpu usage for system: 33%
2026-10-01 14:03:24,876 DEBUG: a.l:-1 - number of files to extract:332835 number of files extracted: 292869
2026-10-01 14:03:24,876 DEBUG: a.k:-1 - Start extraction for file: /home/shen/tools/Xilinx/installer-2026.1/payload/data_0735_2026.1_0616_1700_encrypt.xz, to: /home/shen/tools/Xilinx/vitis-embedded-2026.1/2026.1
2026-10-01 14:03:24,877 DEBUG: a.k:-1 - Extracted file: /home/shen/tools/Xilinx/installer-2026.1/payload/data_0735_2026.1_0616_1700_encrypt.xz, to: /home/shen/tools/Xilinx/vitis-embedded-2026.1/2026.1, in 1 mili-sec
Memory usage -- Used memory: 47334 MB. Total memory: 47782 MB
Recent cpu usage for system: 0%
2026-10-01 14:03:24,878 DEBUG: a.l:-1 - number of files to extract:332835 number of files extracted: 292880
2026-10-01 14:03:24,878 DEBUG: a.k:-1 - Start extraction for file: /home/shen/tools/Xilinx/installer-2026.1/payload/vitis_0106_2026.1_0616_1700.xz, to: /home/shen/tools/Xilinx/vitis-embedded-2026.1/2026.1
2026-10-01 14:03:24,950 DEBUG: a.k:-1 - Extracted file: /home/shen/tools/Xilinx/installer-2026.1/payload/data_0078_2026.1_0616_1700.xz, to: /home/shen/tools/Xilinx/vitis-embedded-2026.1/2026.1, in 5038 mili-sec
Memory usage -- Used memory: 47381 MB. Total memory: 47782 MB
Recent cpu usage for system: 28%
2026-10-01 14:03:24,950 DEBUG: a.l:-1 - number of files to extract:332835 number of files extracted: 292948
2026-10-01 14:03:24,950 DEBUG: a.k:-1 - Start extraction for file: /home/shen/tools/Xilinx/installer-2026.1/payload/data_1401_2026.1_0616_1700_encrypt.xz, to: /home/shen/tools/Xilinx/vitis-embedded-2026.1/2026.1
2026-10-01 14:03:24,954 DEBUG: a.k:-1 - Extracted file: /home/shen/tools/Xilinx/installer-2026.1/payload/data_1401_2026.1_0616_1700_encrypt.xz, to: /home/shen/tools/Xilinx/vitis-embedded-2026.1/2026.1, in 3 mili-sec
Memory usage -- Used memory: 47382 MB. Total memory: 47782 MB
Recent cpu usage for system: 25%
2026-10-01 14:03:24,954 DEBUG: a.l:-1 - number of files to extract:332835 number of files extracted: 292959
2026-10-01 14:03:24,954 DEBUG: a.k:-1 - Start extraction for file: /home/shen/tools/Xilinx/installer-2026.1/payload/data_0020_2026.1_0616_1700_encrypt.xz, to: /home/shen/tools/Xilinx/vitis-embedded-2026.1/2026.1
2026-10-01 14:03:24,955 DEBUG: a.k:-1 - Extracted file: /home/shen/tools/Xilinx/installer-2026.1/payload/data_0020_2026.1_0616_1700_encrypt.xz, to: /home/shen/tools/Xilinx/vitis-embedded-2026.1/2026.1, in 0 mili-sec
Memory usage -- Used memory: 47383 MB. Total memory: 47782 MB
Recent cpu usage for system: 33%
2026-10-01 14:03:24,955 DEBUG: a.l:-1 - number of files to extract:332835 number of files extracted: 292970
2026-10-01 14:03:24,955 DEBUG: a.k:-1 - Start extraction for file: /home/shen/tools/Xilinx/installer-2026.1/payload/data_0822_2026.1_0616_1700_encrypt.xz, to: /home/shen/tools/Xilinx/vitis-embedded-2026.1/2026.1
2026-10-01 14:03:24,955 DEBUG: a.k:-1 - Extracted file: /home/shen/tools/Xilinx/installer-2026.1/payload/data_0822_2026.1_0616_1700_encrypt.xz, to: /home/shen/tools/Xilinx/vitis-embedded-2026.1/2026.1, in 0 mili-sec
Memory usage -- Used memory: 47383 MB. Total memory: 47782 MB
Recent cpu usage for system: 0%
2026-10-01 14:03:24,955 DEBUG: a.l:-1 - number of files to extract:332835 number of files extracted: 292981
2026-10-01 14:03:24,955 DEBUG: a.k:-1 - Start extraction for file: /home/shen/tools/Xilinx/installer-2026.1/payload/data_1545_2026.1_0616_1700_encrypt.xz, to: /home/shen/tools/Xilinx/vitis-embedded-2026.1/2026.1
2026-10-01 14:03:24,957 DEBUG: a.k:-1 - Extracted file: /home/shen/tools/Xilinx/installer-2026.1/payload/data_1545_2026.1_0616_1700_encrypt.xz, to: /home/shen/tools/Xilinx/vitis-embedded-2026.1/2026.1, in 2 mili-sec
Memory usage -- Used memory: 47384 MB. Total memory: 47782 MB
Recent cpu usage for system: 25%
2026-10-01 14:03:24,957 DEBUG: a.l:-1 - number of files to extract:332835 number of files extracted: 292992
2026-10-01 14:03:24,957 DEBUG: a.k:-1 - Start extraction for file: /home/shen/tools/Xilinx/installer-2026.1/payload/vitis_0075_2026.1_0616_1700.xz, to: /home/shen/tools/Xilinx/vitis-embedded-2026.1/2026.1
2026-10-01 14:03:25,165 DEBUG: a.k:-1 - Extracted file: /home/shen/tools/Xilinx/installer-2026.1/payload/sdk_gnu_0063_2026.1_0616_1700.xz, to: /home/shen/tools/Xilinx/vitis-embedded-2026.1/2026.1, in 2832 mili-sec
Memory usage -- Used memory: 47396 MB. Total memory: 47782 MB
Recent cpu usage for system: 31%
2026-10-01 14:03:25,165 DEBUG: a.l:-1 - number of files to extract:332835 number of files extracted: 295106
2026-10-01 14:03:25,165 DEBUG: a.k:-1 - Start extraction for file: /home/shen/tools/Xilinx/installer-2026.1/payload/vitis_0097_2026.1_0616_1700.xz, to: /home/shen/tools/Xilinx/vitis-embedded-2026.1/2026.1
2026-10-01 14:03:26,334 DEBUG: a.k:-1 - Extracted file: /home/shen/tools/Xilinx/installer-2026.1/payload/sdk_gnu_0016_2026.1_0616_1700.xz, to: /home/shen/tools/Xilinx/vitis-embedded-2026.1/2026.1, in 2774 mili-sec
Memory usage -- Used memory: 47351 MB. Total memory: 47782 MB
Recent cpu usage for system: 31%
2026-10-01 14:03:26,335 DEBUG: a.l:-1 - number of files to extract:332835 number of files extracted: 298976
2026-10-01 14:03:26,335 DEBUG: a.k:-1 - Start extraction for file: /home/shen/tools/Xilinx/installer-2026.1/payload/data_1916_2026.1_0616_1700_encrypt.xz, to: /home/shen/tools/Xilinx/vitis-embedded-2026.1/2026.1
2026-10-01 14:03:26,336 DEBUG: a.k:-1 - Extracted file: /home/shen/tools/Xilinx/installer-2026.1/payload/data_1916_2026.1_0616_1700_encrypt.xz, to: /home/shen/tools/Xilinx/vitis-embedded-2026.1/2026.1, in 1 mili-sec
Memory usage -- Used memory: 47351 MB. Total memory: 47782 MB
Recent cpu usage for system: 0%
2026-10-01 14:03:26,336 DEBUG: a.l:-1 - number of files to extract:332835 number of files extracted: 298987
2026-10-01 14:03:26,336 DEBUG: a.k:-1 - Start extraction for file: /home/shen/tools/Xilinx/installer-2026.1/payload/vitis_0044_2026.1_0616_1700.xz, to: /home/shen/tools/Xilinx/vitis-embedded-2026.1/2026.1
2026-10-01 14:03:27,923 DEBUG: a.k:-1 - Extracted file: /home/shen/tools/Xilinx/installer-2026.1/payload/sdk_gnu_0003_2026.1_0616_1700.xz, to: /home/shen/tools/Xilinx/vitis-embedded-2026.1/2026.1, in 3093 mili-sec
Memory usage -- Used memory: 47403 MB. Total memory: 47782 MB
Recent cpu usage for system: 31%
2026-10-01 14:03:27,924 DEBUG: a.l:-1 - number of files to extract:332835 number of files extracted: 304269
2026-10-01 14:03:27,924 DEBUG: a.k:-1 - Start extraction for file: /home/shen/tools/Xilinx/installer-2026.1/payload/sdk_gnu_0066_2026.1_0616_1700.xz, to: /home/shen/tools/Xilinx/vitis-embedded-2026.1/2026.1
2026-10-01 14:03:28,702 DEBUG: a.k:-1 - Extracted file: /home/shen/tools/Xilinx/installer-2026.1/payload/vitis_0097_2026.1_0616_1700.xz, to: /home/shen/tools/Xilinx/vitis-embedded-2026.1/2026.1, in 3537 mili-sec
Memory usage -- Used memory: 47468 MB. Total memory: 47782 MB
Recent cpu usage for system: 31%
2026-10-01 14:03:28,703 DEBUG: a.l:-1 - number of files to extract:332835 number of files extracted: 304827
2026-10-01 14:03:28,703 DEBUG: a.k:-1 - Start extraction for file: /home/shen/tools/Xilinx/installer-2026.1/payload/vitis_0060_2026.1_0616_1700.xz, to: /home/shen/tools/Xilinx/vitis-embedded-2026.1/2026.1
2026-10-01 14:03:28,846 DEBUG: a.k:-1 - Extracted file: /home/shen/tools/Xilinx/installer-2026.1/payload/vitis_0106_2026.1_0616_1700.xz, to: /home/shen/tools/Xilinx/vitis-embedded-2026.1/2026.1, in 3968 mili-sec
Memory usage -- Used memory: 47389 MB. Total memory: 47782 MB
Recent cpu usage for system: 30%
2026-10-01 14:03:28,846 DEBUG: a.l:-1 - number of files to extract:332835 number of files extracted: 306038
2026-10-01 14:03:28,846 DEBUG: a.k:-1 - Start extraction for file: /home/shen/tools/Xilinx/installer-2026.1/payload/sdk_gnu_0050_2026.1_0616_1700.xz, to: /home/shen/tools/Xilinx/vitis-embedded-2026.1/2026.1
2026-10-01 14:03:29,071 DEBUG: a.k:-1 - Extracted file: /home/shen/tools/Xilinx/installer-2026.1/payload/vitis_0075_2026.1_0616_1700.xz, to: /home/shen/tools/Xilinx/vitis-embedded-2026.1/2026.1, in 4114 mili-sec
Memory usage -- Used memory: 47342 MB. Total memory: 47782 MB
Recent cpu usage for system: 32%
2026-10-01 14:03:29,071 DEBUG: a.l:-1 - number of files to extract:332835 number of files extracted: 307171
2026-10-01 14:03:29,071 DEBUG: a.k:-1 - Start extraction for file: /home/shen/tools/Xilinx/installer-2026.1/payload/data_2147_2026.1_0616_1700_encrypt.xz, to: /home/shen/tools/Xilinx/vitis-embedded-2026.1/2026.1
2026-10-01 14:03:29,073 DEBUG: a.k:-1 - Extracted file: /home/shen/tools/Xilinx/installer-2026.1/payload/data_2147_2026.1_0616_1700_encrypt.xz, to: /home/shen/tools/Xilinx/vitis-embedded-2026.1/2026.1, in 2 mili-sec
Memory usage -- Used memory: 47343 MB. Total memory: 47782 MB
Recent cpu usage for system: 25%
2026-10-01 14:03:29,073 DEBUG: a.l:-1 - number of files to extract:332835 number of files extracted: 307182
2026-10-01 14:03:29,073 DEBUG: a.k:-1 - Start extraction for file: /home/shen/tools/Xilinx/installer-2026.1/payload/data_0609_2026.1_0616_1700_encrypt.xz, to: /home/shen/tools/Xilinx/vitis-embedded-2026.1/2026.1
2026-10-01 14:03:29,074 DEBUG: a.k:-1 - Extracted file: /home/shen/tools/Xilinx/installer-2026.1/payload/data_0609_2026.1_0616_1700_encrypt.xz, to: /home/shen/tools/Xilinx/vitis-embedded-2026.1/2026.1, in 1 mili-sec
Memory usage -- Used memory: 47344 MB. Total memory: 47782 MB
Recent cpu usage for system: 50%
2026-10-01 14:03:29,075 DEBUG: a.l:-1 - number of files to extract:332835 number of files extracted: 307193
2026-10-01 14:03:29,075 DEBUG: a.k:-1 - Start extraction for file: /home/shen/tools/Xilinx/installer-2026.1/payload/data_2610_2026.1_0616_1700_encrypt.xz, to: /home/shen/tools/Xilinx/vitis-embedded-2026.1/2026.1
2026-10-01 14:03:29,076 DEBUG: a.k:-1 - Extracted file: /home/shen/tools/Xilinx/installer-2026.1/payload/data_2610_2026.1_0616_1700_encrypt.xz, to: /home/shen/tools/Xilinx/vitis-embedded-2026.1/2026.1, in 1 mili-sec
Memory usage -- Used memory: 47344 MB. Total memory: 47782 MB
Recent cpu usage for system: 33%
2026-10-01 14:03:29,076 DEBUG: a.l:-1 - number of files to extract:332835 number of files extracted: 307204
2026-10-01 14:03:29,076 DEBUG: a.k:-1 - Start extraction for file: /home/shen/tools/Xilinx/installer-2026.1/payload/data_0711_2026.1_0616_1700.xz, to: /home/shen/tools/Xilinx/vitis-embedded-2026.1/2026.1
2026-10-01 14:03:29,077 DEBUG: a.k:-1 - Extracted file: /home/shen/tools/Xilinx/installer-2026.1/payload/data_0711_2026.1_0616_1700.xz, to: /home/shen/tools/Xilinx/vitis-embedded-2026.1/2026.1, in 1 mili-sec
Memory usage -- Used memory: 47344 MB. Total memory: 47782 MB
Recent cpu usage for system: 50%
2026-10-01 14:03:29,077 DEBUG: a.l:-1 - number of files to extract:332835 number of files extracted: 307212
2026-10-01 14:03:29,077 DEBUG: a.k:-1 - Start extraction for file: /home/shen/tools/Xilinx/installer-2026.1/payload/data_2853_2026.1_0616_1700_encrypt.xz, to: /home/shen/tools/Xilinx/vitis-embedded-2026.1/2026.1
2026-10-01 14:03:29,080 DEBUG: a.k:-1 - Extracted file: /home/shen/tools/Xilinx/installer-2026.1/payload/data_2853_2026.1_0616_1700_encrypt.xz, to: /home/shen/tools/Xilinx/vitis-embedded-2026.1/2026.1, in 3 mili-sec
Memory usage -- Used memory: 47346 MB. Total memory: 47782 MB
Recent cpu usage for system: 28%
2026-10-01 14:03:29,080 DEBUG: a.l:-1 - number of files to extract:332835 number of files extracted: 307223
2026-10-01 14:03:29,080 DEBUG: a.k:-1 - Start extraction for file: /home/shen/tools/Xilinx/installer-2026.1/payload/data_2859_2026.1_0616_1700_encrypt.xz, to: /home/shen/tools/Xilinx/vitis-embedded-2026.1/2026.1
2026-10-01 14:03:29,081 DEBUG: a.k:-1 - Extracted file: /home/shen/tools/Xilinx/installer-2026.1/payload/data_2859_2026.1_0616_1700_encrypt.xz, to: /home/shen/tools/Xilinx/vitis-embedded-2026.1/2026.1, in 1 mili-sec
Memory usage -- Used memory: 47346 MB. Total memory: 47782 MB
Recent cpu usage for system: 33%
2026-10-01 14:03:29,081 DEBUG: a.l:-1 - number of files to extract:332835 number of files extracted: 307234
2026-10-01 14:03:29,081 DEBUG: a.k:-1 - Start extraction for file: /home/shen/tools/Xilinx/installer-2026.1/payload/data_2577_2026.1_0616_1700_encrypt.xz, to: /home/shen/tools/Xilinx/vitis-embedded-2026.1/2026.1
2026-10-01 14:03:29,082 DEBUG: a.k:-1 - Extracted file: /home/shen/tools/Xilinx/installer-2026.1/payload/data_2577_2026.1_0616_1700_encrypt.xz, to: /home/shen/tools/Xilinx/vitis-embedded-2026.1/2026.1, in 1 mili-sec
Memory usage -- Used memory: 47346 MB. Total memory: 47782 MB
Recent cpu usage for system: 0%
2026-10-01 14:03:29,082 DEBUG: a.l:-1 - number of files to extract:332835 number of files extracted: 307245
2026-10-01 14:03:29,082 DEBUG: a.k:-1 - Start extraction for file: /home/shen/tools/Xilinx/installer-2026.1/payload/sdk_gnu_0059_2026.1_0616_1700.xz, to: /home/shen/tools/Xilinx/vitis-embedded-2026.1/2026.1
2026-10-01 14:03:30,073 DEBUG: a.k:-1 - Extracted file: /home/shen/tools/Xilinx/installer-2026.1/payload/vitis_0044_2026.1_0616_1700.xz, to: /home/shen/tools/Xilinx/vitis-embedded-2026.1/2026.1, in 3737 mili-sec
Memory usage -- Used memory: 47354 MB. Total memory: 47782 MB
Recent cpu usage for system: 31%
2026-10-01 14:03:30,073 DEBUG: a.l:-1 - number of files to extract:332835 number of files extracted: 308879
2026-10-01 14:03:30,074 DEBUG: a.k:-1 - Start extraction for file: /home/shen/tools/Xilinx/installer-2026.1/payload/data_2163_2026.1_0616_1700.xz, to: /home/shen/tools/Xilinx/vitis-embedded-2026.1/2026.1
2026-10-01 14:03:30,168 DEBUG: a.k:-1 - Extracted file: /home/shen/tools/Xilinx/installer-2026.1/payload/vitis_0007_2026.1_0616_1700.xz, to: /home/shen/tools/Xilinx/vitis-embedded-2026.1/2026.1/Vitis, in 9565 mili-sec
Memory usage -- Used memory: 47373 MB. Total memory: 47782 MB
Recent cpu usage for system: 31%
2026-10-01 14:03:30,168 DEBUG: a.l:-1 - number of files to extract:332835 number of files extracted: 317534
2026-10-01 14:03:30,168 DEBUG: a.k:-1 - Start extraction for file: /home/shen/tools/Xilinx/installer-2026.1/payload/data_1975_2026.1_0616_1700_encrypt.xz, to: /home/shen/tools/Xilinx/vitis-embedded-2026.1/2026.1
2026-10-01 14:03:30,170 DEBUG: a.k:-1 - Extracted file: /home/shen/tools/Xilinx/installer-2026.1/payload/data_1975_2026.1_0616_1700_encrypt.xz, to: /home/shen/tools/Xilinx/vitis-embedded-2026.1/2026.1, in 2 mili-sec
Memory usage -- Used memory: 47375 MB. Total memory: 47782 MB
Recent cpu usage for system: 20%
2026-10-01 14:03:30,170 DEBUG: a.l:-1 - number of files to extract:332835 number of files extracted: 317545
2026-10-01 14:03:30,170 DEBUG: a.k:-1 - Start extraction for file: /home/shen/tools/Xilinx/installer-2026.1/payload/installer_0010_2026.1_0616_1700.xz, to: /home/shen/tools/Xilinx/vitis-embedded-2026.1/.xinstall/2026.1
2026-10-01 14:03:31,018 DEBUG: a.k:-1 - Extracted file: /home/shen/tools/Xilinx/installer-2026.1/payload/sdk_gnu_0059_2026.1_0616_1700.xz, to: /home/shen/tools/Xilinx/vitis-embedded-2026.1/2026.1, in 1936 mili-sec
Memory usage -- Used memory: 47386 MB. Total memory: 47782 MB
Recent cpu usage for system: 31%
2026-10-01 14:03:31,018 DEBUG: a.l:-1 - number of files to extract:332835 number of files extracted: 318896
2026-10-01 14:03:31,019 DEBUG: a.k:-1 - Start extraction for file: /home/shen/tools/Xilinx/installer-2026.1/payload/data_1526_2026.1_0616_1700_encrypt.xz, to: /home/shen/tools/Xilinx/vitis-embedded-2026.1/2026.1
2026-10-01 14:03:31,019 DEBUG: a.k:-1 - Extracted file: /home/shen/tools/Xilinx/installer-2026.1/payload/data_1526_2026.1_0616_1700_encrypt.xz, to: /home/shen/tools/Xilinx/vitis-embedded-2026.1/2026.1, in 0 mili-sec
Memory usage -- Used memory: 47388 MB. Total memory: 47782 MB
Recent cpu usage for system: 33%
2026-10-01 14:03:31,020 DEBUG: a.l:-1 - number of files to extract:332835 number of files extracted: 318907
2026-10-01 14:03:31,020 DEBUG: a.k:-1 - Start extraction for file: /home/shen/tools/Xilinx/installer-2026.1/payload/vitis_0151_2026.1_0616_1700_encrypt.xz, to: /home/shen/tools/Xilinx/vitis-embedded-2026.1/2026.1/Vitis
2026-10-01 14:03:31,020 DEBUG: a.k:-1 - Extracted file: /home/shen/tools/Xilinx/installer-2026.1/payload/vitis_0151_2026.1_0616_1700_encrypt.xz, to: /home/shen/tools/Xilinx/vitis-embedded-2026.1/2026.1/Vitis, in 0 mili-sec
Memory usage -- Used memory: 47392 MB. Total memory: 47782 MB
Recent cpu usage for system: 0%
2026-10-01 14:03:31,020 DEBUG: a.l:-1 - number of files to extract:332835 number of files extracted: 318909
2026-10-01 14:03:31,020 DEBUG: a.k:-1 - Start extraction for file: /home/shen/tools/Xilinx/installer-2026.1/payload/data_1083_2026.1_0616_1700_encrypt.xz, to: /home/shen/tools/Xilinx/vitis-embedded-2026.1/2026.1
2026-10-01 14:03:31,021 DEBUG: a.k:-1 - Extracted file: /home/shen/tools/Xilinx/installer-2026.1/payload/data_1083_2026.1_0616_1700_encrypt.xz, to: /home/shen/tools/Xilinx/vitis-embedded-2026.1/2026.1, in 1 mili-sec
Memory usage -- Used memory: 47393 MB. Total memory: 47782 MB
Recent cpu usage for system: 50%
2026-10-01 14:03:31,021 DEBUG: a.l:-1 - number of files to extract:332835 number of files extracted: 318920
2026-10-01 14:03:31,021 DEBUG: a.k:-1 - Start extraction for file: /home/shen/tools/Xilinx/installer-2026.1/payload/sdk_gnu_0054_2026.1_0616_1700.xz, to: /home/shen/tools/Xilinx/vitis-embedded-2026.1/2026.1
2026-10-01 14:03:31,229 DEBUG: a.k:-1 - Extracted file: /home/shen/tools/Xilinx/installer-2026.1/payload/sdk_gnu_0066_2026.1_0616_1700.xz, to: /home/shen/tools/Xilinx/vitis-embedded-2026.1/2026.1, in 3304 mili-sec
Memory usage -- Used memory: 47369 MB. Total memory: 47782 MB
Recent cpu usage for system: 28%
2026-10-01 14:03:31,229 DEBUG: a.l:-1 - number of files to extract:332835 number of files extracted: 321276
2026-10-01 14:03:31,229 DEBUG: a.k:-1 - Start extraction for file: /home/shen/tools/Xilinx/installer-2026.1/payload/data_2391_2026.1_0616_1700_encrypt.xz, to: /home/shen/tools/Xilinx/vitis-embedded-2026.1/2026.1
2026-10-01 14:03:31,247 DEBUG: a.k:-1 - Extracted file: /home/shen/tools/Xilinx/installer-2026.1/payload/data_2391_2026.1_0616_1700_encrypt.xz, to: /home/shen/tools/Xilinx/vitis-embedded-2026.1/2026.1, in 18 mili-sec
Memory usage -- Used memory: 47379 MB. Total memory: 47782 MB
Recent cpu usage for system: 29%
2026-10-01 14:03:31,247 DEBUG: a.l:-1 - number of files to extract:332835 number of files extracted: 321287
2026-10-01 14:03:31,247 DEBUG: a.k:-1 - Start extraction for file: /home/shen/tools/Xilinx/installer-2026.1/payload/data_2891_2026.1_0616_1700_encrypt.xz, to: /home/shen/tools/Xilinx/vitis-embedded-2026.1/2026.1
2026-10-01 14:03:31,250 DEBUG: a.k:-1 - Extracted file: /home/shen/tools/Xilinx/installer-2026.1/payload/data_2891_2026.1_0616_1700_encrypt.xz, to: /home/shen/tools/Xilinx/vitis-embedded-2026.1/2026.1, in 3 mili-sec
Memory usage -- Used memory: 47379 MB. Total memory: 47782 MB
Recent cpu usage for system: 28%
2026-10-01 14:03:31,250 DEBUG: a.l:-1 - number of files to extract:332835 number of files extracted: 321298
2026-10-01 14:03:31,250 DEBUG: a.k:-1 - Start extraction for file: /home/shen/tools/Xilinx/installer-2026.1/payload/data_0772_2026.1_0616_1700_encrypt.xz, to: /home/shen/tools/Xilinx/vitis-embedded-2026.1/2026.1
2026-10-01 14:03:31,253 DEBUG: a.k:-1 - Extracted file: /home/shen/tools/Xilinx/installer-2026.1/payload/data_0772_2026.1_0616_1700_encrypt.xz, to: /home/shen/tools/Xilinx/vitis-embedded-2026.1/2026.1, in 3 mili-sec
Memory usage -- Used memory: 47379 MB. Total memory: 47782 MB
Recent cpu usage for system: 14%
2026-10-01 14:03:31,253 DEBUG: a.l:-1 - number of files to extract:332835 number of files extracted: 321309
2026-10-01 14:03:31,347 DEBUG: a.k:-1 - Extracted file: /home/shen/tools/Xilinx/installer-2026.1/payload/sdk_gnu_0050_2026.1_0616_1700.xz, to: /home/shen/tools/Xilinx/vitis-embedded-2026.1/2026.1, in 2500 mili-sec
Memory usage -- Used memory: 47401 MB. Total memory: 47782 MB
Recent cpu usage for system: 28%
2026-10-01 14:03:31,347 DEBUG: a.l:-1 - number of files to extract:332835 number of files extracted: 323786
2026-10-01 14:03:31,501 DEBUG: a.k:-1 - Extracted file: /home/shen/tools/Xilinx/installer-2026.1/payload/installer_0010_2026.1_0616_1700.xz, to: /home/shen/tools/Xilinx/vitis-embedded-2026.1/.xinstall/2026.1, in 1331 mili-sec
Memory usage -- Used memory: 47325 MB. Total memory: 47782 MB
Recent cpu usage for system: 23%
2026-10-01 14:03:31,502 DEBUG: a.l:-1 - number of files to extract:332835 number of files extracted: 323846
2026-10-01 14:03:32,339 DEBUG: a.k:-1 - Extracted file: /home/shen/tools/Xilinx/installer-2026.1/payload/vitis_0060_2026.1_0616_1700.xz, to: /home/shen/tools/Xilinx/vitis-embedded-2026.1/2026.1, in 3636 mili-sec
Memory usage -- Used memory: 47460 MB. Total memory: 47782 MB
Recent cpu usage for system: 18%
2026-10-01 14:03:32,339 DEBUG: a.l:-1 - number of files to extract:332835 number of files extracted: 325736
2026-10-01 14:03:33,600 DEBUG: a.k:-1 - Extracted file: /home/shen/tools/Xilinx/installer-2026.1/payload/sdk_gnu_0054_2026.1_0616_1700.xz, to: /home/shen/tools/Xilinx/vitis-embedded-2026.1/2026.1, in 2579 mili-sec
Memory usage -- Used memory: 47457 MB. Total memory: 47782 MB
Recent cpu usage for system: 13%
2026-10-01 14:03:33,600 DEBUG: a.l:-1 - number of files to extract:332835 number of files extracted: 329787
2026-10-01 14:03:42,266 DEBUG: a.k:-1 - Extracted file: /home/shen/tools/Xilinx/installer-2026.1/payload/data_2163_2026.1_0616_1700.xz, to: /home/shen/tools/Xilinx/vitis-embedded-2026.1/2026.1, in 12192 mili-sec
Memory usage -- Used memory: 46791 MB. Total memory: 47782 MB
Recent cpu usage for system: 8%
2026-10-01 14:03:42,267 DEBUG: a.l:-1 - number of files to extract:332835 number of files extracted: 329801
2026-10-01 14:03:42,267 DEBUG: a.j:-1 - Start to extract archives with symlink files. Totally 4 archives.
2026-10-01 14:03:42,267 DEBUG: a.k:-1 - Start extraction for file: /home/shen/tools/Xilinx/installer-2026.1/payload/universal_0003_2026.1_0616_1700.xz, to: /home/shen/tools/Xilinx/vitis-embedded-2026.1/2026.1
2026-10-01 14:03:42,267 DEBUG: a.k:-1 - Start extraction for file: /home/shen/tools/Xilinx/installer-2026.1/payload/sdk_gnu_0011_2026.1_0616_1700.xz, to: /home/shen/tools/Xilinx/vitis-embedded-2026.1/2026.1
2026-10-01 14:03:42,267 DEBUG: a.k:-1 - Start extraction for file: /home/shen/tools/Xilinx/installer-2026.1/payload/sdk_gnu_0006_2026.1_0616_1700.xz, to: /home/shen/tools/Xilinx/vitis-embedded-2026.1/2026.1
2026-10-01 14:03:42,268 DEBUG: a.k:-1 - Start extraction for file: /home/shen/tools/Xilinx/installer-2026.1/payload/sdk_gnu_0009_2026.1_0616_1700.xz, to: /home/shen/tools/Xilinx/vitis-embedded-2026.1/2026.1
2026-10-01 14:03:42,386 DEBUG: a.k:-1 - Extracted file: /home/shen/tools/Xilinx/installer-2026.1/payload/universal_0003_2026.1_0616_1700.xz, to: /home/shen/tools/Xilinx/vitis-embedded-2026.1/2026.1, in 119 mili-sec
Memory usage -- Used memory: 46795 MB. Total memory: 47782 MB
Recent cpu usage for system: 8%
2026-10-01 14:03:42,386 DEBUG: a.l:-1 - number of files to extract:332835 number of files extracted: 329898
2026-10-01 14:03:42,390 DEBUG: a.k:-1 - Extracted file: /home/shen/tools/Xilinx/installer-2026.1/payload/sdk_gnu_0011_2026.1_0616_1700.xz, to: /home/shen/tools/Xilinx/vitis-embedded-2026.1/2026.1, in 123 mili-sec
Memory usage -- Used memory: 46795 MB. Total memory: 47782 MB
Recent cpu usage for system: 0%
2026-10-01 14:03:42,390 DEBUG: a.l:-1 - number of files to extract:332835 number of files extracted: 330093
2026-10-01 14:03:42,413 DEBUG: a.k:-1 - Extracted file: /home/shen/tools/Xilinx/installer-2026.1/payload/sdk_gnu_0006_2026.1_0616_1700.xz, to: /home/shen/tools/Xilinx/vitis-embedded-2026.1/2026.1, in 145 mili-sec
Memory usage -- Used memory: 46797 MB. Total memory: 47782 MB
Recent cpu usage for system: 8%
2026-10-01 14:03:42,413 DEBUG: a.l:-1 - number of files to extract:332835 number of files extracted: 331275
2026-10-01 14:03:42,421 DEBUG: a.k:-1 - Extracted file: /home/shen/tools/Xilinx/installer-2026.1/payload/sdk_gnu_0009_2026.1_0616_1700.xz, to: /home/shen/tools/Xilinx/vitis-embedded-2026.1/2026.1, in 153 mili-sec
Memory usage -- Used memory: 46797 MB. Total memory: 47782 MB
Recent cpu usage for system: 5%
2026-10-01 14:03:42,421 DEBUG: a.l:-1 - number of files to extract:332835 number of files extracted: 332835
2026-10-01 14:03:42,422 DEBUG: a.j:-1 - Extracted all archives in 96 seconds
2026-10-01 14:03:42,422 DEBUG: a.j:-1 - Extracted all archives in 0:1:1:36
2026-10-01 14:03:42,422 DEBUG: a.j:-1 - During extraction, the average memory usage for system is: 46298 MB. The average cpu usage for system is: 9%
2026-10-01 14:03:42,423 DEBUG: com.xilinx.installer.workflow.Workflow:-1 - Created symlink to common folder source: /home/shen/tools/Xilinx/vitis-embedded-2026.1/2026.1/Vitis/data, target: /home/shen/tools/Xilinx/vitis-embedded-2026.1/2026.1/data, relative targetPath: ../data
2026-10-01 14:03:42,423 DEBUG: com.xilinx.installer.workflow.Workflow:-1 - Created symlink to common folder source: /home/shen/tools/Xilinx/vitis-embedded-2026.1/2026.1/Vitis/gnu, target: /home/shen/tools/Xilinx/vitis-embedded-2026.1/2026.1/gnu, relative targetPath: ../gnu
2026-10-01 14:03:42,423 DEBUG: com.xilinx.installer.workflow.Workflow:-1 - Created symlink to common folder source: /home/shen/tools/Xilinx/vitis-embedded-2026.1/2026.1/Vitis/lnx64, target: /home/shen/tools/Xilinx/vitis-embedded-2026.1/2026.1/lnx64, relative targetPath: ../lnx64
2026-10-01 14:03:42,423 DEBUG: com.xilinx.installer.workflow.Workflow:-1 - Created symlink to common folder source: /home/shen/tools/Xilinx/vitis-embedded-2026.1/2026.1/Vitis/tps, target: /home/shen/tools/Xilinx/vitis-embedded-2026.1/2026.1/tps, relative targetPath: ../tps
2026-10-01 14:03:42,427 DEBUG: com.xilinx.installer.workflow.Workflow:-1 - Will not create registry on Linux
2026-10-01 14:03:42,427 DEBUG: com.xilinx.installer.workflow.j:-1 - progress bar beginning total tasks:4, remaining:4
2026-10-01 14:03:42,427 DEBUG: com.xilinx.installer.workflow.j:-1 - No xic config file found under /home/shen/tools/Xilinx/installer-2026.1/data/xic.cfg
2026-10-01 14:03:42,427 DEBUG: com.xilinx.installer.workflow.j:-1 - progress bar before shortcut creation total tasks:4, remaining:4
2026-10-01 14:03:42,427 DEBUG: com.xilinx.installer.workflow.Workflow:-1 - Creating install level shortcuts.
2026-10-01 14:03:42,427 DEBUG: com.xilinx.installer.workflow.Workflow:-1 - Creating shortcuts for Module<?>  Vitis Embedded Development
2026-10-01 14:03:42,427 DEBUG: com.xilinx.installer.workflow.Workflow:-1 - xinstallDir is: /home/shen/tools/Xilinx/vitis-embedded-2026.1/.xinstall/2026.1 for Module: Vitis Embedded Development
2026-10-01 14:03:42,427 DEBUG: com.xilinx.installer.workflow.Workflow:-1 - Creating shortcut: /home/shen/tools/Xilinx/vitis-embedded-2026.1/2026.1/Vitis/bin/vitis args: null icon file: /home/shen/tools/Xilinx/vitis-embedded-2026.1/2026.1/Vitis/doc/images/ide_icon.png startIn: /home/shen/tools/Xilinx/vitis-embedded-2026.1/2026.1/Vitis
2026-10-01 14:03:42,427 DEBUG: com.xilinx.installer.workflow.Workflow:-1 - Creating desktop shortcut: /home/shen/tools/Xilinx/vitis-embedded-2026.1/2026.1/Vitis/bin/vitis
2026-10-01 14:03:42,428 DEBUG: com.xilinx.installer.shortcuts.lin.LinuxShortcutFile:-1 - Created new shortcut file /home/shen/Desktop/Vitis 2026.1.desktop
2026-10-01 14:03:42,428 DEBUG: com.xilinx.installer.shortcuts.lin.LinuxDesktopShortcut:-1 - Executing: gio set "/home/shen/Desktop/Vitis 2026.1.desktop" metadata::trusted true
2026-10-01 14:03:42,438 DEBUG: com.xilinx.installer.shortcuts.lin.LinuxDesktopShortcut:-1 - gio result: CmdResult [stdout=, stderr=, exitCode=0]
2026-10-01 14:03:42,438 DEBUG: com.xilinx.installer.workflow.Workflow:-1 - Creating shortcut: /home/shen/tools/Xilinx/vitis-embedded-2026.1/2026.1/Vitis/bin/vitis args: -i icon file: /home/shen/tools/Xilinx/vitis-embedded-2026.1/2026.1/Vitis/ide/electron-app/lnx64/resources/app/resources/icons/vitis-logo-latest.png startIn: /home/shen/tools/Xilinx/vitis-embedded-2026.1/2026.1/Vitis
2026-10-01 14:03:42,438 DEBUG: com.xilinx.installer.workflow.Workflow:-1 - Creating desktop shortcut: /home/shen/tools/Xilinx/vitis-embedded-2026.1/2026.1/Vitis/bin/vitis
2026-10-01 14:03:42,438 DEBUG: com.xilinx.installer.shortcuts.lin.LinuxShortcutFile:-1 - Created new shortcut file /home/shen/Desktop/Vitis Python Console 2026.1.desktop
2026-10-01 14:03:42,438 DEBUG: com.xilinx.installer.shortcuts.lin.LinuxDesktopShortcut:-1 - Executing: gio set "/home/shen/Desktop/Vitis Python Console 2026.1.desktop" metadata::trusted true
2026-10-01 14:03:42,444 DEBUG: com.xilinx.installer.shortcuts.lin.LinuxDesktopShortcut:-1 - gio result: CmdResult [stdout=, stderr=, exitCode=0]
2026-10-01 14:03:42,445 DEBUG: com.xilinx.installer.workflow.Workflow:-1 - Creating shortcut: /home/shen/tools/Xilinx/vitis-embedded-2026.1/.xinstall/2026.1/xsetup args: -Uninstall  --filterPackage Vitis_SDK_Edition icon file: /home/shen/tools/Xilinx/vitis-embedded-2026.1/.xinstall/2026.1/data/images/xlnx_logo-256x256.png startIn: /home/shen/tools/Xilinx/vitis-embedded-2026.1/.xinstall/2026.1
2026-10-01 14:03:42,445 DEBUG: com.xilinx.installer.workflow.Workflow:-1 - Creating program group shortcut: /home/shen/tools/Xilinx/vitis-embedded-2026.1/.xinstall/2026.1/xsetup
2026-10-01 14:03:42,445 DEBUG: com.xilinx.installer.shortcuts.lin.XMLShortcutRoot:-1 - Checking shortcut file: /home/shen/.config/menus/applications-merged/AMD Adaptive SoC and FPGA Tools.menu
2026-10-01 14:03:42,446 DEBUG: com.xilinx.installer.shortcuts.lin.LinuxShortcutFile:-1 - Created new shortcut file /home/shen/.local/share/desktop-directories/AMD Adaptive SoC and FPGA Tools_1790834622445.directory
2026-10-01 14:03:42,446 DEBUG: com.xilinx.installer.shortcuts.lin.LinuxShortcutFile:-1 - Created new shortcut file /home/shen/.local/share/desktop-directories/Vitis 2026.1_1790834622446.directory
2026-10-01 14:03:42,446 DEBUG: com.xilinx.installer.shortcuts.lin.LinuxShortcutFile:-1 - Created new shortcut file /home/shen/.local/share/applications/Uninstall Vitis Embedded 2026.1_1790834622446.desktop
2026-10-01 14:03:42,446 DEBUG: com.xilinx.installer.shortcuts.lin.XMLShortcutRoot:-1 - Failed saving the shortcut menu file /home/shen/.config/menus/applications-merged/AMD Adaptive SoC and FPGA Tools.menu
java.io.FileNotFoundException: /home/shen/.config/menus/applications-merged/AMD Adaptive SoC and FPGA Tools.menu (No such file or directory)
	at java.base/java.io.FileOutputStream.open0(Native Method)
	at java.base/java.io.FileOutputStream.open(FileOutputStream.java:255)
	at java.base/java.io.FileOutputStream.<init>(FileOutputStream.java:210)
	at java.base/java.io.FileOutputStream.<init>(FileOutputStream.java:171)
	at com.xilinx.installer.shortcuts.lin.XMLShortcutRoot.save(Unknown Source)
	at l.b.a(Unknown Source)
	at l.d.a(Unknown Source)
	at com.xilinx.installer.workflow.Workflow.a(Unknown Source)
	at com.xilinx.installer.workflow.Workflow.a(Unknown Source)
	at com.xilinx.installer.workflow.Workflow.c(Unknown Source)
	at com.xilinx.installer.workflow.j.c(Unknown Source)
	at com.xilinx.installer.workflow.k.run(Unknown Source)
2026-10-01 14:03:42,448 DEBUG: com.xilinx.installer.workflow.Workflow:-1 - Creating shortcut: /home/shen/tools/Xilinx/vitis-embedded-2026.1/2026.1/Vitis/bin/vitis args: null icon file: /home/shen/tools/Xilinx/vitis-embedded-2026.1/2026.1/Vitis/doc/images/ide_icon.png startIn: /home/shen/tools/Xilinx/vitis-embedded-2026.1/2026.1/Vitis
2026-10-01 14:03:42,448 DEBUG: com.xilinx.installer.workflow.Workflow:-1 - Creating program group shortcut: /home/shen/tools/Xilinx/vitis-embedded-2026.1/2026.1/Vitis/bin/vitis
2026-10-01 14:03:42,448 DEBUG: com.xilinx.installer.shortcuts.lin.XMLShortcutRoot:-1 - Checking shortcut file: /home/shen/.config/menus/applications-merged/AMD Adaptive SoC and FPGA Tools.menu
2026-10-01 14:03:42,448 DEBUG: com.xilinx.installer.shortcuts.lin.LinuxShortcutFile:-1 - Created new shortcut file /home/shen/.local/share/desktop-directories/AMD Adaptive SoC and FPGA Tools_1790834622448.directory
2026-10-01 14:03:42,448 DEBUG: com.xilinx.installer.shortcuts.lin.LinuxShortcutFile:-1 - Created new shortcut file /home/shen/.local/share/desktop-directories/Vitis 2026.1_1790834622448.directory
2026-10-01 14:03:42,448 DEBUG: com.xilinx.installer.shortcuts.lin.LinuxShortcutFile:-1 - Created new shortcut file /home/shen/.local/share/applications/Vitis 2026.1_1790834622448.desktop
2026-10-01 14:03:42,448 DEBUG: com.xilinx.installer.shortcuts.lin.XMLShortcutRoot:-1 - Failed saving the shortcut menu file /home/shen/.config/menus/applications-merged/AMD Adaptive SoC and FPGA Tools.menu
java.io.FileNotFoundException: /home/shen/.config/menus/applications-merged/AMD Adaptive SoC and FPGA Tools.menu (No such file or directory)
	at java.base/java.io.FileOutputStream.open0(Native Method)
	at java.base/java.io.FileOutputStream.open(FileOutputStream.java:255)
	at java.base/java.io.FileOutputStream.<init>(FileOutputStream.java:210)
	at java.base/java.io.FileOutputStream.<init>(FileOutputStream.java:171)
	at com.xilinx.installer.shortcuts.lin.XMLShortcutRoot.save(Unknown Source)
	at l.b.a(Unknown Source)
	at l.d.a(Unknown Source)
	at com.xilinx.installer.workflow.Workflow.a(Unknown Source)
	at com.xilinx.installer.workflow.Workflow.a(Unknown Source)
	at com.xilinx.installer.workflow.Workflow.c(Unknown Source)
	at com.xilinx.installer.workflow.j.c(Unknown Source)
	at com.xilinx.installer.workflow.k.run(Unknown Source)
2026-10-01 14:03:42,448 DEBUG: com.xilinx.installer.workflow.Workflow:-1 - Creating shortcut: /home/shen/tools/Xilinx/vitis-embedded-2026.1/2026.1/Vitis/bin/vitis args: -i icon file: /home/shen/tools/Xilinx/vitis-embedded-2026.1/2026.1/Vitis/ide/electron-app/lnx64/resources/app/resources/icons/vitis-logo-latest.png startIn: /home/shen/tools/Xilinx/vitis-embedded-2026.1/2026.1/Vitis
2026-10-01 14:03:42,448 DEBUG: com.xilinx.installer.workflow.Workflow:-1 - Creating program group shortcut: /home/shen/tools/Xilinx/vitis-embedded-2026.1/2026.1/Vitis/bin/vitis
2026-10-01 14:03:42,448 DEBUG: com.xilinx.installer.shortcuts.lin.XMLShortcutRoot:-1 - Checking shortcut file: /home/shen/.config/menus/applications-merged/AMD Adaptive SoC and FPGA Tools.menu
2026-10-01 14:03:42,448 DEBUG: com.xilinx.installer.shortcuts.lin.LinuxShortcutFile:-1 - Created new shortcut file /home/shen/.local/share/desktop-directories/AMD Adaptive SoC and FPGA Tools_1790834622448.directory
2026-10-01 14:03:42,448 DEBUG: com.xilinx.installer.shortcuts.lin.LinuxShortcutFile:-1 - Created new shortcut file /home/shen/.local/share/desktop-directories/Vitis 2026.1_1790834622448.directory
2026-10-01 14:03:42,448 DEBUG: com.xilinx.installer.shortcuts.lin.LinuxShortcutFile:-1 - Created new shortcut file /home/shen/.local/share/applications/Vitis Python Console 2026.1_1790834622448.desktop
2026-10-01 14:03:42,448 DEBUG: com.xilinx.installer.shortcuts.lin.XMLShortcutRoot:-1 - Failed saving the shortcut menu file /home/shen/.config/menus/applications-merged/AMD Adaptive SoC and FPGA Tools.menu
java.io.FileNotFoundException: /home/shen/.config/menus/applications-merged/AMD Adaptive SoC and FPGA Tools.menu (No such file or directory)
	at java.base/java.io.FileOutputStream.open0(Native Method)
	at java.base/java.io.FileOutputStream.open(FileOutputStream.java:255)
	at java.base/java.io.FileOutputStream.<init>(FileOutputStream.java:210)
	at java.base/java.io.FileOutputStream.<init>(FileOutputStream.java:171)
	at com.xilinx.installer.shortcuts.lin.XMLShortcutRoot.save(Unknown Source)
	at l.b.a(Unknown Source)
	at l.d.a(Unknown Source)
	at com.xilinx.installer.workflow.Workflow.a(Unknown Source)
	at com.xilinx.installer.workflow.Workflow.a(Unknown Source)
	at com.xilinx.installer.workflow.Workflow.c(Unknown Source)
	at com.xilinx.installer.workflow.j.c(Unknown Source)
	at com.xilinx.installer.workflow.k.run(Unknown Source)
2026-10-01 14:03:42,448 DEBUG: com.xilinx.installer.workflow.Workflow:-1 - Will not create registry on Linux
2026-10-01 14:03:42,448 DEBUG: com.xilinx.installer.workflow.j:-1 - progress bar before scripts total tasks:4, remaining:3
2026-10-01 14:03:42,449 DEBUG: com.xilinx.installer.workflow.Workflow:-1 - Executing script Touch .vitis_embedded file.: /bin/touch [/home/shen/tools/Xilinx/vitis-embedded-2026.1/2026.1/Vitis/.vitis_embedded]
2026-10-01 14:03:42,456 DEBUG: com.xilinx.installer.utils.s:-1 - Created and using temporary directory for patching: /tmp/TMP_LD_LIB_PATH2026-10-01-14-02-00-1790834520/installer_patches_2026.1_2026.1_0616_170013080549576207395962
2026-10-01 14:03:42,461 DEBUG: i.l:-1 - Download to /tmp/TMP_LD_LIB_PATH2026-10-01-14-02-00-1790834520/installer_patches_2026.1_2026.1_0616_170013080549576207395962/installer_patch_2026.1_2026.1_0616_1700.zip
2026-10-01 14:03:42,461 DEBUG: i.l:-1 - File not exists or incomplete file /tmp/TMP_LD_LIB_PATH2026-10-01-14-02-00-1790834520/installer_patches_2026.1_2026.1_0616_170013080549576207395962/installer_patch_2026.1_2026.1_0616_1700.zip,  deleting and starting download from scratch.
2026-10-01 14:03:42,461 DEBUG: i.l:-1 - https download: https://download.amd.com/opendownload/installer/installer_patch_2026.1_2026.1_0616_1700.zip
2026-10-01 14:03:44,168 DEBUG: i.l:-1 - There is an error while downloading file: https://download.amd.com/opendownload/installer/installer_patch_2026.1_2026.1_0616_1700.zip
i.g: Http error is encountered when trying to download https://download.amd.com/opendownload/installer/installer_patch_2026.1_2026.1_0616_1700.zip. The required file is not found on the server.
	at i.l.l(Unknown Source)
	at i.l.c(Unknown Source)
	at com.xilinx.installer.utils.s.a(Unknown Source)
	at com.xilinx.installer.workflow.j.c(Unknown Source)
	at com.xilinx.installer.workflow.k.run(Unknown Source)
2026-10-01 14:03:44,168 DEBUG: com.xilinx.installer.utils.s:-1 - https://download.amd.com/opendownload/installer/installer_patch_2026.1_2026.1_0616_1700.zip does not exists.
2026-10-01 14:03:44,168 DEBUG: com.xilinx.installer.workflow.j:-1 - Installation Summary:
	 ToolsVitis Embedded Development
	|-- ✓ Vitis Embedded Development
	 Devices: Vitis Embedded Development

2026-10-01 14:03:44,169 DEBUG: com.xilinx.installer.utils.l:-1 - No selected modules provided
2026-10-01 14:03:44,169 DEBUG: com.xilinx.installer.utils.l:-1 - No new device families to add to installed devices file
2026-10-01 14:03:44,169 DEBUG: com.xilinx.installer.workflow.j:-1 - progress bar before installerfiles total tasks:4, remaining:1
2026-10-01 14:03:44,171 DEBUG: c.a:-1 - Create settings files for Module<?> Vitis Embedded Development
2026-10-01 14:03:44,172 DEBUG: c.a:-1 - Created settings file /home/shen/tools/Xilinx/vitis-embedded-2026.1/2026.1/Vitis/.settings64-Vitis_Embedded_Development.csh
2026-10-01 14:03:44,172 DEBUG: c.a:-1 - Create Module<?> settings file for platform LIN64
2026-10-01 14:03:44,172 DEBUG: c.a:-1 - Created settings file /home/shen/tools/Xilinx/vitis-embedded-2026.1/2026.1/Vitis/.settings64-Vitis_Embedded_Development.sh
2026-10-01 14:03:44,172 DEBUG: c.a:-1 - Create master settings files.
2026-10-01 14:03:44,172 DEBUG: c.a:-1 - Created settings file /home/shen/tools/Xilinx/vitis-embedded-2026.1/2026.1/Vitis/settings64.sh
2026-10-01 14:03:44,172 DEBUG: c.a:-1 - Created settings file /home/shen/tools/Xilinx/vitis-embedded-2026.1/2026.1/Vitis/settings64.csh
2026-10-01 14:03:44,296 DEBUG: com.xilinx.installer.workflow.Workflow:-1 - LaunchVlmString is
2026-10-01 14:03:44,296 DEBUG: com.xilinx.installer.registry.lin.a:-1 - refKey:Vitis_SDK_Edition, editionName:Vitis Embedded Development, version:2026.1, buildVersion:2026.1_0616_1700, uninstallExecutable:/home/shen/tools/Xilinx/vitis-embedded-2026.1/.xinstall/2026.1/xuninstall --filterPackage "Vitis_SDK_Edition", displayIcon:/home/shen/tools/Xilinx/vitis-embedded-2026.1/.xinstall/2026.1/xsetup.exe, xinstallDir:/home/shen/tools/Xilinx/vitis-embedded-2026.1/.xinstall/2026.1, installPath:/home/shen/tools/Xilinx/vitis-embedded-2026.1, progGroupFolder:AMD Adaptive SoC and FPGA Tools, launchVlmString:
2026-10-01 14:03:44,303 DEBUG: com.xilinx.installer.registry.lin.adapter.UninstallRegistryAdapter:-1 - refKey:XiC_MODULE, getRegEntryName:/home/shen/tools/Xilinx/2026.1/.xinstall/xic, version:2026.1, buildVersion:2026.1_0616_1700, getUninstallString:/home/shen/tools/Xilinx/2026.1/.xinstall/xic/xuninstall, displayIcon:null, getXinstallPath:/home/shen/tools/Xilinx/2026.1/.xinstall/xic, installPath:/home/shen/tools/Xilinx/2026.1, progGroupFolder:AMD Adaptive SoC and FPGA Tools, launchVlmString:
2026-10-01 14:03:44,304 DEBUG: com.xilinx.installer.registry.lin.adapter.UninstallRegistryAdapter:-1 - refKey:Vitis_SDK_Edition, getRegEntryName:/home/shen/tools/Xilinx/vitis-embedded-2026.1/.xinstall/2026.1, version:2026.1, buildVersion:2026.1_0616_1700, getUninstallString:/home/shen/tools/Xilinx/vitis-embedded-2026.1/.xinstall/2026.1/xuninstall --filterPackage "Vitis_SDK_Edition", displayIcon:null, getXinstallPath:/home/shen/tools/Xilinx/vitis-embedded-2026.1/.xinstall/2026.1, installPath:/home/shen/tools/Xilinx/vitis-embedded-2026.1, progGroupFolder:AMD Adaptive SoC and FPGA Tools, launchVlmString:
2026-10-01 14:03:44,304 DEBUG: com.xilinx.installer.registry.lin.adapter.UninstallRegistryAdapter:-1 - refKey:Vitis_Edition, getRegEntryName:/home/shen/tools/Xilinx/2026.1/.xinstall/2026.1, version:2026.1, buildVersion:2026.1_0616_1700, getUninstallString:/home/shen/tools/Xilinx/2026.1/.xinstall/2026.1/xuninstall --filterPackage "Vitis_Edition", displayIcon:null, getXinstallPath:/home/shen/tools/Xilinx/2026.1/.xinstall/2026.1, installPath:/home/shen/tools/Xilinx/2026.1, progGroupFolder:AMD Adaptive SoC and FPGA Tools, launchVlmString:/home/shen/tools/Xilinx/2026.1/2026.1/Vivado/bin/vlm null
2026-10-01 14:03:44,320 DEBUG: com.xilinx.installer.workflow.Workflow:-1 - Done saving the installation record in /home/shen/tools/Xilinx/vitis-embedded-2026.1/.xinstall/2026.1
2026-10-01 14:03:44,321 DEBUG: com.xilinx.installer.workflow.j:-1 - progress bar END total tasks:4, remaining:0
